path,guid,existsNow,serializedOwnerCount,serializedOwners,exactTextReferrerCount,exactTextReferrers,deleteAuthorized
Assets/NTSD/Sprite/Character/chiyo/chiyo.bmp,01deb624048b8f440b2dc07cd568836c,True,0,,0,,False
Assets/NTSD/Sprite/Character/chiyo/chiyo2.bmp,608cfb8ca2297a843a2eba95e1707aed,True,0,,0,,False
Assets/NTSD/Sprite/Character/chiyo/chiyo_f.bmp,8c2b4fa08a5a5f146a709b4ffb92c3af,True,0,,0,,False
Assets/NTSD/Sprite/Character/chiyo/chiyo_s.bmp,3e326be25cbafd34ba32a090257aba46,True,0,,0,,False
Assets/NTSD/Sprite/Character/deidara/deidara_0.bmp,acf347cbd9fa6d74cb9e29fce033f4c0,True,0,,0,,False
Assets/NTSD/Sprite/Character/deidara/deidara_2.bmp,b678215ebd2c34b4fa018cf7eeefe228,True,0,,0,,False
Assets/NTSD/Sprite/Character/deidara/deidara_3.bmp,18f2f386f4ddd094ca2671263955998c,True,0,,0,,False
Assets/NTSD/Sprite/Character/deidara/deidara_f.bmp,2f0a589bf7c411d48a0ba2337098132e,True,0,,0,,False
Assets/NTSD/Sprite/Character/deidara/deidara_s.bmp,4a77c3ecba9c79548b66b652df5f1d44,True,0,,0,,False
Assets/NTSD/Sprite/Character/deidara_bird/deidara_3.bmp,22d417018c2deec4592ef95e7406cf13,True,0,,0,,False
Assets/NTSD/Sprite/Character/deidara_bird/deidara_4.bmp,05608122e73c02846991fa622663c158,True,0,,0,,False
Assets/NTSD/Sprite/Character/deidara_bird/deidara_bird_f.bmp,1327781eaa9dd374e9a0b2874e5d1b3c,True,0,,0,,False
Assets/NTSD/Sprite/Character/deidara_bird/deidara_s.bmp,6fcde3f6013dc7f4e8c075a20be9ee1e,True,0,,0,,False
Assets/NTSD/Sprite/Character/gaara/gaara.bmp,7c9f30eb6fc05a94384bf726fcf34ad1,True,0,,0,,False
Assets/NTSD/Sprite/Character/gaara/gaara_2.bmp,6d864a0aa5561c14388d462455f5d5ab,True,0,,0,,False
Assets/NTSD/Sprite/Character/gaara/gaara_f.bmp,1003b8e0879e4744c8a973a97f470e71,True,0,,0,,False
Assets/NTSD/Sprite/Character/gaara/gaara_s.bmp,adbcce4aa4c2d0f408363af265f846c2,True,0,,0,,False
Assets/NTSD/Sprite/Character/hidan/hidan.bmp,46626468f7e51e44eb5f424856bdf8fc,True,0,,0,,False
Assets/NTSD/Sprite/Character/hidan/hidan_2.bmp,6db8c81d8b686944b9421c55e5f61542,True,0,,0,,False
Assets/NTSD/Sprite/Character/hidan/hidan_3.bmp,8e35a2ba22bf16b4c8e8bb5d1a56f41b,True,0,,0,,False
Assets/NTSD/Sprite/Character/hidan/hidan_4.bmp,13406408970b9d547a51e9ba1d16f848,True,0,,0,,False
Assets/NTSD/Sprite/Character/hidan/hidan_f.bmp,f8b403a7726fe8b489a968072c6d486c,True,0,,0,,False
Assets/NTSD/Sprite/Character/hidan/hidan_s.bmp,46262a5a8be74c049874a91ac4f3821c,True,0,,0,,False
Assets/NTSD/Sprite/Character/hidan/slashing_hidan.bmp,ad1e405ae133d1c4a83ca73106edfc72,True,0,,0,,False
Assets/NTSD/Sprite/Character/Hsasori/Hsasori.bmp,c55d98e35674a1e4ba62ef67c8638edb,True,0,,0,,False
Assets/NTSD/Sprite/Character/Hsasori/Hsasori_2.bmp,ccc17404430dcbc40af9cc592c3d3854,True,0,,0,,False
Assets/NTSD/Sprite/Character/Hsasori/Hsasori_3.bmp,9af834f168746704fb3181bb737aab63,True,0,,0,,False
Assets/NTSD/Sprite/Character/Hsasori/Hsasori_4.bmp,780a7538040e0a74cbe1a6ccfc3d8098,True,0,,0,,False
Assets/NTSD/Sprite/Character/Hsasori/Hsasori_f.bmp,662894266f8419a43a4c5101d3e1a4e1,True,0,,0,,False
Assets/NTSD/Sprite/Character/Hsasori/Hsasori_s.bmp,78b192fc51a9ec94c9b480fd9a61f87a,True,0,,0,,False
Assets/NTSD/Sprite/Character/hunter/claw_nin.bmp,ce9a7de8f0e7c10409ce1bac25458a85,True,0,,0,,False
Assets/NTSD/Sprite/Character/hunter/hunter_0.bmp,b9f8c78ae8bb64b4dba5872ec7e27b0d,True,0,,0,,False
Assets/NTSD/Sprite/Character/hunter/hunter_f.bmp,0134ed308efda7f489a6794e26905f2a,True,0,,0,,False
Assets/NTSD/Sprite/Character/hunter/hunter_s.bmp,b3395feb57afab641bc028623e0f3416,True,0,,0,,False
Assets/NTSD/Sprite/Character/itachi/itachi.bmp,a5d4a1610ae5d1f4d86f45019e257c29,True,0,,0,,False
Assets/NTSD/Sprite/Character/itachi/itachi_2.bmp,61d3d34d0d629e74ca5a99690401305a,True,0,,0,,False
Assets/NTSD/Sprite/Character/itachi/itachi_3.bmp,c436bb46d01dfaa49b0c13ad1dc9fed6,True,0,,0,,False
Assets/NTSD/Sprite/Character/itachi/itachi_4.bmp,6a5296dd0da0c2b4c904ef9306dae71a,True,0,,0,,False
Assets/NTSD/Sprite/Character/itachi/itachi_f.bmp,51523d80b7d0da94284c626be0c8a985,True,0,,0,,False
Assets/NTSD/Sprite/Character/itachi/itachi_s.bmp,3f01a567c8414444abab3f3824c26cf9,True,0,,0,,False
Assets/NTSD/Sprite/Character/jiraiya/jiraiya.bmp,df70c6ca128adb54fa31a7e6b141ea7b,True,0,,0,,False
Assets/NTSD/Sprite/Character/jiraiya/jiraiya_2.bmp,eb2a7d492d48f1c4db930a9c1801977d,True,0,,0,,False
Assets/NTSD/Sprite/Character/jiraiya/jiraiya_3.bmp,f5997c2af2d2ede4991d5ed197a3ed0e,True,0,,0,,False
Assets/NTSD/Sprite/Character/jiraiya/jiraiya_4.bmp,6fe6fc8f0ce325d4991c57d08bedff41,True,0,,0,,False
Assets/NTSD/Sprite/Character/jiraiya/jiraiya_f.bmp,e7519bed0e7489949b783882c33227bc,True,0,,0,,False
Assets/NTSD/Sprite/Character/jiraiya/jiraiya_s.bmp,4038b4f29260f714da1fd809c4ce4046,True,0,,0,,False
Assets/NTSD/Sprite/Character/jiroubou/cave.bmp,855e09e9c99987a42a0a0032bdbec52a,True,0,,0,,False
Assets/NTSD/Sprite/Character/jiroubou/jiroubou.bmp,ea5bfeaac3677dc4c9d1c05d1f3727c1,True,0,,0,,False
Assets/NTSD/Sprite/Character/jiroubou/jiroubou_2.bmp,4cdf9d0993f987c4c80329a187f438aa,True,0,,0,,False
Assets/NTSD/Sprite/Character/jiroubou/jiroubou_3.bmp,27664b33bea40814096ba1889f844005,True,0,,0,,False
Assets/NTSD/Sprite/Character/jiroubou/jiroubou_f.bmp,5493340f255492d4e9c8626378608e85,True,0,,0,,False
Assets/NTSD/Sprite/Character/jiroubou/jiroubou_s.bmp,a9c0c17e26d452d4b85039c2201272b4,True,0,,0,,False
Assets/NTSD/Sprite/Character/kabuto/kabuto.bmp,8cd5fd347d0faaa48adf753b3c85e40d,True,0,,0,,False
Assets/NTSD/Sprite/Character/kabuto/kabuto_2.bmp,16c01639a0d9c6d4fbd799a4e97a8367,True,0,,0,,False
Assets/NTSD/Sprite/Character/kabuto/kabuto_f.bmp,050bba2c36c3c19428bf89a3c2650fd0,True,0,,0,,False
Assets/NTSD/Sprite/Character/kabuto/kabuto_s.bmp,c01d1ba3f8469714086c6e17d8e1de48,True,0,,0,,False
Assets/NTSD/Sprite/Character/KakaShi/kakashi.bmp,24e706d141539504f9a8b78e2e97a11e,True,0,,0,,False
Assets/NTSD/Sprite/Character/KakaShi/kakashi_2.bmp,17e9d85b74a675c49b327467aab25935,True,0,,0,,False
Assets/NTSD/Sprite/Character/KakaShi/kakashi_f.bmp,9c6bec632505eea4b924df392ccc6ab1,True,0,,0,,False
Assets/NTSD/Sprite/Character/KakaShi/kakashi_s.bmp,60d6305beddcaa34ea3b2a9d4051e1e4,True,0,,0,,False
Assets/NTSD/Sprite/Character/kakuzu/hidan.bmp,a02b06c66cae6c24f8df150be1815e4b,True,0,,0,,False
Assets/NTSD/Sprite/Character/kakuzu/kakuzu.bmp,528fbe75d36ad2645953be96f7c3e16b,True,0,,0,,False
Assets/NTSD/Sprite/Character/kakuzu/kakuzu3.bmp,23e9552a5c7b5734eac935941fad183e,True,0,,0,,False
Assets/NTSD/Sprite/Character/kakuzu/kakuzu4.bmp,bb91b37531753c7468303db4548f369a,True,0,,0,,False
Assets/NTSD/Sprite/Character/kakuzu/kakuzu_f.bmp,42e9b2bbe35bee64aa1f89730542b6f4,True,0,,0,,False
Assets/NTSD/Sprite/Character/kakuzu/kakuzu_s.bmp,32ec3568ca026e541a908955ed0a9eac,True,0,,0,,False
Assets/NTSD/Sprite/Character/kankuro/kankuro.bmp,15518744ffd80224eb675afe58c6d1e6,True,0,,0,,False
Assets/NTSD/Sprite/Character/kankuro/kankuro_2.bmp,352cdaf8ad7f43748ad1d02d3b52baf0,True,0,,0,,False
Assets/NTSD/Sprite/Character/kankuro/kankuro_f.bmp,1465d17e6baf9244881250f1172f8a5c,True,0,,0,,False
Assets/NTSD/Sprite/Character/kankuro/kankuro_s.bmp,b65f7a9d6794f144f9ff90a7eee06053,True,0,,0,,False
Assets/NTSD/Sprite/Character/kiba/deidara_2.bmp,23b5ed0b9a981df4ab19c0720e895223,True,0,,0,,False
Assets/NTSD/Sprite/Character/kiba/kiba_0.bmp,7c51079a6036ccb4f8f045b100796af4,True,0,,0,,False
Assets/NTSD/Sprite/Character/kiba/kiba_2.bmp,8a778a9655497464b99281f1c96b774b,True,0,,0,,False
Assets/NTSD/Sprite/Character/kiba/kiba_f.bmp,dd4fc038a7ae6fb47b1462b0d7ea3f30,True,0,,0,,False
Assets/NTSD/Sprite/Character/kiba/kiba_s.bmp,e7e10a0346801404e9a3c2797ce3b9b9,True,0,,0,,False
Assets/NTSD/Sprite/Character/kidomaru/kidomaru.bmp,b07422ffd0534494eb530645d0c1b60a,True,0,,0,,False
Assets/NTSD/Sprite/Character/kidomaru/kidomaru_2.bmp,2e8a2e3838b66e0469871755a6d0e2ac,True,0,,0,,False
Assets/NTSD/Sprite/Character/kidomaru/kidomaru_3.bmp,ff605fcca6d903b449f548bb771e6fa7,True,0,,0,,False
Assets/NTSD/Sprite/Character/kidomaru/kidomaru_f.bmp,62d3d9662c8f3e440ace2181cda39bea,True,0,,0,,False
Assets/NTSD/Sprite/Character/kidomaru/kidomaru_s.bmp,e5cde1cfa5574ac488dd65a1293469f3,True,0,,0,,False
Assets/NTSD/Sprite/Character/kisame/kisame_0.bmp,e984e848e7f58a743aad5dd229800e3e,True,0,,0,,False
Assets/NTSD/Sprite/Character/kisame/kisame_2.bmp,51d0d505e9b252940afebcadee88c0df,True,0,,0,,False
Assets/NTSD/Sprite/Character/kisame/kisame_3.bmp,c5af755dd06e2544ea739bf87def0704,True,0,,0,,False
Assets/NTSD/Sprite/Character/kisame/kisame_f.bmp,7f17842ff63cd4348a26f04ba7428542,True,0,,0,,False
Assets/NTSD/Sprite/Character/kisame/kisame_s.bmp,8fdbc0439c17eb248ba1414ca718f87b,True,0,,0,,False
Assets/NTSD/Sprite/Character/kyubi/4tk.bmp,566fa4f7c2ffc8c42bf0f28810d5dbd4,True,0,,0,,False
Assets/NTSD/Sprite/Character/kyubi/4tk2.bmp,ffece8a39ae48e143941a550a6e522fa,True,0,,0,,False
Assets/NTSD/Sprite/Character/kyubi/kyubi.bmp,b1d2f5abec51f6442aa1347c65b8b3bd,True,0,,0,,False
Assets/NTSD/Sprite/Character/kyubi/kyubi_3.bmp,14f961b7f5438d044aaac860d139f1ad,True,0,,0,,False
Assets/NTSD/Sprite/Character/kyubi/kyubi_f.bmp,e511e180dd3c99f4b9c6ce87daf4941d,True,0,,0,,False
Assets/NTSD/Sprite/Character/kyubi/kyubi_s.bmp,dc04879e34f58f149bae65af47020bcc,True,0,,0,,False
Assets/NTSD/Sprite/Character/kyubi/naruto_2.bmp,6b1da239efc8bc34683d8aab7284c9d4,True,0,,0,,False
Assets/NTSD/Sprite/Character/MingRen/naruto_0.bmp,4910ea141c38d0743a43d3a0789613f3,True,0,,1,Assets/NTSD/Scripts/Animation/Rendering/Editor/BattleSpriteGridSeparatorEditorTests.cs,False
Assets/NTSD/Sprite/Character/MingRen/naruto_2.bmp,7eede661ae05cf445af227a542300894,True,0,,0,,False
Assets/NTSD/Sprite/Character/MingRen/naruto_clone_f.bmp,dea33498c4a76234aa0e9bf7f8f6cea6,True,0,,0,,False
Assets/NTSD/Sprite/Character/MingRen/naruto_f.bmp,43d5902f80a5abb43bc55177e224425e,True,0,,0,,False
Assets/NTSD/Sprite/Character/MingRen/naruto_s.bmp,1ac08583b5d010f42a1e5888c4f017bf,True,0,,0,,False
Assets/NTSD/Sprite/Character/nckakuzu/nckakuzu.bmp,fc525212b48bbbd4d821f7a5728e1ce5,True,0,,0,,False
Assets/NTSD/Sprite/Character/nckakuzu/nckakuzu_1.bmp,05368d51895d7274b905205957bf4a01,True,0,,0,,False
Assets/NTSD/Sprite/Character/nckakuzu/nckakuzu_f.bmp,48364c6dc46182647be9fa5c71c2ff1e,True,0,,0,,False
Assets/NTSD/Sprite/Character/nckakuzu/nckakuzu_s.bmp,b8fbe2723194b784aa83e372d581b325,True,0,,0,,False
Assets/NTSD/Sprite/Character/neji/hakke.bmp,3b1591bde3835bd48a6b3dfd879cc54b,True,0,,0,,False
Assets/NTSD/Sprite/Character/neji/neji_0.bmp,f41ff397b879db543bb61a5b196d41e9,True,0,,0,,False
Assets/NTSD/Sprite/Character/neji/neji_1.bmp,7d44c092e88797e4e940f884a9eba8ca,True,0,,0,,False
Assets/NTSD/Sprite/Character/neji/neji_2.bmp,ba82d86af58e9e742ba4ce794ebe19cd,True,0,,0,,False
Assets/NTSD/Sprite/Character/neji/neji_f.bmp,0e8613e6e1ce7734e8a304dbcfbeb111,True,0,,0,,False
Assets/NTSD/Sprite/Character/neji/neji_s.bmp,cde355920cec8e548a5c05a75ecc6d59,True,0,,0,,False
Assets/NTSD/Sprite/Character/orochimaru/orochimaru.bmp,002f9c8a2af1ce64fb6caedc7d56162a,True,0,,0,,False
Assets/NTSD/Sprite/Character/orochimaru/orochimaru_2.bmp,f73a654b9e8883e4a8d5a37e4b69eca3,True,0,,0,,False
Assets/NTSD/Sprite/Character/orochimaru/orochimaru_3.bmp,c10ec2f235347a0439c913575bda2d15,True,0,,0,,False
Assets/NTSD/Sprite/Character/orochimaru/orochimaru_f.bmp,a015e2fef4ef27c448aa9b06c4a09db6,True,0,,0,,False
Assets/NTSD/Sprite/Character/orochimaru/orochimaru_s.bmp,dd37a0d3092b6f546a9ab373253e6830,True,0,,0,,False
Assets/NTSD/Sprite/Character/pein/pein.bmp,aee4b0265fca280498ea1812303c82ec,True,0,,0,,False
Assets/NTSD/Sprite/Character/pein/pein_2.bmp,0c7b24a6cacfae742a0cb5a0f48dc3f9,True,0,,0,,False
Assets/NTSD/Sprite/Character/pein/pein_f.bmp,cb760b34a940d6d4ab10a614d2d7c35c,True,0,,0,,False
Assets/NTSD/Sprite/Character/pein/pein_s.bmp,ab4148cf2b8024e46b7f3da07086358a,True,0,,0,,False
Assets/NTSD/Sprite/Character/puppet_sasori/puppet_3.bmp,e3e9b36bfbca4954389152b13f05797d,True,0,,0,,False
Assets/NTSD/Sprite/Character/puppet_sasori/puppet_4.bmp,659c4d36210ef2643b20f65333eb5756,True,0,,0,,False
Assets/NTSD/Sprite/Character/puppet_sasori/puppet_f.bmp,16a5fc7d2d524fc4b9716b6fdd409083,True,0,,0,,False
Assets/NTSD/Sprite/Character/puppet_sasori/puppet_s.bmp,37e12371f3d9e1d46bbc5f52118293ab,True,0,,0,,False
Assets/NTSD/Sprite/Character/reaper/reaper.bmp,ad193891d6b0c9b4289be9e6eb46da6d,True,0,,0,,False
Assets/NTSD/Sprite/Character/reaper/reaper_2.bmp,c44059b80fff54a4eb36fcca64ac8add,True,0,,0,,False
Assets/NTSD/Sprite/Character/reaper/reaper_3.bmp,861ff487f3e95d9499b89e8b851001c4,True,0,,0,,False
Assets/NTSD/Sprite/Character/reaper/reaper_4.bmp,300cc8de4909b69469a98b4aa29cee12,True,0,,0,,False
Assets/NTSD/Sprite/Character/reaper/reaper_f.bmp,5532808b89fbaca4a837807de52d13b7,True,0,,0,,False
Assets/NTSD/Sprite/Character/reaper/reaper_s.bmp,d2b61f1d53c783b48940fe187f164ba2,True,0,,0,,False
Assets/NTSD/Sprite/Character/reaper/slashing_reaper.bmp,032c76cad2e072945884f7beafc67107,True,0,,0,,False
Assets/NTSD/Sprite/Character/rock_lee/gaara_2.bmp,021310634d8d1f3499cda2effec5c138,True,0,,0,,False
Assets/NTSD/Sprite/Character/rock_lee/lee_f.bmp,17f31c4c6e9b99c43ac28f154a0ea092,True,0,,0,,False
Assets/NTSD/Sprite/Character/rock_lee/rock_lee.bmp,cc8a0af6a30b0f1498264fc14c1d0a20,True,0,,0,,False
Assets/NTSD/Sprite/Character/rock_lee/rock_lee2.bmp,ff6e1784aead8a540b260c43d2953384,True,0,,0,,False
Assets/NTSD/Sprite/Character/rock_lee/rock_lee_s.bmp,d53645404a83d2345b1457f8bca15c90,True,0,,0,,False
Assets/NTSD/Sprite/Character/sai/sai_0.bmp,87329ffaa12de394ca2f4c42e6251e25,True,0,,0,,False
Assets/NTSD/Sprite/Character/sai/sai_1.bmp,ee7020f11d7195645af4d8c154f18148,True,0,,0,,False
Assets/NTSD/Sprite/Character/sai/sai_bird.bmp,385e156b8987eb341a7a797aa2f3fecc,True,0,,0,,False
Assets/NTSD/Sprite/Character/sai/sai_f.bmp,b26dd5f29a2343141ba7cff6e4e688fe,True,0,,0,,False
Assets/NTSD/Sprite/Character/sai/sai_s.bmp,1fa4393360770a2409753e701f5fa30a,True,0,,0,,False
Assets/NTSD/Sprite/Character/sakon/sakon.bmp,8fe3b740d42e1104290e3135c9643e39,True,0,,0,,False
Assets/NTSD/Sprite/Character/sakon/sakon2.bmp,5afe5e1b74673724fbcdf1f173cdbaa1,True,0,,0,,False
Assets/NTSD/Sprite/Character/sakon/sakon_f.bmp,e629689b34e2cec44a6f6fe96346243e,True,0,,0,,False
Assets/NTSD/Sprite/Character/sakon/sakon_s.bmp,790ead926e44ad2468baac20d164f938,True,0,,0,,False
Assets/NTSD/Sprite/Character/sand_creature/sand_creature.bmp,dea9652d57f5ec940bba4f7d9bd2fa67,True,0,,0,,False
Assets/NTSD/Sprite/Character/sand_creature/sand_creature2.bmp,9ce44556beee00a419aff49b507442ba,True,0,,0,,False
Assets/NTSD/Sprite/Character/sand_creature/sand_f.bmp,7b3dafc3f7a21ad49b9eec15aa30e30f,True,0,,0,,False
Assets/NTSD/Sprite/Character/sand_creature/sand_s.bmp,7fec438d7e4a0c9499f505aaaf159a9e,True,0,,0,,False
Assets/NTSD/Sprite/Character/sasori/sasori.bmp,b59fcb18b5d6e6548b85351e14ba30e2,True,0,,0,,False
Assets/NTSD/Sprite/Character/sasori/sasori_2.bmp,ea95a466ad1a75341b323ff3dc85a702,True,0,,0,,False
Assets/NTSD/Sprite/Character/sasori/sasori_3.bmp,b5ad5febab3ba824083ed38c4a92760d,True,0,,0,,False
Assets/NTSD/Sprite/Character/sasori/sasori_f.bmp,ef9a20820672d984babc5646b6a45bab,True,0,,0,,False
Assets/NTSD/Sprite/Character/sasori/sasori_s.bmp,57bdf23d08701c049b8673f5c8a0946e,True,0,,0,,False
Assets/NTSD/Sprite/Character/sasuke_cs2/deidara_2.bmp,9ab433c515164584380ca128d426a845,True,0,,0,,False
Assets/NTSD/Sprite/Character/sasuke_cs2/sasuke_cs2.bmp,ecaa0c35016ef4e4b8980ccd69d8989b,True,0,,0,,False
Assets/NTSD/Sprite/Character/sasuke_cs2/sasuke_cs2_2.bmp,2fbc167961fba0845b1799c2ea0f6a4a,True,0,,0,,False
Assets/NTSD/Sprite/Character/sasuke_cs2/sasuke_cs2_f.bmp,83eacbb56caf3764d9d7f9ee6ceb5225,True,0,,0,,False
Assets/NTSD/Sprite/Character/sasuke_cs2/sasuke_cs2_s.bmp,c896bf4a97cb5a74193419f6b0302901,True,0,,0,,False
Assets/NTSD/Sprite/Character/shikamaru/shikamaru.bmp,8d3735cac4db3b74089ef14a2dc5a560,True,0,,0,,False
Assets/NTSD/Sprite/Character/shikamaru/shikamaru2.bmp,cc9a0f655e3250a42b742f59b38d2697,True,0,,0,,False
Assets/NTSD/Sprite/Character/shikamaru/shikamaru_f.bmp,7189e26c4e2aeb24db55f775ce8719da,True,0,,0,,False
Assets/NTSD/Sprite/Character/shikamaru/shikamaru_s.bmp,c91d846c0639363428ba42eae84cbb76,True,0,,0,,False
Assets/NTSD/Sprite/Character/shino/shino.bmp,860c27d9b2360ab4aa91aa25cbf9a5bf,True,0,,0,,False
Assets/NTSD/Sprite/Character/shino/shino_2.bmp,838d42c2bca5e1d44be7ced4351bb2d0,True,0,,0,,False
Assets/NTSD/Sprite/Character/shino/shino_f.bmp,f3ca3248893c0b64aab3a5080436842e,True,0,,0,,False
Assets/NTSD/Sprite/Character/shino/shino_s.bmp,47904c0d07ab58a42a2c91ed9a482ffa,True,0,,0,,False
Assets/NTSD/Sprite/Character/sound_nin/manda2.bmp,5b9177dc271c4b94eb7f64532f84efd7,True,0,,0,,False
Assets/NTSD/Sprite/Character/sound_nin/manda3.bmp,820b951450d729e47973acabf49d3be9,True,0,,0,,False
Assets/NTSD/Sprite/Character/sound_nin/sand_nin.bmp,5d667d9e70887784cae911d4d5218078,True,0,,0,,False
Assets/NTSD/Sprite/Character/sound_nin/sound_nin.bmp,dd8a50d4a859ace4ab9547b9ec778b8d,True,0,,0,,False
Assets/NTSD/Sprite/Character/sound_nin/sound_nin_f.bmp,4e0c710afd57d2349b0169754854f890,True,0,,0,,False
Assets/NTSD/Sprite/Character/sound_nin/sound_nin_s.bmp,85523637507df864eaa37317d3accd60,True,0,,0,,False
Assets/NTSD/Sprite/Character/sound_nin2/sound_nin2.bmp,958daccca74833f4d98dab3677f8ce17,True,0,,0,,False
Assets/NTSD/Sprite/Character/sound_nin2/sound_nin2_f.bmp,c5b82a085081daf4cb4b18466e3bc6e1,True,0,,0,,False
Assets/NTSD/Sprite/Character/sound_nin2/sound_nin2_s.bmp,22a4ffbbc35c6764bbcb8b1fdc688c4d,True,0,,0,,False
Assets/NTSD/Sprite/Character/tayuya/jiroubou.bmp,6401d33336e4e3f4c97a57140e9950d3,True,0,,0,,False
Assets/NTSD/Sprite/Character/tayuya/tayuya.bmp,12f83e256b2ce454badc04d78926e635,True,0,,0,,False
Assets/NTSD/Sprite/Character/tayuya/tayuya_f.bmp,883abdc476e829146bbd0022e78c83c5,True,0,,0,,False
Assets/NTSD/Sprite/Character/tayuya/tayuya_s.bmp,498424dd4c40d1440aee2606fdfdeb4b,True,0,,0,,False
Assets/NTSD/Sprite/Character/temari/temari.bmp,ade265d726749af45b1e1f2fab025cf8,True,0,,0,,False
Assets/NTSD/Sprite/Character/temari/temari_2.bmp,cdf54569335d0804ca4660446042b06b,True,0,,0,,False
Assets/NTSD/Sprite/Character/temari/temari_f.bmp,ec214241c52a42b4ca8919610c8c6313,True,0,,0,,False
Assets/NTSD/Sprite/Character/temari/temari_s.bmp,e15e83ebefb510047b17ee9ad76aa8bd,True,0,,0,,False
Assets/NTSD/Sprite/Character/tenten/temari_2.bmp,5f49a8178d0d1c040aacfe7004533bf6,True,0,,0,,False
Assets/NTSD/Sprite/Character/tenten/ten_ten_0.bmp,2b61b7748a7d6404fb21dfd3fd5c1de3,True,0,,0,,False
Assets/NTSD/Sprite/Character/tenten/ten_ten_3.bmp,ceb8c93d20eaf0741876059059b34b93,True,0,,0,,False
Assets/NTSD/Sprite/Character/tenten/ten_ten_f.bmp,8cb3b8486ad47074f8f519f70c813e8b,True,0,,0,,False
Assets/NTSD/Sprite/Character/tenten/ten_ten_s.bmp,bea0d9cd2bc0b964e8de5225e150c4d5,True,0,,0,,False
Assets/NTSD/Sprite/Character/XiaoYing/sakura.bmp,c3558b297fa81d2409930c9326253564,True,0,,0,,False
Assets/NTSD/Sprite/Character/XiaoYing/sakura_2.bmp,91049a5a6ee5ee94b81b450f98c0ab87,True,0,,0,,False
Assets/NTSD/Sprite/Character/XiaoYing/sakura_f.bmp,d0e1550d0832297479196dafa8eecb46,True,0,,0,,False
Assets/NTSD/Sprite/Character/XiaoYing/sakura_s.bmp,19e3abeb404fb824aa7c6949c6bf4f67,True,0,,0,,False
Assets/NTSD/Sprite/Character/yamato/kakashi_2.bmp,732fdfe2c2d5e2141a645da18e947c06,True,0,,0,,False
Assets/NTSD/Sprite/Character/yamato/yamato.bmp,d47e64c95c81896498cdb0749017737a,True,0,,0,,False
Assets/NTSD/Sprite/Character/yamato/yamato_3.bmp,e73f81ed4d42b72478eb136275f4daa2,True,0,,0,,False
Assets/NTSD/Sprite/Character/yamato/yamato_4.bmp,b7e15cacc02e6934f9f2a65fdc070a00,True,0,,0,,False
Assets/NTSD/Sprite/Character/yamato/yamato_f.bmp,077647d4ade45a94281adeb014e681b7,True,0,,0,,False
Assets/NTSD/Sprite/Character/yamato/yamato_s.bmp,9ca1fe79877b74b4e82dc7407d6bd35c,True,0,,0,,False
Assets/NTSD/Sprite/Character/Zuozhu/deidara_2.bmp,9740891dcb123d9418b7ee27584cd83b,True,0,,0,,False
Assets/NTSD/Sprite/Character/Zuozhu/sasuke_0.bmp,6d174fff55a50784d9bbf85531fb7d86,True,0,,1,Assets/NTSD/Scripts/Animation/Rendering/Editor/BattleSpriteGridSeparatorEditorTests.cs,False
Assets/NTSD/Sprite/Character/Zuozhu/sasuke_2.bmp,226e4974e764bb944bbad19b7edeb83e,True,0,,0,,False
Assets/NTSD/Sprite/Character/Zuozhu/sasuke_f.bmp,2641b5f10f375974dbb99353f9af97dd,True,0,,0,,False
Assets/NTSD/Sprite/Character/Zuozhu/sasuke_s.bmp,23525a76e826aad4081b91115e6107e0,True,0,,0,,False
Assets/NTSD/Sprite/Effect/4tk_arm.bmp,060ff274e00cd134c9333c9c44d67679,True,0,,0,,False
Assets/NTSD/Sprite/Effect/4tk_bal2.bmp,696fe70551ed9154496ab7e3d82b3f1c,True,0,,0,,False
Assets/NTSD/Sprite/Effect/4tk_bal3.bmp,dcc9e9ee9a376604782dfcca2e2801b7,True,0,,0,,False
Assets/NTSD/Sprite/Effect/4tk_ball.bmp,35d2b00776acc01419e4a6b95f769548,True,0,,0,,False
Assets/NTSD/Sprite/Effect/4tk_beam.bmp,796ccdf3d2cf2e145a022165e69ad170,True,0,,0,,False
Assets/NTSD/Sprite/Effect/4tk_beam2.bmp,518ba4a07f401d94e87936c4a87f1d15,True,0,,0,,False
Assets/NTSD/Sprite/Effect/4tk_ex.bmp,f2e557fdbf942014c8dd57f8418d72cc,True,0,,0,,False
Assets/NTSD/Sprite/Effect/4tk_ex2.bmp,06e432d5e45295348a896005368c362d,True,0,,0,,False
Assets/NTSD/Sprite/Effect/air_creature.bmp,70b44d477b1d8984fa2858dc8c59376b,True,0,,0,,False
Assets/NTSD/Sprite/Effect/amaterasu.bmp,00014d65fcb2f0649a0e4340106d2833,True,0,,0,,False
Assets/NTSD/Sprite/Effect/area.bmp,cc66079b930eefe418b7b34ea30b042b,True,0,,0,,False
Assets/NTSD/Sprite/Effect/big_dog.bmp,78060fb87341b8148a1b2285ecc32ad1,True,0,,0,,False
Assets/NTSD/Sprite/Effect/big_smoke.bmp,eeb62758c6c800d478d86870cd0d6201,True,0,,0,,False
Assets/NTSD/Sprite/Effect/black.bmp,6e19d96833ee02142880e65e2fd55a4d,True,0,,0,,False
Assets/NTSD/Sprite/Effect/blood.bmp,b02c9d0bfe37c6148a0a5935109e08e4,True,0,,0,,False
Assets/NTSD/Sprite/Effect/bones.bmp,c9c6291f5e3025b4e8e58d1ee168a260,True,0,,0,,False
Assets/NTSD/Sprite/Effect/bugs1.bmp,163f0436444416a45b34d9fd15abed7d,True,0,,0,,False
Assets/NTSD/Sprite/Effect/bugs2.bmp,dc0c1009aed012348adecfd16034a86f,True,0,,0,,False
Assets/NTSD/Sprite/Effect/cave.bmp,e22f82cb2e4eaaa4e943c37f4d8bddc3,True,0,,0,,False
Assets/NTSD/Sprite/Effect/charge.bmp,2ff7532cdb4b5ab459cd7ba0a9d81b1d,True,0,,0,,False
Assets/NTSD/Sprite/Effect/charge2.bmp,eb6ef73a6d4d3b148acf777421b69b6d,True,0,,0,,False
Assets/NTSD/Sprite/Effect/chidori.bmp,0c621fa800cb3f94695a73abeeb6424c,True,0,,0,,False
Assets/NTSD/Sprite/Effect/chidori_2.bmp,43e18f816a10d9147989c58826bb7b2a,True,0,,0,,False
Assets/NTSD/Sprite/Effect/chiyo_chakra.bmp,d8e4ec2dd2f4ebd49b300d98dd10ceb4,True,0,,0,,False
Assets/NTSD/Sprite/Effect/chiyo_kunais.bmp,dd48176c776941c469381c50c3fa63dc,True,0,,0,,False
Assets/NTSD/Sprite/Effect/chiyo_puppet_2.bmp,ec9e4c6eb32ff11499826ff330460195,True,0,,0,,False
Assets/NTSD/Sprite/Effect/circle.bmp,3784576371e14974091933bf4110a535,True,0,,0,,False
Assets/NTSD/Sprite/Effect/circle2.bmp,b982a1ea3b4844f4a810916699fa6c73,True,0,,0,,False
Assets/NTSD/Sprite/Effect/clay_bird.bmp,ff7720c0692a9ac4fa340285d8b52f9e,True,0,,0,,False
Assets/NTSD/Sprite/Effect/clay_bird2.bmp,749a40604f72bce4ea863e19d7884709,True,0,,0,,False
Assets/NTSD/Sprite/Effect/clay_worm.bmp,3022688e4b2fa094aaa2117a5cf7d7eb,True,0,,0,,False
Assets/NTSD/Sprite/Effect/coffin.bmp,6181484eb6614ea4d99e47c136854687,True,0,,0,,False
Assets/NTSD/Sprite/Effect/crow.bmp,a49380392d7fb0a47b34bbbc40f80acc,True,0,,0,,False
Assets/NTSD/Sprite/Effect/crow2.bmp,a4a4494598e87f14fbe21025f8a8d79d,True,0,,0,,False
Assets/NTSD/Sprite/Effect/death.bmp,50ade2b8abff49043b233ade57bf983a,True,0,,0,,False
Assets/NTSD/Sprite/Effect/death2.bmp,b962181ddcc878b4cb452f3cb4e813f8,True,0,,0,,False
Assets/NTSD/Sprite/Effect/doggy.bmp,ecbb02b20c0b57e4f99e000caffbeb7d,True,0,,0,,False
Assets/NTSD/Sprite/Effect/dragon.bmp,aa68f7a3105a7fc4eb97edb968b996be,True,0,,0,,False
Assets/NTSD/Sprite/Effect/drunken.bmp,eeec9a8b74a4f654eb6d4c5355b28123,True,0,,0,,False
Assets/NTSD/Sprite/Effect/earth_creature.bmp,e95de73210884cd49a603f15058ad71f,True,0,,0,,False
Assets/NTSD/Sprite/Effect/evil.bmp,07d097807419c3849bf4b8ee50deb85d,True,0,,0,,False
Assets/NTSD/Sprite/Effect/feather.bmp,47bc778ef7ca9ed47b47fd061c713531,True,0,,0,,False
Assets/NTSD/Sprite/Effect/fire_creature.bmp,b04f9c8518dd1074ea1a70ca107e66c9,True,0,,0,,False
Assets/NTSD/Sprite/Effect/firen_exp.bmp,d032020d224b885439b5f7828dcaff3f,True,0,,0,,False
Assets/NTSD/Sprite/Effect/firen_flame.bmp,7b6c48715ef40bc4eabefa27ec26d479,True,0,,0,,False
Assets/NTSD/Sprite/Effect/firen_grd.bmp,27dd22476305bfc44a0770c791276915,True,0,,0,,False
Assets/NTSD/Sprite/Effect/flash.bmp,d8e735212782d8642a712a9f8b654b65,True,0,,0,,False
Assets/NTSD/Sprite/Effect/freeze_col.bmp,ca2ef69c542e2fa4f8f07f1a171e1380,True,0,,0,,False
Assets/NTSD/Sprite/Effect/freeze_ww.bmp,a0b5aaf98d47e6d43b89ef10e367bf5e,True,0,,0,,False
Assets/NTSD/Sprite/Effect/frog.bmp,1c4e94421db8bd44faee946c6a4a872e,True,0,,0,,False
Assets/NTSD/Sprite/Effect/g_smoke.bmp,ddddd6bc932a21a4e95bd46619446dda,True,0,,0,,False
Assets/NTSD/Sprite/Effect/g_smoke2.bmp,8b0e55f3ecbd46142b862d689b9a79a5,True,0,,0,,False
Assets/NTSD/Sprite/Effect/genjutsu1.bmp,98cb8ba00edccb841b42aef564dfbb20,True,0,,0,,False
Assets/NTSD/Sprite/Effect/genjutsu2.bmp,7eedcbef0672e77418c274cdf8c958f8,True,0,,0,,False
Assets/NTSD/Sprite/Effect/genjutsu3.bmp,399868f646d1fdb4e81f6aacaf89d725,True,0,,0,,False
Assets/NTSD/Sprite/Effect/genjutsu4.bmp,b08028be7b301094aaaf1998a2ac44ef,True,0,,0,,False
Assets/NTSD/Sprite/Effect/genjutsu5.bmp,2bf7a7d716963bb48b510fdbf7e62cbc,True,0,,0,,False
Assets/NTSD/Sprite/Effect/genjutsu_t.bmp,f82e018b340f6b348a15d2f42c1bbec8,True,0,,0,,False
Assets/NTSD/Sprite/Effect/gray.bmp,49bda821c4dba0045abc19fe202dbae7,True,0,,0,,False
Assets/NTSD/Sprite/Effect/ground.bmp,523fcdca881167a41bd3d0477011b1ee,True,0,,0,,False
Assets/NTSD/Sprite/Effect/hakke.bmp,e6b25d01fcbb9974dad8ee551456f83a,True,0,,0,,False
Assets/NTSD/Sprite/Effect/hakke_blast.bmp,9e7fb543dcf7c99438857937dfcccb1e,True,0,,0,,False
Assets/NTSD/Sprite/Effect/hakke_blast2.bmp,d954bb0476375aa408ddb430596d1200,True,0,,0,,False
Assets/NTSD/Sprite/Effect/hakke_blast3.bmp,1b6d162b94f6bb94a9a93e8ebf2c1322,True,0,,0,,False
Assets/NTSD/Sprite/Effect/heart.bmp,ce6d91c2b217cef4f9e9da753df643f2,True,0,,0,,False
Assets/NTSD/Sprite/Effect/ink.bmp,bf8254a92d4966c4cad09163a7bace84,True,0,,0,,False
Assets/NTSD/Sprite/Effect/ink2.bmp,5cc7ab9a43e1dc544906178f8087f3fc,True,0,,0,,False
Assets/NTSD/Sprite/Effect/iron_sand.bmp,d3a6798d0f2f6c44693dacd80b06fc3c,True,0,,0,,False
Assets/NTSD/Sprite/Effect/itachi_exp.bmp,b8dd4786f97b09c4f9d46a57c6898d0a,True,0,,0,,False
Assets/NTSD/Sprite/Effect/jan_chaseh.bmp,0961c36fac8dd3747878e848c465a29f,True,0,,0,,False
Assets/NTSD/Sprite/Effect/jiraiya_4.bmp,644a8aa3155f06d44b56d8366efe3e73,True,0,,0,,False
Assets/NTSD/Sprite/Effect/jiroubou_rock.bmp,f6f8cfcb4f7ccac44b132c44867c3707,True,0,,0,,False
Assets/NTSD/Sprite/Effect/jiroubou_rock1.bmp,925441cdca537c24f805296b1aef9ada,True,0,,0,,False
Assets/NTSD/Sprite/Effect/julian_col.bmp,f0f554ca08c1f16469390d223bc76116,True,0,,0,,False
Assets/NTSD/Sprite/Effect/julian_col2.bmp,981331ae68741844581a3b690e83e938,True,0,,0,,False
Assets/NTSD/Sprite/Effect/kakuzu_exp.bmp,64185e300b00e2348b7a8e47331a194a,True,0,,0,,False
Assets/NTSD/Sprite/Effect/kami.bmp,832e94ce8db2a5a4f80c98e5318cc5fa,True,0,,0,,False
Assets/NTSD/Sprite/Effect/kankuro_special.bmp,0848a68e08262104f8f1d918e3b00eef,True,0,,0,,False
Assets/NTSD/Sprite/Effect/karasu.bmp,8552075cb8123e84dbaa1788ae14cabf,True,0,,0,,False
Assets/NTSD/Sprite/Effect/katon_ball.bmp,987b97d3035deb847bea908b20010837,True,0,,0,,False
Assets/NTSD/Sprite/Effect/katon_ball_2.bmp,526348ec183684345933d7b3e57ef150,True,0,,0,,False
Assets/NTSD/Sprite/Effect/katon_dragon.bmp,6610937eb6ac0a04897a0971fda714c1,True,0,,0,,False
Assets/NTSD/Sprite/Effect/katon_dragon2.bmp,31d14620f986f7349b2b6ba40892a1d7,True,0,,0,,False
Assets/NTSD/Sprite/Effect/katon_flame.bmp,bfc861cd102441446a4ed6b565904e6e,True,0,,0,,False
Assets/NTSD/Sprite/Effect/kidomaru_3.bmp,00d20210745b52d46b9ccee39523f502,True,0,,0,,False
Assets/NTSD/Sprite/Effect/kunai.bmp,c6ec4f4b29d803c4c901c3087bafac61,True,0,,0,,False
Assets/NTSD/Sprite/Effect/kyubi_arms.bmp,282bde85b1e009c43872cc56ebd1d93e,True,0,,0,,False
Assets/NTSD/Sprite/Effect/kyubi_ex.bmp,d61ea708c717b0c44958fa6d9240e051,True,0,,0,,False
Assets/NTSD/Sprite/Effect/manda1.bmp,84c83ca8043effa4cbbe3c1d2c01e9eb,True,0,,0,,False
Assets/NTSD/Sprite/Effect/manda2.bmp,ad4fe091cd4d2b941b923f3192b1abd8,True,0,,0,,False
Assets/NTSD/Sprite/Effect/manda3.bmp,f2c030a65c6125349ae6b92bc38ad287,True,0,,0,,False
Assets/NTSD/Sprite/Effect/manda4.bmp,6c3eeddbb8391b74583e6526c78334ea,True,0,,0,,False
Assets/NTSD/Sprite/Effect/manda7.bmp,d321532e2ca532f4e97d210b04bb678d,True,0,,0,,False
Assets/NTSD/Sprite/Effect/mirror.bmp,78bbcc1f558fd5b4383b8806e75d8251,True,0,,0,,False
Assets/NTSD/Sprite/Effect/mirror2.bmp,05f70898bf6e6174392c70d57de7b9e0,True,0,,0,,False
Assets/NTSD/Sprite/Effect/mission.bmp,1ff289fb01ecb97478707955292a6ae2,True,0,,0,,False
Assets/NTSD/Sprite/Effect/mission2.bmp,99816a24e03667a4a81e8be4e179639c,True,0,,0,,False
Assets/NTSD/Sprite/Effect/mission3.bmp,f76c63985f7e8b143a708552a62e95bd,True,0,,0,,False
Assets/NTSD/Sprite/Effect/mission4.bmp,cf5686249783dd648a4084ac5cd94b19,True,0,,0,,False
Assets/NTSD/Sprite/Effect/mission5.bmp,fe8000b25cbed9e4888f148a4415ad3f,True,0,,0,,False
Assets/NTSD/Sprite/Effect/mission6.bmp,3dc8d8b33520d8340acf8c8874b3cc31,True,0,,0,,False
Assets/NTSD/Sprite/Effect/mission7.bmp,70a2e56da42c3e0449cebc6bb35c2191,True,0,,0,,False
Assets/NTSD/Sprite/Effect/monster.bmp,f18ab3363200cd945a0db0b5ee98e306,True,0,,0,,False
Assets/NTSD/Sprite/Effect/nc_kakuzuarm.bmp,a408a6be94015244b97c71aefac2487a,True,0,,0,,False
Assets/NTSD/Sprite/Effect/nckakuzu_water.bmp,30b7f77eb42c3f842a71c054fccadc98,True,0,,0,,False
Assets/NTSD/Sprite/Effect/puppet.bmp,2f664e9d5d9390b448445b65885816b0,True,0,,0,,False
Assets/NTSD/Sprite/Effect/puppet2.bmp,fb6bd1fba191acc4181b7c1a262b6744,True,0,,0,,False
Assets/NTSD/Sprite/Effect/puppet_1.bmp,b38892d600d6dd1499e43867eefd8624,True,0,,0,,False
Assets/NTSD/Sprite/Effect/puppet_2.bmp,4a6be211d928627418b3a0c35d027d80,True,0,,0,,False
Assets/NTSD/Sprite/Effect/rasengan.bmp,4aa359c30e8bfcc43a2bc4bd9a82e695,True,0,,0,,False
Assets/NTSD/Sprite/Effect/rasengan_ball.bmp,1ff9ced945f215349ad40c552e012281,True,0,,0,,False
Assets/NTSD/Sprite/Effect/rasenshuriken.bmp,5f09b922bd11622479cd6aebceaaa118,True,0,,0,,False
Assets/NTSD/Sprite/Effect/rasenshuriken2.bmp,efee10631bb32b44aba6a5950a4225b6,True,0,,0,,False
Assets/NTSD/Sprite/Effect/red.bmp,5810e6b62a14dcf439c03aab7d2955ad,True,0,,0,,False
Assets/NTSD/Sprite/Effect/rineneye.bmp,0c43ee6668e1b254c9f57938ceada202,True,0,,0,,False
Assets/NTSD/Sprite/Effect/sakura_ball.bmp,0051c368b57ed1f41919d08529b978c2,True,0,,0,,False
Assets/NTSD/Sprite/Effect/sand.bmp,c90e9fc5d997a714ca57b39cfb99da4e,True,0,,0,,False
Assets/NTSD/Sprite/Effect/sand2.bmp,ee744ffc3acedfa42a8a0bed8ca6cb1d,True,0,,0,,False
Assets/NTSD/Sprite/Effect/sand3.bmp,d5cd02d88ec20de458589856ba78a8f2,True,0,,0,,False
Assets/NTSD/Sprite/Effect/sand_shield.bmp,ba46ff768d3c636499422fc1d09b6197,True,0,,0,,False
Assets/NTSD/Sprite/Effect/sanshouo.bmp,60edcb964fc9e5c43a7a4ad3255e0aa5,True,0,,0,,False
Assets/NTSD/Sprite/Effect/sanshouo2.bmp,7f7bf3b3e4de9fc49b2c1efcaaf644b9,True,0,,0,,False
Assets/NTSD/Sprite/Effect/shadow.bmp,9809647fdf480574bb46ca269087ba5f,True,0,,0,,False
Assets/NTSD/Sprite/Effect/shadow2.bmp,076f735ba9c71a04496ff9e0be54c168,True,0,,0,,False
Assets/NTSD/Sprite/Effect/sharingan1_b.bmp,fb6ed659032a7224d8dfdd374c281f49,True,0,,0,,False
Assets/NTSD/Sprite/Effect/sharingan2_b.bmp,5abc237d5664c2d49b37ad3a216ba05e,True,0,,0,,False
Assets/NTSD/Sprite/Effect/sharingan3_b.bmp,0740d0eaae5f0c6429096c8776807591,True,0,,0,,False
Assets/NTSD/Sprite/Effect/sharingan4_b.bmp,84e9fc7ac3bf4c64897935007e1c46ae,True,0,,0,,False
Assets/NTSD/Sprite/Effect/shark.bmp,231261bffa47a8044836a09186e6a303,True,0,,0,,False
Assets/NTSD/Sprite/Effect/shark_multi.bmp,d9e7cf98ff07031448ebbb62fcbf86ba,True,0,,0,,False
Assets/NTSD/Sprite/Effect/shark_multi2.bmp,e093ef34708e7124aba450881c3de64e,True,0,,0,,False
Assets/NTSD/Sprite/Effect/slashes.bmp,c49f56ec44f35dc4cb2f2c6f406cd94c,True,0,,0,,False
Assets/NTSD/Sprite/Effect/smoke.bmp,cf0edd9197c555649bb6b3b491d4143e,True,0,,0,,False
Assets/NTSD/Sprite/Effect/smoke2.bmp,519a9e18704e48f4bb7bb8d97339194d,True,0,,0,,False
Assets/NTSD/Sprite/Effect/snake.bmp,648e51dd0cfda204ab8b271e7dff8ca3,True,0,,0,,False
Assets/NTSD/Sprite/Effect/snake_2.bmp,013b221358803ec47828a9e73960e635,True,0,,0,,False
Assets/NTSD/Sprite/Effect/spear.bmp,2dae37fe65ec90e40a529cf9929087cf,True,0,,0,,False
Assets/NTSD/Sprite/Effect/spider.bmp,33fa2c1c5a6731f49a2dcc2755d2c44b,True,0,,0,,False
Assets/NTSD/Sprite/Effect/spiral.bmp,8b7163792688ba844bec3285b556718b,True,0,,0,,False
Assets/NTSD/Sprite/Effect/start.bmp,747397c1e9aaa754ba6e774e6a7d1889,True,0,,0,,False
Assets/NTSD/Sprite/Effect/start2.bmp,b0a40fc791119df459880cb9479eb91b,True,0,,0,,False
Assets/NTSD/Sprite/Effect/summon.bmp,c78f57354a500b74cb20ed1ba138c9b7,True,0,,0,,False
Assets/NTSD/Sprite/Effect/sword.bmp,f89c9f91776cc554f842c0403ad0c270,True,0,,0,,False
Assets/NTSD/Sprite/Effect/temari_wind.bmp,aece43a9b8d87df44852a24a12c992ac,True,0,,0,,False
Assets/NTSD/Sprite/Effect/temari_ww.bmp,42d08585ac9deb949bdeba7321466ebe,True,0,,0,,False
Assets/NTSD/Sprite/Effect/temari_www.bmp,35e98c14a68a31a4fbd5824ba2db164f,True,0,,0,,False
Assets/NTSD/Sprite/Effect/thunder.bmp,e4567eea8f7784d4187fe8d101d6d1b1,True,0,,0,,False
Assets/NTSD/Sprite/Effect/thunder2.bmp,184315d0b091d34448d05bac728e4fd8,True,0,,0,,False
Assets/NTSD/Sprite/Effect/thunder3.bmp,c0e32dae3bacd1d4e8c04df3f0bfcc5a,True,0,,0,,False
Assets/NTSD/Sprite/Effect/thunder_creature.bmp,c14dfb54a22b8394e9ecea3ca21ae85d,True,0,,0,,False
Assets/NTSD/Sprite/Effect/timer.bmp,881d8a4100218da4fb030c75cf198e1d,True,0,,0,,False
Assets/NTSD/Sprite/Effect/timer2.bmp,b11bd866658a7a8418cfc67a0f1d0cc3,True,0,,0,,False
Assets/NTSD/Sprite/Effect/tree.bmp,2a35606cc8c2abc4080fead67ddd80d6,True,0,,0,,False
Assets/NTSD/Sprite/Effect/water.bmp,706aa8139ffeba54d8f2df9f31eed39a,True,0,,0,,False
Assets/NTSD/Sprite/Effect/water_prison.bmp,fb0bbfc1889c6524084a002d40f81440,True,0,,0,,False
Assets/NTSD/Sprite/Effect/wave1.bmp,e8b4e6382c612ac499e97a5365577f8c,True,0,,0,,False
Assets/NTSD/Sprite/Effect/wave2.bmp,6815b3b100bc66d43972d50548e1ff7e,True,0,,0,,False
Assets/NTSD/Sprite/Effect/wave3.bmp,6bee7f9c14fa2db45bc7b0074fee67b2,True,0,,0,,False
Assets/NTSD/Sprite/Effect/wave4.bmp,592315b30b139794a99565050b1f8e03,True,0,,0,,False
Assets/NTSD/Sprite/Effect/wave5.bmp,7ec010c4c8d102a40b5a847014431eca,True,0,,0,,False
Assets/NTSD/Sprite/Effect/white.bmp,17adfbaca63537c4e851e4b6c67e148e,True,0,,0,,False
Assets/NTSD/Sprite/Effect/wind.bmp,de09d865119a39745b2e02613322d914,True,0,,0,,False
Assets/NTSD/Sprite/Effect/wood.bmp,a6c90ff23ee5df543be771d7fa98026b,True,0,,0,,False
Assets/NTSD/Sprite/Effect/yellow.bmp,54025b7e00bdaf241a19c6a05b4801d0,True,0,,0,,False
Assets/NTSD/Sprite/Weapon/broken.bmp,526a30e905f449a4dac559366ddc5c1a,True,0,,0,,False
Assets/NTSD/Sprite/Weapon/broken2.bmp,b84f545c8971798429ef30040290c422,True,0,,0,,False
Assets/NTSD/Sprite/Weapon/criminal.bmp,2ba4352a6e184594dad4354e64355150,True,0,,0,,False
Assets/NTSD/Sprite/Weapon/criminal2.bmp,888c3f2f0050a1e4fb188fff65a16360,True,0,,0,,False
Assets/NTSD/Sprite/Weapon/criminal3.bmp,9aef7eec4138eb8418a4f5639d77bd29,True,0,,0,,False
Assets/NTSD/Sprite/Weapon/etc.bmp,989c2d08de565e844bb30c2ed0860110,True,0,,0,,False
Assets/NTSD/Sprite/Weapon/ex_ball.bmp,fb3ce2bf09712814db14696000f28291,True,0,,0,,False
Assets/NTSD/Sprite/Weapon/ex_tag.bmp,23bf82a6f2abef6429b19dba77a85d9e,True,0,,0,,False
Assets/NTSD/Sprite/Weapon/head.bmp,d90561ec6c7813648a307ec41641978c,True,0,,0,,False
Assets/NTSD/Sprite/Weapon/kunai.bmp,dca58186603a429488de1eb7cfeda819,True,0,,0,,False
Assets/NTSD/Sprite/Weapon/log.bmp,1e0b7fb1578f7e14fb0333541e28d9f5,True,0,,0,,False
Assets/NTSD/Sprite/Weapon/needle.bmp,159e87212e934874a8486906009dfa39,True,0,,0,,False
Assets/NTSD/Sprite/Weapon/shuriken.bmp,58e46db6bf3577640aaa6ef12d6b4429,True,0,,0,,False
Assets/NTSD/Sprite/Weapon/tail.bmp,5f726418c9d5cf6449b713279646c275,True,0,,0,,False
Assets/NTSD/Sprite/Weapon/weapon1.bmp,6a29eccd5d29fdb45927411b29751a98,True,0,,0,,False
Assets/NTSD/Sprite/Weapon/weapon3.bmp,93e97307b56dffd428e825f6eb094fa7,True,0,,0,,False
Assets/NTSD/Sprite/Weapon/weapon6.bmp,b80e605f844005e4d875672dde1242a1,True,0,,0,,False
Assets/NTSD/Sprite/Weapon/weapon8.bmp,430bab2c334558149b0cc36084f80453,True,0,,0,,False
Assets/NTSD/Sprite/Weapon/weapon9.bmp,ad7298790e0800449879b1622c597d6b,True,0,,0,,False
