decoded_dat/a/ama/ama.dat	1	29	dc5a2121afa32039753475248a00ae234721e7b1714bfbd209d62b22a8facaa2
decoded_dat/a/ama/ama2.dat	1	21	ca72301919363aa43484ad7ababcf00e1d1de790331dea59f7abbacefc37b358
decoded_dat/a/blac/blac.dat	1	32	cfbde1e9b2e3d7e35584111c4ab650c25edd1c31b25cf0f24c3080ed472daed6
decoded_dat/a/blas/blas.dat	1	11	5af9437dc6c71a81e2b46a8646986790a84a6d09e8c2c227239fb7796e1ad986
decoded_dat/a/ble/ble.dat	1	4	9b50ea54ae207996283e3e3ecc372eb77310ac76f485308a6d4dbd4c320076e1
decoded_dat/a/cha/cha.dat	1	105	eb5bdb8827cfd1a9402ec2351fbe44c7c4783ebddbd55e6992091092b4caa9aa
decoded_dat/a/cla/cla.dat	1	115	e8f15c7546d21757a6d1427b9cc56ec978b6150bb57d20a10dbdb28d42f2b415
decoded_dat/a/fir/fir.dat	1	111	921de30afb8cc3ec741497a738b5a57e4cb7eb1dc5a19e4a81e8c73de17392bb
decoded_dat/a/fir/firz.dat	1	28	d624fee2850a00a694cbbb2c6a72593df966f3b0b668c2cb05485377bef05b56
decoded_dat/a/fir/fla.dat	1	4	beaa251c2b15c08d213c32ff93653a78996a50f6822f961b84e61daa6cb41982
decoded_dat/a/fla/fla.dat	1	15	cae5e210387f2be76cc0a3e9c317c1e928fa85bb7f6c7d622742eda86eb42f1b
decoded_dat/a/fro/fro.dat	1	96	97d8b17f9969b1ddaf034a1cb1c963c621cff7b550874986d0bd533def8b32d4
decoded_dat/a/gro/gro.dat	1	79	0cb228b0914f86b70cead281f99ece8066505352ae0bddcb687105deb8ea2142
decoded_dat/a/gro/gro2.dat	1	6	1d528b3eb28950c4abc8aa202d85c1785c1426c00de90c04de1b04241959424d
decoded_dat/a/hea/hea.dat	1	18	fb950486b148d61eac57b5ed46994fe1ba1cbc81786ef415f75b35ef10c348c2
decoded_dat/a/kam/kam.dat	1	52	45220aeb4bf971bbee6c4157ac7a39f4d8ae3fcbc8ebbaa4de380b091e296b72
decoded_dat/a/kat/kat.dat	1	42	bac0318b0eae5318e60eb08f73be11ee0f5a5966f1284876727670fbaef74d89
decoded_dat/a/kat/kat2.dat	1	41	c6adfd7d7429af0f1ca5982bd8735f802abf0a4b0dbf5423b2462a097a91ec29
decoded_dat/a/kat/kat3.dat	1	11	7016837218a7df00708db0a2d80992a65a3f609d8243b9e6c5473621dac19f62
decoded_dat/a/kat/kat4.dat	1	11	15ff66df8e8c9b5f28de9f99c41d3a4334c01a021fa6ced5adbc1ecf06084529
decoded_dat/a/lig/lig.dat	1	9	9583b71a1543e465d6c002df83068905a70104bf3bb46969af8d0282807f8fdc
decoded_dat/a/meg/meg.dat	1	16	9c205e0494f1c9b5098c1a1edb41fc5245762cd2f23bdd1907ad91e1ed3a8e89
decoded_dat/a/pof/god.dat	1	56	9bda4b878e3fad6775473a2e417cf5aaa7f3ec6df63a6fad2b681dd116eb5a01
decoded_dat/a/pof/pof.dat	1	4	804e94c9d3a219474b72b9ceb46d43120a8a6b571565a3028b3de640c86ce14d
decoded_dat/a/pof/pof2.dat	1	21	ea0dc56a0debbb4661b0688ddd7b7f98ed07604c79086307e51611ed35595c3b
decoded_dat/a/pur/pur.dat	1	61	c75c7aa5669147d66d5e940da0a8f1590d593f4461de86d36bf031314c23c446
decoded_dat/a/roc/roc.dat	1	10	af10f685476031bf0c6976d8f27ce04029a0a25262efb966a4b3ba300e772c67
decoded_dat/a/sna/sna.dat	1	11	fa07aea2887839b5c6cae5b066808a927dabb41e0518946c4dad89e83527aa7e
decoded_dat/a/sna/snaoro.dat	1	11	fc98f28a7f59dc8a1ea752cbc8a1d904977e0541b94062266bcf0c1be1ace466
decoded_dat/a/sna/snasas.dat	1	11	c929897c64443c2285cd07ef76ef7c6fbc01b37f291b0cfad72845ad195b5f8b
decoded_dat/a/spi/spi.dat	1	17	fcfb0092ebc21ec1cd4a5633c593054ca71471bbf899087351d20eb64b9f9bfc
decoded_dat/a/tra/tra.dat	1	5	8289eeb82f0a43d7f751334b8eab6270e4dbcb36b8f27eafc99707513d1b154d
decoded_dat/a/wal/wal.dat	1	18	32721526d7b0d8d641591742d198ebc1de22202e022193dc21f57e324638034d
decoded_dat/a/wat/wat.dat	1	58	5be5b5b65126ee2f28e40dd0f80620c379b245efc324eeaae0c9fc2caf314708
decoded_dat/a/wat/wat2.dat	1	32	6fdd07dbbbbf9f3220e1e237764c13cfcb2e48c657fac0ebfe4e39bb873874fd
decoded_dat/a/win/win.dat	1	16	0fa32b90960d172a5f607d0e3d8f3fdb2cc746dd12b598853cadca4e6a8c8c37
decoded_dat/a/zzz/zzz.dat	1	7	a53ece87c69ba0c717fc5915ca046a0b77519f1483a559647d99e06cf614753f
decoded_dat/b/Aca/b.dat	1	0	e3b0c44298fc1c149afbf4c8996fb92427ae41e4649b934ca495991b7852b855
decoded_dat/b/Are/b.dat	1	0	e3b0c44298fc1c149afbf4c8996fb92427ae41e4649b934ca495991b7852b855
decoded_dat/b/Cav/b.dat	1	0	e3b0c44298fc1c149afbf4c8996fb92427ae41e4649b934ca495991b7852b855
decoded_dat/b/Cli/b.dat	1	0	e3b0c44298fc1c149afbf4c8996fb92427ae41e4649b934ca495991b7852b855
decoded_dat/b/Dee/b.dat	1	0	e3b0c44298fc1c149afbf4c8996fb92427ae41e4649b934ca495991b7852b855
decoded_dat/b/Des/b.dat	1	0	e3b0c44298fc1c149afbf4c8996fb92427ae41e4649b934ca495991b7852b855
decoded_dat/b/Dis/b.dat	1	0	e3b0c44298fc1c149afbf4c8996fb92427ae41e4649b934ca495991b7852b855
decoded_dat/b/Ent/b.dat	1	0	e3b0c44298fc1c149afbf4c8996fb92427ae41e4649b934ca495991b7852b855
decoded_dat/b/Fod/b.dat	1	0	e3b0c44298fc1c149afbf4c8996fb92427ae41e4649b934ca495991b7852b855
decoded_dat/b/For/b.dat	1	0	e3b0c44298fc1c149afbf4c8996fb92427ae41e4649b934ca495991b7852b855
decoded_dat/b/Hid/b.dat	1	0	e3b0c44298fc1c149afbf4c8996fb92427ae41e4649b934ca495991b7852b855
decoded_dat/b/Hos/b.dat	1	0	e3b0c44298fc1c149afbf4c8996fb92427ae41e4649b934ca495991b7852b855
decoded_dat/b/Hot/b.dat	1	0	e3b0c44298fc1c149afbf4c8996fb92427ae41e4649b934ca495991b7852b855
decoded_dat/b/Kab/b.dat	1	0	e3b0c44298fc1c149afbf4c8996fb92427ae41e4649b934ca495991b7852b855
decoded_dat/b/Pat/b.dat	1	0	e3b0c44298fc1c149afbf4c8996fb92427ae41e4649b934ca495991b7852b855
decoded_dat/b/Rai/b.dat	1	0	e3b0c44298fc1c149afbf4c8996fb92427ae41e4649b934ca495991b7852b855
decoded_dat/b/Ram/b.dat	1	0	e3b0c44298fc1c149afbf4c8996fb92427ae41e4649b934ca495991b7852b855
decoded_dat/b/San/b.dat	1	0	e3b0c44298fc1c149afbf4c8996fb92427ae41e4649b934ca495991b7852b855
decoded_dat/b/San2/b.dat	1	0	e3b0c44298fc1c149afbf4c8996fb92427ae41e4649b934ca495991b7852b855
decoded_dat/b/Sno/b.dat	1	0	e3b0c44298fc1c149afbf4c8996fb92427ae41e4649b934ca495991b7852b855
decoded_dat/b/Uch/b.dat	1	0	e3b0c44298fc1c149afbf4c8996fb92427ae41e4649b934ca495991b7852b855
decoded_dat/b/Val/b.dat	1	0	e3b0c44298fc1c149afbf4c8996fb92427ae41e4649b934ca495991b7852b855
decoded_dat/b/Vil/b.dat	1	0	e3b0c44298fc1c149afbf4c8996fb92427ae41e4649b934ca495991b7852b855
decoded_dat/b/Wha/b.dat	1	0	e3b0c44298fc1c149afbf4c8996fb92427ae41e4649b934ca495991b7852b855
decoded_dat/c/0/spe.dat	1	22	4f93f32d28cd8c008b441bf9c279dd8f31adeb280a1ccf48f7fe36e958fb57e9
decoded_dat/c/ank/a/atk.dat	1	125	736364b0d63e278caa2d4252277c5a69fc84c3576e52334f42144e0d796b2a49
decoded_dat/c/ank/a/atk2.dat	1	18	7c545a4cf50fc9da573b902a9d8c03e1da6601e899c0cd29eb304517c1330294
decoded_dat/c/ank/a/atk3.dat	1	18	c5f499001c4715f40cf4ade4aa5aaef4d52da60019ddd670ef472940c39fdba2
decoded_dat/c/ank/acl.dat	1	162	378b50c8383a0ae2b5ac02a53c00bab95365c8d2b851819af3a44f980a5ceb96
decoded_dat/c/ank/ank.dat	1	394	ce2bad9ca571d61251da15a1e00dcf3d465b8cc79926232d6bc6a72c8f015fcf
decoded_dat/c/ank/ssnk.dat	1	94	a10a57687c78af74327e4a7c8f0d0f82198cf0207e988af495f739bbb80b28a6
decoded_dat/c/asu/a/ash.dat	1	66	cd80ab2e5dbad4a71984a3a727463d5d86c89bc482bca397b3df1db5f8d42d8e
decoded_dat/c/asu/a/fly.dat	1	31	5f277463906aa4b4bad3c243120a1217ffbb22e5cb39579d6d9ad45b6c052ed3
decoded_dat/c/asu/asu.dat	1	350	e20f1e5b202f1e797fc9423ad517f37cd7b217a42b7b0b4e22e9b93271beb48d
decoded_dat/c/bee/a/wind.dat	1	148	134c603f2e1d4ae62da270f11e09c4be22c6dbccf9391051bcd6142d6ff62c7d
decoded_dat/c/bee/bee.dat	1	454	eb7dcfeeb5be3f91f8762cd1a3a981ad4e398bf06c22806d6c419410fe38f214
decoded_dat/c/chi/a/atk.dat	1	168	2670d991ced97f90ac1ad6271bf747ab00f8b733fd6a2b84fc36952343a2cc38
decoded_dat/c/chi/a/pup.dat	1	90	aac6cd6fa61aaa010b6822f565430f6e69aeb186b7ee80e59b266daae0f92ded
decoded_dat/c/chi/chi.dat	1	371	bf46ec28b6eb6fb9cdbb6bd511003f32d29765ad4578eeb2b1033ee8b12cd12a
decoded_dat/c/chi/pup1.dat	1	165	7c634073346b2641cddee5788de437b67c52b6d9b9753bb8fad403d0fd663b86
decoded_dat/c/chi/pup10.dat	1	143	1f42431af11de770c532430d0f923683d096eb85a070268661d5bdee542261f2
decoded_dat/c/chi/pup2.dat	1	143	5f3a58197908556e31cad95e226f842bca26857c3b263e37965c7ce9e62838d5
decoded_dat/c/chi/pup3.dat	1	150	f901c223eea30f49581d72e67f0b5efd0e871e4351896dcc3cd29ffe864e87c7
decoded_dat/c/chi/pup4.dat	1	157	b21b232f913f48a0e9edcaf3609709809eb09fe5ef66a8ef6cfd4e992822d38b
decoded_dat/c/chi/pup5.dat	1	231	b371ce4035bc862838736d50028e509169d0e4b3970aaa0dc18e16fea9ef1509
decoded_dat/c/chi/pup6.dat	1	155	e0a0d9c7cd64bfa562a7908b444b7a49354bfd7b8d4c8ee63aae5a0712fadeb5
decoded_dat/c/chi/pup7.dat	1	141	6f5c53a134d7fa59b9cee7c421e98934edae287016c6403b2b71cd2e706814dd
decoded_dat/c/chi/pup8.dat	1	157	0bbff67cd84bb0cf87c3b207431687c82390d4d6ef13f68136c6779662825c90
decoded_dat/c/chi/pup9.dat	1	144	94f9fd928e41d274998fb90fbdc86489e61da3bad0aaa0e6913412e0688d1df0
decoded_dat/c/dan/a/iza.dat	1	146	8e0166323e2eb95cc8deee8e57ec659173f9ce679b69f3406f233cf15e45048d
decoded_dat/c/dan/a/mark.dat	1	31	be6bd895c80d92f3f65d464bf803e5aaccee8c1eefce40ff914421ef129bcb90
decoded_dat/c/dan/a/win.dat	1	78	37076ffa4c7a978a10a90a1b7a683d004323011815474570d31d8131ff73b0ac
decoded_dat/c/dan/dan.dat	1	386	05b090934d6e10136f87aa2aefc0a40ec88bdb3cca3b4ba7824af0029ff2df70
decoded_dat/c/dan/danr.dat	1	406	326f02af1c3a09968a1ed2cea676e9626c0710a9d58824464694c2ad6f51e009
decoded_dat/c/dei/a/cla.dat	1	249	6793fd5300a93df050771f4d6e6e94a76e93d3da100b26d524877beb3d9de4d5
decoded_dat/c/dei/a/cla2.dat	1	16	f379e3d0b536c4c54cae2da3f6e206774065cb1b99ad30fdf19d9767ecdfc925
decoded_dat/c/dei/a/cla3.dat	1	34	a28d5f9a16cca98b2cefd90a229dcad6f9b3564e9b5294f9259901787ce6d7d9
decoded_dat/c/dei/bir.dat	1	198	0f57f0db316e5a3b6fd468aca3cc4f40e4b66418898bc9bd0647c099d9326085
decoded_dat/c/dei/dei.dat	1	307	94d2f34275826207ff5b0433a54ffdc8bd1109d3c95df8b2c381ead075e824d4
decoded_dat/c/dei/ncb.dat	1	194	5c221fd889f6db2b8de68251ecbf0d1ee893df363633a1f1137d2fdcf1327b1e
decoded_dat/c/dei/ncd.dat	1	279	3cb6a65191e7f147a73ae2e2f5cd4c6983894ea80aeb50ca1e3c987bb445183f
decoded_dat/c/dei/zom.dat	1	145	aa9107fdc488b01432ddfd736757dd80a458e84dc423b40961a87b6d9c8346b5
decoded_dat/c/dei/zom2.dat	1	151	643196392dd29aced6843d4e9f10ff188f580038de59cec6bff4cbbcae183021
decoded_dat/c/gaa/a/san.dat	1	229	9a90b1e2f36a822b4be26fd582b92cf1cd530f8e05b50155687ed1a172eaa2cc
decoded_dat/c/gaa/a/ult.dat	1	101	d0bd3df851f8477fa689daa5d34a6d8e8b04f114cbebf7895365eb6209dac624
decoded_dat/c/gaa/gaa.dat	1	343	57f67960a4f345443a9cc25ffc43824e70d2be5fdb0764f03304f9e2887f6c61
decoded_dat/c/gur/a/cag.dat	1	125	e3db5fd8aa136c4403a7c42b1d00c5e2343823aba2095ae53940030f059c7a8f
decoded_dat/c/gur/fakefan.dat	1	148	57ebb5c477ddb7c3a319204aaae6940bd5cbaced2663c4af2e94777099acbc39
decoded_dat/c/gur/gur.dat	1	241	c9f6dbf8a886ad52b7a5f66fd4589d63481ae482b4135fc5bb60e4b46c9e3ceb
decoded_dat/c/guy/a/bal.dat	1	166	a94a0ec334889a054bb6ae81b5f177a3c600397467e1e63dffca067c60a9e9ed
decoded_dat/c/guy/gei.dat	1	283	4c49782946307361fb04ee2ff52285a789a9c3beb5c82b3b1fb0c790298348fb
decoded_dat/c/guy/gsi.dat	1	334	ed7310046452c90fbd98b746bb721c7cad022d735037fb6fb8f1ca929a8e42c9
decoded_dat/c/guy/guy.dat	1	336	5868fa89071615c5672e562376f7d7cfa6402eba010fc6e86611d5fc6de68a44
decoded_dat/c/hak/a/mir.dat	1	105	cfdabf1e55b01b026c5aa57963403af5c71e31062f4ebd4f86c7af479d7fbce5
decoded_dat/c/hak/hak.dat	1	355	13b68fdbe4f488223f31aba0f7eefbee9d4835d2e2f41fd64f6120a1612e7b3b
decoded_dat/c/han/a/ste.dat	1	38	9ab71bd26bdb7a129efaaa37fa04dccf891a47801680753a1e0ecc8219c5d4f1
decoded_dat/c/han/han.dat	1	290	0cbb573a8bc45ce50aff1e33109482289d5e94135ad5941a2234c80c48c92262
decoded_dat/c/han/smo.dat	1	281	efa1ee21933d39353c489225d21958bce374012199b0751f9550d9d2affa1213
decoded_dat/c/has/a/atk.dat	1	256	0ea29905e2a93992edf9e9f9973aedc4fbdd8226596d1556ec680b6c7b5acc6a
decoded_dat/c/has/has.dat	1	280	1827c8eceba4dbca98a49335ba5342c1dfb9ed6ee24d6c13507d44dffa7a7b4d
decoded_dat/c/has/hcl.dat	1	143	e1273574340ceca044a40241bcddc2d4da99daaea7f0658fd0354af16281cca6
decoded_dat/c/has/sag.dat	1	305	64c2c540b60f04301cd90d642a8329e90d896ef7c2c71b07a9bf578611528af3
decoded_dat/c/hay/a/blo.dat	1	45	d720e9f9cb79375e0c0fa465c24c10b2dbada405f9a5f6e6090178961592cb38
decoded_dat/c/hay/a/sla.dat	1	77	3d9b9ca179137e289cfb9394ff4b92f917da832b6eefe33c7525cefaf7313a69
decoded_dat/c/hay/clo1.dat	1	203	ff35f658d8c8a4169caac33dd26700957ca5203baf9b02fb1b856b58e81d1132
decoded_dat/c/hay/clo2.dat	1	215	a89a6ba4f3aa7039223a68ee50c8f4d56fb3309503fd5e1890a1d25b24d41339
decoded_dat/c/hay/hay.dat	1	376	695e9a0221af8e309501281ba4d6d61b61254029490e147610a49bba5485f6d9
decoded_dat/c/hay/hayS.dat	1	264	249bce820ef1297d30016b47f2d203bb63a19ebc931b111494e93ffd4324df2c
decoded_dat/c/hid/a/rea.dat	1	46	a15f6dc4b6b07c7ae6b5f293481cf6da4e1dab5c6c0b5a498385754f355797db
decoded_dat/c/hid/a/rea2.dat	1	17	04462fe8f1c409ab49f5c152d599d29ef6acd0a886a7da6301779c13f57d0958
decoded_dat/c/hid/a/scy.dat	1	7	b72f497aa9a7b8837dc231ead015eb73230798b745cbbac492563628ccbd52ed
decoded_dat/c/hid/hid.dat	1	339	64f803d785fc7eee45d71eebb25161351f6ac980325d7d0bec14826ce3c86250
decoded_dat/c/hid/rea.dat	1	348	0b01326a59de0c7c4695072fd4ff06767673ab4c5ef1bfcecf1c2d8d6696afa6
decoded_dat/c/hin/a/are.dat	1	112	c3ef9908fbcac515809af910459e679562843ed6903da0fc9ae5d66b696ff11a
decoded_dat/c/hin/a/hincha.dat	1	53	ccbb6c65e4bc89aed604444f227b5549174b0ffa0e7c8a00487664a98a3df0fd
decoded_dat/c/hin/a/wind.dat	1	9	37a28cf43606122f4398162a9c6eb20b0a40f8f8c6e79131491a862ebd36a3bd
decoded_dat/c/hin/hin.dat	1	505	4be33166fdd011541c8fb0697b407791b98d1a35be9e07b62e05dff7feec7b1d
decoded_dat/c/hir/a/atk.dat	1	63	b29602e5f7cddc98da335e0a8b23ee74f909a02e26e2f7f60e6c9de26b57880d
decoded_dat/c/hir/hcl.dat	1	199	40c00601b707b761001effd01c9500b246a80202326ca7ef23a5827a1db8cedb
decoded_dat/c/hir/hir.dat	1	316	7c74dbb1a96389bc0f1ea81a1c595b00313a560e94a6d3917f18066561a9dd66
decoded_dat/c/ita/a/cro.dat	1	38	702b19ab6070a90b74e3280a390227630f423f357022efb4c3c3ddc43ea04dfb
decoded_dat/c/ita/a/cro2.dat	1	192	fdb89d8888a74532a0ac202bfe506d9b8fad43fba6187e16832bd2574a3059b3
decoded_dat/c/ita/ita.dat	1	485	39a074451d84f00831d75a6ddf6e4bed34de6bb343c933e0517882358394866d
decoded_dat/c/jira/a/mag.dat	1	104	a2c0de451c342305318d9d263a6e97abdd7606d099ed5266b06674ff895c7722
decoded_dat/c/jira/a/ras.dat	1	103	3365f2fbde44bc7e507cce849514c5681db972792a09bff5d68455a06c11dc8e
decoded_dat/c/jira/a/toad.dat	1	136	d278e31dc3bd778041dd9c77d44e41d5a40597fbb7395cf225b833e94530dc03
decoded_dat/c/jira/jira.dat	1	512	6d9f8a32a15b533b9cd7d6f2a7ff02c7d8b65df043755595ca56489a19855fdb
decoded_dat/c/jira/pre.dat	1	315	01bdfdb704d29653c1c48e3c1a06a28c06ab98d0232f9ef630d6bece9debcdfe
decoded_dat/c/jira/sag.dat	1	559	b76a87aefcd726dc7113b83f60b9a454a247005958180c532c78bbe0bbecb58f
decoded_dat/c/jiro/a/cav.dat	1	109	760b16c6dcb9a8be75fae66d39c7777ae26441a7cf3409b3a89cb4a9a3ec7d95
decoded_dat/c/jiro/a/gol.dat	1	62	3f94d9025384bc717d652b76518597b4d34848c6568cedeb16d576c6405d39ca
decoded_dat/c/jiro/gol.dat	1	156	5fefc593764b7fa5ba782bab00fdae640a5435e63f73a5fac15ede0332471531
decoded_dat/c/jiro/gol2.dat	1	156	c0c945388351a88643a217d3c68f0915309ea5dbff3ad5dea1891074a23a4b5a
decoded_dat/c/jiro/jiro.dat	1	343	90da8676248d143023302eccac2f55f1b9a242bba47686ce679ee6306319ee1b
decoded_dat/c/jiro/jiro1.dat	1	299	fb3cb47ad62bb908119250ba7462bb563231bec544b492ee43e475c18fad9854
decoded_dat/c/jug/a/pao.dat	1	135	92c8243dd62fe844c4b8243d50c963f8e7b7a22ba25f75ae07ae4a4a68ec367a
decoded_dat/c/jug/jugo.dat	1	354	a701f1225342135971ad4a5bbad85b57ed4e619efd32a20c9e2f38c7f64de031
decoded_dat/c/jug/jugoCS2.dat	1	383	9b1841f5649068d8aba8e8bd2f9a3bdb37024f2ed04bff47bd2865e450731f71
decoded_dat/c/kab/a/atk.dat	1	135	35c1beffd0bfbce6da4a9403d106334990b16a2bbeba45e1c34ccc351a8f4849
decoded_dat/c/kab/a/cha.dat	1	54	3a284d367826e60ba7d102c3f90b399314b49059c07d910c69cedd3e943d07f6
decoded_dat/c/kab/kab.dat	1	362	cc4323e2b256ec216ed50540d87fcf33707e337d1c46b1242497bf346a7fc340
decoded_dat/c/kab/tsurugi.dat	1	172	bcd898cbaf3d73ae73b6e2d324f0a418ecb4b44a2620832c9aceea73d3a5ba43
decoded_dat/c/kab/yoroi.dat	1	149	8055b07d57ad0621398f1563c6f51961fd0aab059413b9d212254e48ece06afd
decoded_dat/c/kaka/a/rai.dat	1	295	2bd9ecaf2bfc362fd9ede0fe979f825c75f94f736677ef81b4077047c8c392f7
decoded_dat/c/kaka/kaka.dat	1	446	f975ff1695c95fb70672ac3415282160979e54d5b52be0d741283eb564f4b956
decoded_dat/c/kaka/pak.dat	1	72	154202f55ec5b4db06c2cb8bca043e068ba6c5dd8221ad10ccf83b120750b9ef
decoded_dat/c/kaku/a/nck.dat	1	193	c6dcc0baed2591467ac14d13c742c0d7127b6152884e312d4b92a11c7a66a898
decoded_dat/c/kaku/kakun.dat	1	339	a99fdb944808806988d74af20a56b2fb583dce21efee899c45dfe41c01a4c020
decoded_dat/c/kaku/kakunck.dat	1	449	f94a44a97d4eb7c198ec48e4f59cf208e0dd9310dbd9d783937008a68c44ae5c
decoded_dat/c/kaku/kakunre.dat	1	384	a6a0fcb4d463026f7e6adf843044256db17e9adadb29627137d273fd43114335
decoded_dat/c/kaku/maskair.dat	1	206	d548409754c6eee7403c956d21a6790410508b5f7e6d2281b6e1c5951ed62815
decoded_dat/c/kaku/maskfir.dat	1	234	81f3d0ebcce3a1cb3f538caef9a962059d8b0e6a41943e8d875c08eab401082f
decoded_dat/c/kaku/maskthu.dat	1	234	131aecf767e8ba16183d585a4f31d18c3704ae04e5dad2b0275919dd7279c3f2
decoded_dat/c/kaku/maskwat.dat	1	243	b3127168fdd48809164ad2d64ae9f6675f0112199ca4c5f747bd6805581953e4
decoded_dat/c/kan/a/kar.dat	1	209	994f3b2e416f473db34da7439f0d9dd4d688f26733a6d2b92e959fb5df02b35f
decoded_dat/c/kan/a/kar2.dat	1	49	b67c31906b2ecdf13f79a78a7518d5b83855c703456d0106d67d92069c4632ff
decoded_dat/c/kan/a/san.dat	1	30	9c296be524c0723b5a4950cf3c80a4344116364d7071d8413a4c289cb7bb2c2c
decoded_dat/c/kan/kan.dat	1	327	870c2345c29092a531e3164f487e8edac6f1dcbaabd1ede0c4312e64d802f201
decoded_dat/c/kan/kan2.dat	1	281	acbf35b24920d45b795693a85c9281cbedd0c2b43eabb247264546499787982e
decoded_dat/c/kar/a/cha.dat	1	85	f9c54405461e6dfb6d3a3e037a7c2b996220dee1389619bc144ecf247320eb9a
decoded_dat/c/kar/a/jug.dat	1	67	41d90895fda53a06887d42494251d629151c04d0ac9a7b373d522858fd729057
decoded_dat/c/kar/a/sas.dat	1	85	0babb4f5a03add0df51e57ab58559c4b901cec5bffcc990bebbeae4b36a83588
decoded_dat/c/kar/a/sui.dat	1	59	27d08b14f87715e15f4ea9a44bb41a08a293b2a4294f17bed330758b95b21043
decoded_dat/c/kar/kar.dat	1	409	30fdb32091030a9a755a88891b403f6e3fe6231feca05bd3f43a12607d4260eb
decoded_dat/c/kib/a/aka.dat	1	90	d507940ca5c3f550a4618bb67d121014683a07affb349c7697f39dbcb4f9b73b
decoded_dat/c/kib/kib.dat	1	311	111bd26c58bc135003d40e9207c16535873ab13950f54a1337f3744cc5135ba6
decoded_dat/c/kid/a/atk.dat	1	44	dc32f7d3d3ebc4af11e6d17466aa6682ba7c8920f6c1962192a4db180a3c54a8
decoded_dat/c/kid/a/kyo.dat	1	58	94b9f3822505cfe069c811a9f8815b29c0769547d8b5181e52e5c6466505799d
decoded_dat/c/kid/a/spi.dat	1	79	d33ba031b91022afb263ec81709e3f7b3b20ad5fa6742637c9d979c25efbea81
decoded_dat/c/kid/kid.dat	1	274	e70ba8826fbd9d640bd532b7a99314b29d25b9318057c3245559993624204306
decoded_dat/c/kid/kid1.dat	1	260	21606e30e13e4c0f097b3245637220600b475f1db2d16fb338ee3031874bf3d2
decoded_dat/c/kim/a/bon.dat	1	56	31ccb7002821876e78a74dab8c841e318e5d09c489a7fc4670d26ca195000b9e
decoded_dat/c/kim/kim.dat	1	291	71ce7e6c153d6cc2295a5ba23f4040e40cb55c62967965879247567969fe28a2
decoded_dat/c/kim/kim1.dat	1	273	89a884f5c3d800775aafb73c0c3713dec3311007a9ae365ba16e6eed84053e3a
decoded_dat/c/kis/a/wat.dat	1	164	9998ff90890719af210b16b10a997fce894ba2a454d7fb60169bd55a78bc444c
decoded_dat/c/kis/kcl.dat	1	159	930f919f451871e2412b8cafa1e3a6533846e898fe9200406324290a54950e2c
decoded_dat/c/kis/kis.dat	1	309	4bdd2040d717c83ea511a0d0eae1a56402642f7d7b88a7c8566bfa10149d18e8
decoded_dat/c/kis/nck.dat	1	291	89c7764a3e8d91688f95bfc2f8c031b9fd6089fb37e57504187ec8335f21dc0a
decoded_dat/c/kis/sam.dat	1	168	10a0094ebd9693570ea6b8738cbc3800b2c43ca03c973506e7c4129a10ab52a1
decoded_dat/c/kon/a/pap.dat	1	131	6c7592817a5d19062bb10f5509596f177e643309410687bb6f13f2338321e543
decoded_dat/c/kon/ang.dat	1	239	699d999e749881f5b6ef56b83ee02a1f1e61dbc1633fa65a723576306313bea0
decoded_dat/c/kon/kon.dat	1	327	582373382c67ccce0e1e43a50020202bd88ebf5aa74e17266b32aae25e26ae45
decoded_dat/c/lee/a/lee.dat	1	39	0c2bde5a9df085f666c7817a2bd5a5320db5ab6cff22526b39342692d771f56d
decoded_dat/c/lee/lee.dat	1	446	71b09b70550a0123cfacb7ebb2ae1ea8c975066bab7520971d136fd87ef39457
decoded_dat/c/min/a/fla.dat	1	33	b10391e3845b8fbf4ba2afc03a14a6461a56528ad9a88c3c8d5d1bccbdf7bec5
decoded_dat/c/min/a/fly.dat	1	49	6011c0618413c88034e04386b86c29dc636f957fb49cd4a087192e0f53b984bd
decoded_dat/c/min/a/fly2.dat	1	7	e7d7c7a59caacb41778bbdefafc103d1bdf8521e778c925c5cd979166c6bc6cd
decoded_dat/c/min/a/kcm.dat	1	54	3a4284998aa82d0f53b2aab7f1c24e5a09691a51e25e61b77d4d362d9609f153
decoded_dat/c/min/kcm.dat	1	315	17443a3a849b0fcab886ddfbbe1482992ab94d04edf3c4111350258df6fd9315
decoded_dat/c/min/min.dat	1	334	8e988921f2aabc963d0f227561e36280fd789b7d96057c9557d5507d145aa873
decoded_dat/c/min/sag.dat	1	327	db27b88e2eb8b8d92916136e480db4ff6b810bde79d3a4d26fc8fafbdd3149bd
decoded_dat/c/miz/a/shur.dat	1	76	719dbf3312ddefc533fcca5de099cb17bdcd9794956b5db7ea4cd5b61d9e8dc4
decoded_dat/c/miz/cs2.dat	1	260	034c1d4abdb817b8d71a7d862ac31798c67ffaf73911c0505f9b6530d8b3f02f
decoded_dat/c/miz/miz.dat	1	261	25c695be208070a8d45814697b8f726ef351c7f5fa11f82e335a890b57eeeb9d
decoded_dat/c/nar/4tk.dat	1	186	6040ec832d82f9621faa6030d5ca70735437f62b1bf90c5fa6aed1263e343b09
decoded_dat/c/nar/a/4tk.dat	1	73	73cc55e937649696dbf5fe1272092238e29aad10a79f855bda2d2f657e941d00
decoded_dat/c/nar/a/atk.dat	1	230	428a08fcfea656d42dd2afa7b367c746c86165e9c32f9027b4c6dfd5e06ff1a4
decoded_dat/c/nar/a/ras.dat	1	55	029f69e4055a5b614040fb484b67de9a6ab1fb3a52468d09a516730eba613570
decoded_dat/c/nar/kyu.dat	1	292	09bf6b55cc9379573f3c4596e185f57cc8876714d3330ce0c986060d70a2ba5b
decoded_dat/c/nar/nar.dat	1	498	5961c9fb3359d70722ff107553a773f9ecaf5b549f74cf79a8243594f790a88c
decoded_dat/c/nar/ncl.dat	1	267	95e2f95bd44482e733f6e39cff18b350e1df933cccfc1e60abb11620051ad168
decoded_dat/c/nar/sna.dat	1	372	8153c71df9b36c355ebc5b8a994a4c5db05688063c99e3ba9d852d32ed819db3
decoded_dat/c/nar/snc.dat	1	286	57e198f14b9dd3c04d4d9411382bb2839a0683a876a15a7550d636056a12c3da
decoded_dat/c/nej/a/are.dat	1	114	09b9e2cf1327057de227a8d4a1a40a8f18b5a63173246f20d5e1f2176d04df54
decoded_dat/c/nej/a/bya.dat	1	58	c1464b78405997e4d78d3623900a4ef8fd9c604eb07c11e173874b2d506e0763
decoded_dat/c/nej/a/bya2.dat	1	58	2f81707be9d8ab29791c876317ed096c7917002933126d9be678c506a6cd27fa
decoded_dat/c/nej/nej.dat	1	452	348d036863cbc6ce4c117f2d851a307e51fa4b4e3263fdf0dd9622bb52299dbf
decoded_dat/c/oro/1.dat	1	79	4326e1cfcf336ad80e32bc85cdd39b127d12fb5f944aad8fa6fa131a43d9ba5c
decoded_dat/c/oro/2.dat	1	79	5918c247c13587fd1b90aaf0b3fe7fc4e86fd7640abfd8158bd9fc53d591c980
decoded_dat/c/oro/a/atk.dat	1	163	1f3b03ab5dd9ea98bf63a92e6e20288b9b5dd264e0af068b54da6653e7b4f2da
decoded_dat/c/oro/a/edo2.dat	1	7	dcd2127741c4a92d9d50dcc174834a1a88eb173ef53ade79833de56e1230712b
decoded_dat/c/oro/oro.dat	1	311	6db4fb50b720458d55fff84b4b03eb8470ada262a43bed80a5df86f0df163954
decoded_dat/c/pai/a/cha.dat	1	64	392eab618684215c68b4cd71e177da209ffe5ab0b759b876a2bc5e49b2f4f2d0
decoded_dat/c/pai/a/ox.dat	1	31	8b233aa5f645a42fb621adb3e5a1cfc4ec52b913903b88121c92d8c3d4402ec4
decoded_dat/c/pai/a/rhi.dat	1	32	a81d47e90695ecac1f1bfbffac330aaf5171f220aa20524e4913999e0b568a7f
decoded_dat/c/pai/a/squ.dat	1	324	4efc84b349eaa324ff3065f65de98043120f674692eedc6511647e5f02a62954
decoded_dat/c/pai/a/sum.dat	1	164	8ba1b7729b0890eb1dcee928cf8d7d5c7b5048133f9e03d6ef9467536add7884
decoded_dat/c/pai/pai.dat	1	323	19379289c9e709e64d719bc4bf74744a9b75adb2bfc3fb66338b2514e5dad218
decoded_dat/c/pai/paid.dat	1	296	ef77d15e0c07d8b9a1dac3c1653d95f88d5f63f2e197c8e315406885e255c2a9
decoded_dat/c/rai/a/rai.dat	1	135	16dd89817f7882bca884f59c55e423ced70a3664ff75b619def0b74faccad8a6
decoded_dat/c/rai/rai.dat	1	432	92122e1843a7755e0eb76f554ee8b56d7e20157c2f89835f827b402beb2d52f8
decoded_dat/c/rai/raiT.dat	1	473	a4e196529b67b9e1e32634c7f59de7885c3d13f85a33155092d31d3e80503ab4
decoded_dat/c/sai/a/ink.dat	1	175	8193681820355bd2722870f74b2c726461f6612374dfa935c5c66d734463b9d4
decoded_dat/c/sai/sai.dat	1	372	7f861ba01ef489bb965295eb245be48fa0bd75f36b37eeb4962ea65b10943f36
decoded_dat/c/sako/a/atk.dat	1	41	975b308e365d83c42e88bfa67921cf59b70526568642233a97872bd9b25a3f6f
decoded_dat/c/sako/sako.dat	1	357	8f323db7add458f962ec9caefaa9001ca02936059fb364d4c02b098f96c57b01
decoded_dat/c/sako/sako1.dat	1	343	0163e956d5a41807b6d881327d634d6c94ce3247aba5ac32b6f253e30b3796a8
decoded_dat/c/sako/suk.dat	1	244	6be03ba7275bb2012782135fac4d55f7abcf99a3e22d7caba5e32d1568e35d9b
decoded_dat/c/sako/suk1.dat	1	246	1b0c6c84099d72ebc1dd8921b740b6133604732c7d4cc417c91c49b98e1e0772
decoded_dat/c/sako/uko.dat	1	208	6a17f81d300f08eb8ee62152d2b9ea093b6d9355e91374dc919f6009ba3c6bae
decoded_dat/c/sako/uko1.dat	1	210	8d3e83d7f3a4363d58946d66a5f87996a03a98e731451b50bcaba84c286d0a83
decoded_dat/c/saku/a/atk.dat	1	66	ecf176d4f1d1a3e7978804ad4fc3a7392002015519dc4a08291d45bd464d3c3a
decoded_dat/c/saku/saku.dat	1	324	ce5cc55c552a4bc9b6aa5a630f499d1134295e0bd95f9f008ce10da4e7cee3e2
decoded_dat/c/saku/saku2.dat	1	322	445d8973154e8ec9d43bae400b9c3a20b0eca99e262886060147e63bad35d728
decoded_dat/c/saku/saku3.dat	1	300	9016d2b704e10f06c28f0a50255c7dc47ec552b4a5560a4b73d67300c4b224e5
decoded_dat/c/saso/Hsa.dat	1	350	fcc23da3397003bc858a07cafa53cb6480bc62745dc0c836a26ec2c38fe0fde0
decoded_dat/c/saso/a/iro.dat	1	125	e3a9822f8af342db09958c2a9ed14f8a6992f409d3ae03999240b3a57c7f6984
decoded_dat/c/saso/a/pup.dat	1	80	7b05b92cd4c5d1ed4e56138b57fc60f90d789540a21df8934968dab28fae2fd1
decoded_dat/c/saso/a/pup2.dat	1	29	dc14618d088ca19a7a21c90c21354a898ad3c75d32d0e57dbafe26a45fed3e8e
decoded_dat/c/saso/ncs.dat	1	253	732f7585c7beec4ffd688f2ebb1e0deec01efb65b04afcdf904cf2953fd5b6f9
decoded_dat/c/saso/pup.dat	1	143	43be02449176dbe3375399fb5e9c6eb097c5f6cf42b285ff05f7ec1442ab3c89
decoded_dat/c/saso/saso.dat	1	461	9882a53fda25cef0c382160acf242fb4ebf97981d6fd1fce3bc91bf2bdf987a3
decoded_dat/c/sasu/a/chi.dat	1	236	78e2d02d10e8b3e1504578ea0b6b5849bb713de980d9ff3eadc7a0a4b8fa7a0a
decoded_dat/c/sasu/a/gen.dat	1	13	b805dde084dbb4d50af4c8f6d84b7b84125a32c5280ca9d4173f5e290c6e8b81
decoded_dat/c/sasu/a/mss.dat	1	101	13ed2e644bc835ed799bcf28c2c22783ab9c6b810c530a77dcd8e5b9800c9062
decoded_dat/c/sasu/cs2.dat	1	322	ef7620b77636b3658e04db23fe03806ec15a3c5d4a1c5920ce88b43fb894a3c3
decoded_dat/c/sasu/mss.dat	1	367	1dfcf057711b264c41d1563e944e22020bfec9cd053ea1a4b822c6f2daa05ca1
decoded_dat/c/sasu/sasu.dat	1	397	b5a742586ca03b1f96cd3acbbca668748f7b1ec697b47b21cb017cb37253bb76
decoded_dat/c/sasu/sus.dat	1	138	af3a53bbe8b5794cd6f85610f6316251c061c031c4015d0f68152765c9eeb2f8
decoded_dat/c/shik/a/sha.dat	1	137	8e3fb19861dd98abffe7e854cbae53ed9c8881515666e60e222cb520ce46e24d
decoded_dat/c/shik/shik.dat	1	281	127f029842c84b1cd42202dcb9fc0fa48fbf85bbab4c864a4897d088c794867b
decoded_dat/c/shino/a/bug.dat	1	146	d1bc1199e5a3aa1b1231a9ca74ea5bcc4147d6ce7d001513c7e49ed2d14d29e1
decoded_dat/c/shino/shino.dat	1	284	5ac50c808717ae511a07b147ea5dc675dd1091017ec25eb630cab583b680e962
decoded_dat/c/shis/a/gen.dat	1	71	85c4abbfc0bb5cdb930e3c9b9dda508eb26342fffb2ab341549de60ef0092bfd
decoded_dat/c/shis/shis.dat	1	364	aaa6040f89cdd423bbf472c336203d6851664f1cb98f3cd9864d50619628b381
decoded_dat/c/sui/a/atk.dat	1	197	7da7ef447fe41db975d265732a3130cc4573c724f909f8d7037187af7ccb846b
decoded_dat/c/sui/sui.dat	1	376	162a3029a0a6088aa29e9167ef510ac0a78b84230ac3fee1f3aea484e1e4a257
decoded_dat/c/tay/a/mon.dat	1	179	7e24ae5f431b1ee56347f335c9dc3e84d5471a8b55d4e4f6c2ce6631b07e11be
decoded_dat/c/tay/tay.dat	1	316	8c3d09349dced01629185e79df54c67c3d3cde5a9b030e25dbb170bf95613d03
decoded_dat/c/tay/tay1.dat	1	313	2938beb196e57461b829cf942d196a71560f4482071f33e6461abd056182eeeb
decoded_dat/c/tem/a/tem.dat	1	88	ce155d8175f2d4a59b78e32bca8e779df22c3d87a203a9af7912969378c928af
decoded_dat/c/tem/tem.dat	1	312	c3303dcc5dda79eb29971f86bd3cd434829440f6d01777271115bd3e59bf7633
decoded_dat/c/ten/a/ten.dat	1	100	cfe7c574c68e6d68bdaef869e661b3624006cccc8f9e6a2e49c5153e80b1ef88
decoded_dat/c/ten/bash.dat	1	157	6b0194d57603526165682128d591b2743bd05602c8970f932f0db45e7b887195
decoded_dat/c/ten/blade.dat	1	150	37ee192c084d663b2e84a7028d7d932d117b268980094b1625600809c289a0d7
decoded_dat/c/ten/pole.dat	1	166	5fcf5564147774faf5923361353352b247fe61ecda3e36b413e253e17bfa0068
decoded_dat/c/ten/swords.dat	1	164	d6cfe72f2357193cddd5a62c36d52a519a9a6da78fb3e9a43d989e08ec7cc23a
decoded_dat/c/ten/ten.dat	1	337	88b98e30a682b1797f1f787e4516ec9cee745de06a570d171b45dfe5fb158625
decoded_dat/c/tobi/a/fox.dat	1	33	367646db9c2c1802b296152c31b0462e1b667899ecad08b187ddb81c9a0e3cff
decoded_dat/c/tobi/a/kat.dat	1	46	787af77dbcfc28fdd8eb67f4eaaac0fb7c92f6aa3172a078ed05cbb04dc3839a
decoded_dat/c/tobi/tobi.dat	1	358	c50e978f1a6be3f72a4267eb95840e54c7641d863c5354098c945f1da12f0298
decoded_dat/c/tobi/ttobi.dat	1	261	4293068e57ca7bbdd48ff9a3d02fe67109e0e5602e2fc04f2dca3010b1958ebd
decoded_dat/c/tobir/a/atk.dat	1	81	30775aef41f6c114169a7ec3d3df6473e30eb7f998e1a55cfce884bc102e8698
decoded_dat/c/tobir/tclo.dat	1	147	dcbb3891422016190c352141c88dcfae0470535af0d3f90cd929101460dda30e
decoded_dat/c/tobir/tobir.dat	1	273	bc960f1361d1595810ef42d4f0e4379e58f37e621cc8a68d6d88b1c6e4d5e27e
decoded_dat/c/tsu/a/atk.dat	1	4	fb49ac4ed11f0674d35a0249b3d1ba14c7e805629171082b7f27309fedfa283c
decoded_dat/c/tsu/tsu.dat	1	220	9a38a38d9eec1c54a0434679d9bf2991f40384cef0f7ef9b495a4f37c56e8e13
decoded_dat/c/yag/a/dra.dat	1	17	8ff2d4a7ec5167db9d8a2fb1d82e67588dded28b206decf6eb92527941684bd8
decoded_dat/c/yag/a/mir.dat	1	109	ae07e6ed6f0cccf0b7f97036caed2c0b82c1b841a0282110196d6c45758eb6af
decoded_dat/c/yag/yag.dat	1	317	850079d7a7e1b684129fe3e32987926653c74f020b206f92889631fa18f815d9
decoded_dat/c/yam/a/tre.dat	1	182	0294f83369bcf3b6ddc986bd5e52d10e482f93f703c5758e8d460861711ade7e
decoded_dat/c/yam/yam.dat	1	353	2e6cbd3662981325634ceed9f36eab93a411b5fc347e5e3ca0eee721edb04d41
decoded_dat/c/yam/ycl.dat	1	149	4639f0e5279bb010966884991bd3ac27b59ae590e3663da9b832e2dead1d8198
decoded_dat/c/zab/a/dra.dat	1	28	a4b43db15488f73416f6f6f47967c8de7bb01389307e93276e94e6addda9c068
decoded_dat/c/zab/a/zab.dat	1	120	ee16680dd11d7cf50dd245c6fb13a762da2660222b52efa254ee1b79cba147d2
decoded_dat/c/zab/clo.dat	1	156	340d55c2d5cfaedb6e076fb1c9c4717d027c519a5d4653891ceabfa97d5fe966
decoded_dat/c/zab/dem.dat	1	410	2cf4622706658b0c0916ada2a21393dcbd09808aa6e5eb059a86971e460ebf10
decoded_dat/c/zab/zab.dat	1	419	80bf2f06e63fae237252db6895612d608277c4c72888332552a0436882fa94f7
decoded_dat/custom/1genma/a/bigdragon.dat	1	12	284b59f93b2f412cedd7ce8001cd152d047c0e574e74ac5c9fdede9dc707525b
decoded_dat/custom/1genma/a/katon.dat	1	13	9064d914a417b7dd02b4347524a67613535c40f10275458992465f074045684a
decoded_dat/custom/1genma/a/shuriken.dat	1	14	2f5c506a12034c7adc176cefadaa65ab89e418abfa2a283b2ea6bc325deb0761
decoded_dat/custom/1genma/a/smalldragon.dat	1	12	025c27346c8f7bfc0796ebafebf2987bf6ebf76e74d6b77d9525bb034b220516
decoded_dat/custom/1genma/a/wind.dat	1	9	30386702a5cb662bfc3a698bdd2c7af0dbd9366776f2e6f794b19ee8ea349e12
decoded_dat/custom/1genma/genma.dat	1	261	ec5fc073a77ba3b50f789a942021b73d4beee8dbbd69e7834c31c94d6a793d4d
decoded_dat/custom/1genma/genmaclone.dat	1	149	14bb1c61c8ef271c3a733aa987012e0f701ed736dad05268c8b870e4c8ab5c86
decoded_dat/data/bg/aca.dat	1	0	e3b0c44298fc1c149afbf4c8996fb92427ae41e4649b934ca495991b7852b855
decoded_dat/data/bg/are.dat	1	0	e3b0c44298fc1c149afbf4c8996fb92427ae41e4649b934ca495991b7852b855
decoded_dat/data/bg/cav.dat	1	0	e3b0c44298fc1c149afbf4c8996fb92427ae41e4649b934ca495991b7852b855
decoded_dat/data/bg/cli.dat	1	0	e3b0c44298fc1c149afbf4c8996fb92427ae41e4649b934ca495991b7852b855
decoded_dat/data/bg/dee.dat	1	0	e3b0c44298fc1c149afbf4c8996fb92427ae41e4649b934ca495991b7852b855
decoded_dat/data/bg/des.dat	1	0	e3b0c44298fc1c149afbf4c8996fb92427ae41e4649b934ca495991b7852b855
decoded_dat/data/bg/dis.dat	1	0	e3b0c44298fc1c149afbf4c8996fb92427ae41e4649b934ca495991b7852b855
decoded_dat/data/bg/ent.dat	1	0	e3b0c44298fc1c149afbf4c8996fb92427ae41e4649b934ca495991b7852b855
decoded_dat/data/bg/fod.dat	1	0	e3b0c44298fc1c149afbf4c8996fb92427ae41e4649b934ca495991b7852b855
decoded_dat/data/bg/for.dat	1	0	e3b0c44298fc1c149afbf4c8996fb92427ae41e4649b934ca495991b7852b855
decoded_dat/data/bg/hid.dat	1	0	e3b0c44298fc1c149afbf4c8996fb92427ae41e4649b934ca495991b7852b855
decoded_dat/data/bg/hos.dat	1	0	e3b0c44298fc1c149afbf4c8996fb92427ae41e4649b934ca495991b7852b855
decoded_dat/data/bg/hot.dat	1	0	e3b0c44298fc1c149afbf4c8996fb92427ae41e4649b934ca495991b7852b855
decoded_dat/data/bg/kab.dat	1	0	e3b0c44298fc1c149afbf4c8996fb92427ae41e4649b934ca495991b7852b855
decoded_dat/data/bg/pat.dat	1	0	e3b0c44298fc1c149afbf4c8996fb92427ae41e4649b934ca495991b7852b855
decoded_dat/data/bg/rai.dat	1	0	e3b0c44298fc1c149afbf4c8996fb92427ae41e4649b934ca495991b7852b855
decoded_dat/data/bg/ram.dat	1	0	e3b0c44298fc1c149afbf4c8996fb92427ae41e4649b934ca495991b7852b855
decoded_dat/data/bg/random.dat	1	0	e3b0c44298fc1c149afbf4c8996fb92427ae41e4649b934ca495991b7852b855
decoded_dat/data/bg/san.dat	1	0	e3b0c44298fc1c149afbf4c8996fb92427ae41e4649b934ca495991b7852b855
decoded_dat/data/bg/san2.dat	1	0	e3b0c44298fc1c149afbf4c8996fb92427ae41e4649b934ca495991b7852b855
decoded_dat/data/bg/sno.dat	1	0	e3b0c44298fc1c149afbf4c8996fb92427ae41e4649b934ca495991b7852b855
decoded_dat/data/bg/uch.dat	1	0	e3b0c44298fc1c149afbf4c8996fb92427ae41e4649b934ca495991b7852b855
decoded_dat/data/bg/val.dat	1	0	e3b0c44298fc1c149afbf4c8996fb92427ae41e4649b934ca495991b7852b855
decoded_dat/data/bg/vil.dat	1	0	e3b0c44298fc1c149afbf4c8996fb92427ae41e4649b934ca495991b7852b855
decoded_dat/data/bg/wha.dat	1	0	e3b0c44298fc1c149afbf4c8996fb92427ae41e4649b934ca495991b7852b855
decoded_dat/data/bg_mode.dat	1	0	e3b0c44298fc1c149afbf4c8996fb92427ae41e4649b934ca495991b7852b855
decoded_dat/data/bgm.dat	1	0	e3b0c44298fc1c149afbf4c8996fb92427ae41e4649b934ca495991b7852b855
decoded_dat/data/broken_weapon.dat	1	103	a932dffde43781643b4af9816fa1dbe1343a2278fa17552e6e15ca92ce708fe8
decoded_dat/data/etc.dat	1	9	9918f28f6378d80e0913a465ae2ab3aa5f57dd031fa7ee7d3df06f8e2004191f
decoded_dat/data/frame/INKHUD.dat	0	0	e3b0c44298fc1c149afbf4c8996fb92427ae41e4649b934ca495991b7852b855
decoded_dat/data/frame/INKHUD2.dat	0	0	e3b0c44298fc1c149afbf4c8996fb92427ae41e4649b934ca495991b7852b855
decoded_dat/data/frame.dat	1	0	e3b0c44298fc1c149afbf4c8996fb92427ae41e4649b934ca495991b7852b855
decoded_dat/data/fusion.dat	1	0	e3b0c44298fc1c149afbf4c8996fb92427ae41e4649b934ca495991b7852b855
decoded_dat/data/kind.dat	1	0	e3b0c44298fc1c149afbf4c8996fb92427ae41e4649b934ca495991b7852b855
decoded_dat/data/menu.dat	1	0	e3b0c44298fc1c149afbf4c8996fb92427ae41e4649b934ca495991b7852b855
decoded_dat/data/minibar/none.dat	1	0	e3b0c44298fc1c149afbf4c8996fb92427ae41e4649b934ca495991b7852b855
decoded_dat/data/minibar/st1.dat	1	0	e3b0c44298fc1c149afbf4c8996fb92427ae41e4649b934ca495991b7852b855
decoded_dat/data/minibar/st2.dat	1	0	e3b0c44298fc1c149afbf4c8996fb92427ae41e4649b934ca495991b7852b855
decoded_dat/data/minibar/stage.dat	1	0	e3b0c44298fc1c149afbf4c8996fb92427ae41e4649b934ca495991b7852b855
decoded_dat/data/minibar.dat	1	0	e3b0c44298fc1c149afbf4c8996fb92427ae41e4649b934ca495991b7852b855
decoded_dat/data/mode/ntsd.dat	1	0	e3b0c44298fc1c149afbf4c8996fb92427ae41e4649b934ca495991b7852b855
decoded_dat/data/mode.dat	1	0	e3b0c44298fc1c149afbf4c8996fb92427ae41e4649b934ca495991b7852b855
decoded_dat/data/resource.dat	0	0	e3b0c44298fc1c149afbf4c8996fb92427ae41e4649b934ca495991b7852b855
decoded_dat/data/sound.dat	1	0	e3b0c44298fc1c149afbf4c8996fb92427ae41e4649b934ca495991b7852b855
decoded_dat/data/stage.dat	1	0	e3b0c44298fc1c149afbf4c8996fb92427ae41e4649b934ca495991b7852b855
decoded_dat/data/system.dat	1	0	e3b0c44298fc1c149afbf4c8996fb92427ae41e4649b934ca495991b7852b855
decoded_dat/m/hug/hug.dat	1	115	cb71101bb48c82a4196e9a39f7afeca95293595a99566910e991963abe004a81
decoded_dat/m/hug/hug2.dat	1	141	1cc81a4557358f9b2265aa89d41b93e647ba5ca893794b2abd5f49ae525993b7
decoded_dat/m/hug/hug3.dat	1	115	0a4782e94b0bd4e1450a3944f253708c67ec733c2c0f0de11df21eb6db2ac0d9
decoded_dat/m/nin/hun.dat	1	156	270be602ebaf71cedd9a78fb91fadae73f8b052cebc6ae9f4e13ae1e7715c575
decoded_dat/m/nin/nin.dat	1	166	f9de5083fa0d408332ac0a5d845e3bff6e8f955af207dbdb3e050c7ccd7b1aea
decoded_dat/m/nin/nin2.dat	1	172	13c9e76cf2e947377b8d98c9f17379541408f9b0e7ada0bf8d17bbc1df318616
decoded_dat/m/san/san.dat	1	181	f8fda2d8f5073042a76bf55977b5b969aba1777e7f63ecb38b64ef20526d5aaa
decoded_dat/m/teu/teu.dat	1	155	0b21d435bcfca9c59437a171a08bd1ebd4050cf55ffa3d5cf92d1916fed2c6c7
decoded_dat/m/ton/ton.dat	1	152	2dc3aba29c79ed26487c1ca06ea128026a55dd337915ccf26b5bba6f9541153c
decoded_dat/s/0/0.dat	1	100	2a8f53af42d0270ec6656af8b7985b7de1611fb679baf1334497b579a7c13db2
decoded_dat/s/0/iru.dat	1	426	e97a658de845369812cc5527020f5988d61f21f02ccc60c285a7c66e06c40546
decoded_dat/s/0/iruc.dat	1	181	e5840a1ac0a43f97600548bd3e5a194b5589ca219aeee78808025eee87e1e5b4
decoded_dat/s/0/ram.dat	1	26	9090b2a60b9d388cbc37555bc32254ac38773f862129e6c7e06cec086cfe829c
decoded_dat/s/0/stage0.dat	1	0	e3b0c44298fc1c149afbf4c8996fb92427ae41e4649b934ca495991b7852b855
decoded_dat/s/1/1.dat	1	199	9346863e61dac5c50c6098050c6987e7bd02ce71c07eede4812ccd03ea760687
decoded_dat/s/1/ncs.dat	1	87	a79bcd3e17886068451c750115b1f03a8d3b47ee77be8a94f71175b0f0209759
decoded_dat/s/1/stage1.dat	1	0	e3b0c44298fc1c149afbf4c8996fb92427ae41e4649b934ca495991b7852b855
decoded_dat/s/2/2.dat	1	84	474d61c075e2401d9dfa671824d29fd8fd12013a805c9345aa1582adc7b68617
decoded_dat/s/2/ncs2.dat	1	160	ac3778feea6c387227d2c248e8965294962d7def057536496100bc9c0dace4e6
decoded_dat/s/2/stage2.dat	1	0	e3b0c44298fc1c149afbf4c8996fb92427ae41e4649b934ca495991b7852b855
decoded_dat/s/3/3.dat	1	117	36bf0d9b2ba6917c1d15a46ac9ba825a5f38c865d5a4484dcbb2348247777e47
decoded_dat/s/3/stage3.dat	1	0	e3b0c44298fc1c149afbf4c8996fb92427ae41e4649b934ca495991b7852b855
decoded_dat/s/4/4.dat	1	83	4012ae7472eb70cf265256395be48cc4527ddb9d37748b486b478d5b2e4a30b4
decoded_dat/s/4/stage4.dat	1	0	e3b0c44298fc1c149afbf4c8996fb92427ae41e4649b934ca495991b7852b855
decoded_dat/s/5/5.dat	1	47	d2ae12c3e1d92f7adb54b09ec7cbeb78d6b041f71aebeb596d8a1a22432e53d1
decoded_dat/s/5/5p.dat	1	17	f73f36b0ff65e117976930206150685db224720fac3b4afe6d5833a3694d071c
decoded_dat/s/5/stage5.dat	1	0	e3b0c44298fc1c149afbf4c8996fb92427ae41e4649b934ca495991b7852b855
decoded_dat/s/S/S.dat	1	47	8ec05c398d22ea89a4ebfb10898aff5c4297e4151dc82db00cf49acaf592e83a
decoded_dat/s/S/su.dat	1	0	e3b0c44298fc1c149afbf4c8996fb92427ae41e4649b934ca495991b7852b855
decoded_dat/s/c.dat	1	11	8bb15e038d9ee017bc3f9c9f2f64605f22f193d0664ccb85f99b1bcd533d061a
decoded_dat/w/1.dat	1	19	84dab903398fa2717217b877c510fda5ef4e5fd7a83b2d892ef089c53c1bbce0
decoded_dat/w/2.dat	1	68	c85739b91df783196477ce7f8e7934ac15d49c7b07f8578f554c1daf12d66830
decoded_dat/w/3.dat	1	28	2ec2efec2bcb453ca1e3528f6a219ec2131e061587385493120abba5be2172d4
decoded_dat/w/4.dat	1	65	6238780c95e45ac1b4ac78bd4b3d0bdc3b9c2dd490b97f65fbd6d12913c55724
decoded_dat/w/5.dat	1	104	ac978d44d02ab6ede76623d6f9e06cd6494e280b38479168b5fdf84aaa9ce4e6
decoded_dat/w/6.dat	1	61	15d979ce60ec82af595322c60d3d77ae18b03dfdb00f7b41504519a25126700c
decoded_dat/w/8.dat	1	27	a35947240b36682f0b6a565c26dc54113b8dcb40bc3d74964c0a06837708a691
decoded_dat/w/9.dat	1	63	57722603ac319bb0c30c5be0d22c3ac933d493360cd0e0ca45df6dda2b06edf2
decoded_dat/w/b.dat	1	4	de4f760a8f59b7b70673811c222a6b30cb2665c5eb77d0db82b5cbe9597a6df2
decoded_dat/w/e.dat	1	29	2e5ff1d0281be0d541655ca3b37d0e0f8fcca689f792e77f208f607335701545
decoded_dat/w/h.dat	1	11	23661b11089f3317ccaa1351ccbf9038f89479b03bf049f6a511d5f848d01da3
decoded_dat/w/h2.dat	1	11	edd80d304e3efba565b1e3fd0b443ed56ece3fadabebc9fbf18ad21f0924e7dc
decoded_dat/w/l.dat	1	24	3d435f96903afd97705115e7a4571478af0403910a74aa97673ab26ce1e39eba
decoded_dat/w/n.dat	1	77	136f51fb4c437bb52af2afca181a2a4bc1866ea63b8c913ccf27730fd76d2088
decoded_dat/w/scr.dat	1	71	d88e6c02e5226fdb30a887fe784626bdfc807dc7d72fcbce1db3a8655c9c1439
decoded_dat/w/t.dat	1	11	cc23e8d110ea747832ecb406d84fedab3c45d706dff6691dd50f113a7f1c62a1
decoded_dat/w/x.dat	1	59	0a06ff0b000f2f3b26817ad3b3a2a1272c64790382d8c9ad2bf6bdb4ea5ff33a
