0	0
1	0
2	-9223372036854775808
3	0
4	4607182418800017408
5	-4616189618054758400
6	4607182418800017408
7	0
8	4607182418800017408
9	0
10	4607182418800017408
11	0
12	0
13	0
14	0
15	0
16	0
17	0
18	0
19	-9223372036854775808
20	1
21	9218868437227405311
22	0
23	1
24	0
25	4845873199050653696
26	4607182418800017408
27	4607182418800017409
28	0
29	-9223372036854775808
30	0
31	0
32	4602678819172646912
33	-4601271444289093632
34	-9223372036854775808
35	0
36	0
37	0
38	-6525715860059848704
39	7133971548195463300
40	2135984154753913624
41	-9223372036854775789
42	0
43	0
44	-1680180759924393728
45	172333849589698070
46	8538153091889889280
47	0
48	1451538192234020278
49	1942181106599464442
50	-5804759916403765248
51	0
52	0
53	-9223372036854775808
54	1444897139283370147
55	0
56	0
57	0
58	7435262438343316911
59	0
60	0
61	0
62	-9223372036854775808
63	0
64	784814635139381256
65	-9223372036854775808
66	0
67	6730612692434118945
68	-6721257405990043648
69	0
70	8062283869510703291
71	-9223372036854775808
72	4356088047876440064
73	0
74	-6954742157338525901
75	0
76	0
77	-9223372036854775808
78	0
79	0
80	-9223372036854775808
81	0
82	0
83	0
84	0
85	0
86	0
87	0
88	4
89	-9223372036854775808
90	0
91	0
92	-3557266432603267345
93	0
94	0
95	0
96	3150502331869538460
97	0
98	-9223372036854775808
99	699348346122824785
100	0
101	-9223372036854775808
102	7174616096288069420
103	0
104	-4347124262880664331
105	7968645760691204104
106	589718497463547409
107	-9223372036854775808
108	8523434703401507411
109	90
110	-7201336816176611467
111	0
112	0
113	-7758419585955197504
114	9070815588461461832
115	0
116	-6423894074065520640
117	0
118	4729360651764972960
119	0
120	0
121	0
122	-6575725068690112680
123	0
124	0
125	-9223372036854775808
126	0
127	0
128	0
129	0
130	0
131	-9223372036854775808
132	3377998514928206441
133	0
134	-5698929808588397170
135	0
136	66597216947279365
137	-9223372036854775808
138	630644685320224768
139	0
140	-3341928138140099511
141	0
142	0
143	-4155678829108544906
144	3253008985904644096
145	0
146	0
147	0
148	9037099439532974395
149	-1535676593644640779
150	0
151	0
152	0
153	0
154	0
155	-4171559121643742019
156	7082315536223620870
157	7455953019889504495
158	-7006051224755956998
159	0
160	3422716444464926546
161	0
162	1872117178295588383
163	0
164	-3578668393325849500
165	9191206063475850663
166	8497817266479895083
167	-7128690217591698524
168	1607897833586952197
169	169343084270426866
170	0
171	0
172	0
173	-400283056875263804
174	837036896820525295
175	3140090768021283950
176	-1207134882371322816
177	4606466816247742930
178	0
179	-9223372036854775808
180	494405107908083712
181	0
182	-4052616543003707898
183	1388019448044564318
184	3343515700665671680
185	0
186	595905451060562255
187	1241124740166644204
188	-5469072326054622488
189	0
190	3592105329660855105
191	0
192	7783305073327675194
193	0
194	-2277836249030983680
195	0
196	771318811750427293
197	-9223372036854775808
198	0
199	4396462589440520807
200	-2262184321245783475
201	0
202	0
203	0
204	0
205	0
206	-4675809811437191168
207	0
208	7217810998398927790
209	-2190157573695419191
210	0
211	7336157152034014917
212	-4368491638549381120
213	0
214	6853307202711518696
215	-4073528028093355492
216	7893543180176928621
217	0
218	0
219	0
220	7345370992241278976
221	-9223372036854775808
222	0
223	0
224	-9223372036854775808
225	1593959736801063324
226	0
227	0
228	0
229	0
230	-6102359951453510977
231	0
232	4538580725745342786
233	-9223372036854775808
234	8385753767904606008
235	8687906153053965356
236	-172960414486185878
237	0
238	3841115108239474688
239	0
240	0
241	915680807959772610
242	-4782323485735164226
243	0
244	7931770459178587551
245	0
246	120048121745751349
247	0
248	-1011667325912965152
249	0
250	7092410192056092365
251	-6684777493652715892
252	7335265489741760982
253	0
254	-4391151296547091104
255	0
256	450145266398134272
257	0
258	7606426831101760642
259	0
260	-9223372036854775808
261	6083921840637274342
262	5142413689675988
263	-9223372036854775808
264	3447814396699349120
265	8166270481168804375
266	0
267	0
268	0
269	0
270	6874484987514494789
271	0
272	-7268824513395611350
273	0
274	2559305917819470223
275	-989559185717658918
276	0
277	3353183408853140117
278	-4751346824079320762
279	0
280	2083068021630976692
281	-9223372036854775808
282	5281237821744752867
283	0
284	0
285	0
286	3930027794949529584
287	-9223372036854775808
288	5279071768315091298
289	0
290	-665603044508104626
291	0
292	9052713218546032031
293	-9223372036854775808
294	0
295	0
296	-2012630302347396336
297	0
298	0
299	-9223372036854775808
300	4844776765444602952
301	0
302	-1720128767050907648
303	0
304	7076514181427541192
305	0
306	2969253358555749916
307	0
308	-9223372036854775808
309	6863263414517902812
310	0
311	-9223372036854775808
312	217071674990753845
313	0
314	-3522993322643927634
315	0
316	6002389856087638724
317	-9223372036854775808
318	3354502468275589950
319	1759984535568908761
320	-1310702485665068454
321	2795083024842682308
322	6655976513645564711
323	-5694368433090451585
324	7531063085148410352
325	0
326	0
327	1523451559170760207
328	4654012016924860538
329	-2603564958786172229
330	0
331	8271720683719020552
332	0
333	0
334	0
335	0
336	1432332256952713216
337	0
338	-4134795430693293104
339	0
340	0
341	-9223372036854775808
342	6101013948214018048
343	0
344	-259043207760223656
345	0
346	5491272347746904159
347	-9223372036854775808
348	3922643034249359300
349	0
350	-3611521450876749824
351	0
352	0
353	-7149820027766230210
354	0
355	4638845397462965315
356	-9223372036854775808
357	0
358	6861281586176851968
359	0
360	3374124894749059951
361	0
362	-3567946787794714624
363	0
364	896331890531762176
365	0
366	1831601835840004593
367	7234745908692316262
368	-3151098743068715204
369	0
370	0
371	0
372	6929085446359019942
373	7494316374664537856
374	-8503382007480696256
375	0
376	3824109279845282825
377	-4846082676949350152
378	0
379	0
380	-5989263274298580794
381	0
382	0
383	-3917531731108814481
384	5812452727569298432
385	5892497032650280960
386	-6711527684172245475
387	0
388	5950725851480184884
389	-8231611939012301491
390	7272597733072331829
391	0
392	-1547200676949246903
393	0
394	7905888472329530096
395	-625781588246493356
396	0
397	0
398	-5935242597136355071
399	0
400	9103050702983446547
401	-9223372036854775808
402	6997060198236587903
403	0
404	-1288927740727332615
405	0
406	6692116072511675379
407	-9223372036854775808
408	6675455522438683686
409	0
410	0
411	0
412	982813552945028859
413	-9223372036854775808
414	6866793826852933807
415	0
416	-1150442946850117394
417	0
418	0
419	-2959601625875256228
420	5624905898492123520
421	0
422	-5195287403039556416
423	0
424	6231257094134169600
425	-5401830031860266148
426	7911890715864298384
427	4994587773771451753
428	-1348606786940464628
429	0
430	0
431	-9223372036854775808
432	1311219050633349290
433	0
434	-6068792162063204352
435	4559808943043051596
436	0
437	-9223372036854775808
438	3227171635660194532
439	0
440	-9223372036854775808
441	3981161968962124915
442	0
443	-5425190819045021073
444	1
445	0
446	-5809966742574727168
447	0
448	5766735155669393196
449	0
450	409803614627894873
451	8750631813447389003
452	-5812203360916513029
453	0
454	7429221216243679232
455	0
456	8152074515472289837
457	0
458	-5746160509638008052
459	0
460	4133540903988109579
461	0
462	2622972155562690378
463	0
464	-5251975341937427264
465	0
466	0
467	0
468	8584251700636578759
469	0
470	-9223372036854775808
471	0
472	9131794391667090709
473	-9223372036854775808
474	0
475	0
476	-7235444529820598272
477	0
478	2805208077993652826
479	-9223372036854775808
480	1061766250811564207
481	0
482	-4581029511804731345
483	0
484	8593568395868237205
485	-7730378536832308463
486	0
487	0
488	-811385182590224910
489	0
490	5727577960268779266
491	-9223372036854775808
492	4001391644069855232
493	0
494	-7787005230700298240
495	323734082396741051
496	0
497	-9223372036854775808
498	0
499	7793402973843092627
500	0
501	8106630401963185794
502	5424857451999158653
503	-9223372036854775808
504	7598859601571287238
505	6037598150819441972
506	-2828299563260990004
507	0
508	6231834215428555371
509	-9223372036854775808
510	0
511	0
512	-1434514281639693679
513	0
514	0
515	-9223372036854775808
516	1424731570539442208
517	0
518	0
519	0
520	5852294333595289660
521	0
522	0
523	1657340010311235088
524	-3594992969858951957
525	3774697368858332105
526	0
527	0
528	0
529	0
530	0
531	0
532	0
533	-9223372036854775808
534	4587710838568200692
535	0
536	-6614164813222248448
537	0
538	0
539	-536918069033754398
540	0
541	0
542	-4560713448199549386
543	0
544	2920405279867237963
545	-1134134171572428521
546	0
547	0
548	-4637393640695360102
549	7219577595900339493
550	0
551	0
552	0
553	0
554	-7579223764130362592
555	1783
556	0
557	-9223372036854775808
558	0
559	1508147561242835678
560	-5584395160546735883
561	0
562	7225950860390715991
563	-8943247719787075263
564	6586807998248352731
565	0
566	-5229579701436374826
567	0
568	0
569	0
570	0
571	6202230822590394553
572	-1663754632527249408
573	0
574	0
575	0
576	2662159113992036352
577	0
578	-1992756415985701247
579	0
580	8215129150243514766
581	0
582	7006159045048401920
583	5743389273875365356
584	0
585	0
586	0
587	-31464601316461234
588	0
589	4139163901285851761
590	-9223372036854775808
591	0
592	0
593	-833958172948959346
594	7636697593136807936
595	0
596	-4362405897726799321
597	0
598	3249396642859643557
599	0
600	3054348310386573312
601	0
602	0
603	0
604	3934150455100598064
605	-9223372036854775808
606	1075327010927275236
607	0
608	-9223372036854775808
609	7744544008888219645
610	0
611	0
612	5322419491891385269
613	0
614	-9223372036854775808
615	0
616	478177130178412544
617	-548984648968899714
618	6704810263182723091
619	3242767317812666291
620	-4714882640599522790
621	0
622	8290876334495320309
623	-3603702743696411140
624	4291702911330046921
625	0
626	-8402312578451718583
627	0
628	0
629	0
630	5872814385584326656
631	0
632	-3295808094491115520
633	6565538823851426088
634	0
635	0
636	3372840150253620185
637	0
638	-4871876140126529465
639	0
640	0
641	-5939775540909176113
642	6889729734280202190
643	0
644	0
645	0
646	1893849176989499392
647	-4726866878804673385
648	0
649	9183021883052307875
650	-5464004511224686021
651	0
652	0
653	-3823489558884986450
654	0
655	6005271830073821505
656	0
657	0
658	0
659	0
660	7832760876977381520
661	0
662	0
663	0
664	1874050533352708120
665	-1090186439707604192
666	0
667	0
668	-8446222068628877923
669	0
670	7773393939814040870
671	0
672	7940068696767953339
673	7698109741473990298
674	-7660136233992438477
675	0
676	0
677	0
678	5732105435722693773
679	0
680	-5044272650579345408
681	0
682	1299403076837340228
683	-9223372036854775808
684	2196063665000856405
685	3003361414240523004
686	0
687	8732431946771834624
688	2608421263322288825
689	-9223372036854775808
690	0
691	0
692	-9223372036854775808
693	0
694	1465409881109838287
695	-9223372036854775808
696	5861084577709452416
697	0
698	-1793469679682218155
699	0
700	5409126742470062000
701	-1754461564207252496
702	0
703	0
704	-5992746224060183549
705	0
706	0
707	-9223372036854775808
708	5096297967392915456
709	0
710	-3846318173355769856
711	0
712	4594484373617599157
713	-6748976246456899058
714	0
715	0
716	-8441827315903545243
717	0
718	0
719	0
720	9099997874876789111
721	0
722	-8415662814442601914
723	0
724	0
725	-9223372036854775808
726	0
727	3575925513776705524
728	-32534722575859712
729	6492151947944803699
730	1459166279268040704
731	-9223372036854775808
732	2871543324955710163
733	7859275616249562034
734	-2421405137715142138
735	3795900816993636416
736	0
737	-113287193594283924
738	8031062727206109184
739	2271821043619666713
740	0
741	0
742	5835556146836486452
743	0
744	2722686908915484754
745	0
746	-9223372036854775808
747	0
748	8944970102431735495
749	-3034986494583587800
750	7833241067224746202
751	0
752	-5026478524090023936
753	0
754	365735923072930530
755	0
756	8988071196135741504
757	0
758	-2103552442589219377
759	5557945614299721994
760	0
761	-9223372036854775808
762	7317012388337680384
763	0
764	-2143956262725082116
765	0
766	0
767	0
768	4861379099317907362
769	0
770	0
771	0
772	0
773	0
774	4662148795115551760
775	7628440086901913497
776	-5659993646970558667
777	0
778	5653050764042436608
779	-9223372036854775808
780	5474179660687735175
781	0
782	-9223372036854775808
783	2463737848447943107
784	196119465453658667
785	-7106277626521695793
786	0
787	2437183686062711577
788	-2556729879004930225
789	2979596802314621434
790	0
791	-8732171197557711308
792	3411078000880646216
793	0
794	-9223371920996781119
795	1373955209158342308
796	4092707849484805482
797	-6059747313961775254
798	0
799	0
800	-4006405117611165524
801	1582474903313731973
802	363435558447349760
803	-9223372036854775808
804	6134786086153051641
805	0
806	0
807	0
808	0
809	0
810	2521569845418845880
811	0
812	0
813	0
814	8762192879700410368
815	-9223372036854775808
816	2988496793550979072
817	9115170986353544084
818	-7826197708950747567
819	1232121418661046113
820	6879522128006217728
821	0
822	5435806554294042267
823	0
824	-6237890104187158528
825	0
826	8606454610889173888
827	-9223372036854775808
828	8531648479830002181
829	0
830	-5001445911684998458
831	0
832	1226468444247816633
833	-9223372036854775808
834	0
835	0
836	-9223372036854775808
837	0
838	19071502134977
839	-3644558766780255765
840	2195435631737765888
841	0
842	-9029956315500318199
843	0
844	2221252113630058056
845	-9223372036854775808
846	9074859304668038261
847	0
848	-613872923780921389
849	0
850	3442555940583946021
851	0
852	8434172001581697845
853	0
854	-8395773126536221089
855	0
856	0
857	-9223372036854775808
858	3892176112473588557
859	0
860	-2661179387674440654
861	0
862	3025465654037796530
863	0
864	1023783971582716188
865	0
866	-8684933749687713792
867	0
868	4975845429294838628
869	-7896988852099346958
870	2458476771568329856
871	0
872	-9003865535485575168
873	0
874	4698240144347592456
875	0
876	8242885415850213376
877	0
878	0
879	0
880	0
881	-9223372036854775808
882	1348184054121927200
883	0
884	-9223372016021411575
885	0
886	4125297258671374336
887	0
888	0
889	0
890	-8894016573231229767
891	0
892	578431077140398080
893	0
894	3800064534561353966
895	0
896	0
897	0
898	2128801405225348928
899	-4579386764849840128
900	6301726371346415616
901	0
902	-9155261230049455361
903	0
904	0
905	0
906	0
907	0
908	-7193076441873780284
909	0
910	0
911	-9223372036854775808
912	0
913	0
914	-63282235659892376
915	0
916	395809752467396289
917	0
918	8917924421878596374
919	0
920	-9223353526960459368
921	14953
922	0
923	0
924	0
925	0
926	0
927	0
928	190074774116892672
929	-9223372036854775808
930	948232305684784628
931	0
932	-9223372036854775808
933	4746167338386938884
934	0
935	0
936	0
937	0
938	-3796253010896617472
939	0
940	1802695046191271404
941	0
942	4572176998315805331
943	5174656118101457725
944	-9223372036854775808
945	0
946	3973246467224950440
947	0
948	0
949	0
950	-1719848639385305088
951	0
952	0
953	-9223372036854775808
954	1738982455403547341
955	0
956	-9159147034265344135
957	0
958	0
959	-9223372036854775808
960	7387380060753121280
961	8881842874312030665
962	0
963	6114583600514183740
964	0
965	-9223372036854775808
966	921335588914405791
967	0
968	-2961124239782786269
969	4045344774595782562
970	1801439850948198400
971	-3203484418105917195
972	0
973	0
974	-7606596928357182316
975	0
976	7491937422289195422
977	0
978	611132392046400730
979	6763203213422670537
980	0
981	0
982	0
983	0
984	612996077980626336
985	9191044178468531089
986	-6306223038094376960
987	4411199283073543195
988	0
989	-3093122571224734260
990	0
991	1545828282515634410
992	-9223372036854775808
993	0
994	2660782954845831168
995	-9223372036854775808
996	9193178828683217957
997	6440685291963008434
998	-2652896848203034813
999	0
1000	0
1001	-8944070463226238484
1002	1819924367460174975
1003	0
1004	-3156677260079158679
1005	1644296400221732201
1006	3876916696478490481
1007	0
1008	4927319754131353182
1009	2018805986770157503
1010	0
1011	2162980014134041833
1012	7195922770121208319
1013	0
1014	8196551321814302720
1015	0
1016	0
1017	0
1018	0
1019	0
1020	4762275107811893248
1021	0
1022	-9223372036854775808
1023	0
1024	9052480686647137708
1025	-1162813563660722198
1026	675160869657116372
1027	0
1028	-1316049228656373454
1029	3062241070697531767
1030	5391751670099077448
1031	-2021644372850035014
1032	0
1033	8462609771547433086
1034	-9223372036854775808
1035	7043693469640971697
1036	0
1037	0
1038	0
1039	0
1040	-9223372036854775808
1041	8705902597333872261
1042	0
1043	-9223372036854775808
1044	250894732562
1045	4901308094268946348
1046	0
1047	0
1048	0
1049	-9223372036854775808
1050	4005937276613531979
1051	0
1052	-3258706550671901263
1053	7163801067627340371
1054	1048947779929988409
1055	-8343430370092995152
1056	3371661821277770496
1057	6144608365361701881
1058	-8636778185389768704
1059	0
1060	0
1061	-4704752974116368720
1062	5021177106705333120
1063	0
1064	-9223372036854775808
1065	0
1066	508703247054144608
1067	-9223372036854775808
1068	2614492922598326272
1069	1706259575430004499
1070	-9223372036854703333
1071	0
1072	0
1073	-398538935363865978
1074	0
1075	0
1076	-2113389711283939912
1077	0
1078	0
1079	0
1080	0
1081	0
1082	-1049654768906443597
1083	0
1084	3584893819762050787
1085	0
1086	4359484439294640128
1087	5204017580003599264
1088	-4910122080167314435
1089	2849061368807438093
1090	2631903208342534244
1091	0
1092	7036368749674368770
1093	0
1094	-7602947779086119949
1095	0
1096	4512395720392704000
1097	-8285576553084375253
1098	2105029550782710340
1099	0
1100	-8989333367025531677
1101	0
1102	0
1103	-9223372036854775808
1104	8360202867080639530
1105	0
1106	-5669759025467421977
1107	5378765567645471399
1108	4687082555829596850
1109	0
1110	1901803481767985347
1111	0
1112	0
1113	0
1114	1922415747107231781
1115	0
1116	4078132871006545600
1117	0
1118	-5342085958181812096
1119	0
1120	473596984747603419
1121	0
1122	2110336300993850459
1123	0
1124	-3491978561072398336
1125	2200917009668572188
1126	1603480182575501211
1127	0
1128	8377968892823688161
1129	3799440242946767118
1130	-4116303223050497397
1131	390209159254523044
1132	4800533307187154566
1133	0
1134	7548929902083309568
1135	0
1136	-292178146920298845
1137	0
1138	1552664020945731584
1139	0
1140	4893626108675382133
1141	0
1142	-7659984906077921280
1143	4825668656518809477
1144	0
1145	-4992123854743500143
1146	6901081901221961728
1147	9176608752755988840
1148	0
1149	7520844224707877239
1150	3
1151	-9223372036854775808
1152	5972380040239113908
1153	8245387490832375350
1154	-4814143280344602942
1155	0
1156	480853285096961024
1157	0
1158	0
1159	5868364872592679060
1160	-2602685377724547072
1161	3301703882846931277
1162	0
1163	0
1164	4983106544156161327
1165	1048507139002787055
1166	-7186495046319865856
1167	0
1168	0
1169	-9223372036854775808
1170	0
1171	0
1172	-8865156939831883511
1173	0
1174	1266738739202543616
1175	-9223372036854775808
1176	0
1177	7062389885443325777
1178	-9223372034737836836
1179	0
1180	6300339484976816437
1181	-9223372036854775808
1182	4342495720572836743
1183	1284044953964007142
1184	-3954501468679545139
1185	1522237746934963314
1186	0
1187	-9223372036854775808
1188	972320122674872320
1189	0
1190	-7925205984738325575
1191	0
1192	0
1193	-5711608410707748233
1194	6981326773907320096
1195	0
1196	-9223372036854775808
1197	0
1198	0
1199	0
1200	0
1201	0
1202	-5726326926201585664
1203	0
1204	8323286999462653170
1205	-3069826815099205581
1206	0
1207	0
1208	-9223372036854775808
1209	0
1210	2456897459712724495
1211	0
1212	7951002751734906806
1213	0
1214	0
1215	0
1216	0
1217	-8149671090990960418
1218	8994006781573141349
1219	8930694308046849774
1220	-3991456332105696127
1221	0
1222	297937396504651417
1223	-6012631326402514597
1224	0
1225	8016762469465388139
1226	-8932273776967306564
1227	0
1228	2367703507311583423
1229	-1663623951381262966
1230	8486309627862438865
1231	0
1232	-8416759880696203718
1233	8791990336241587551
1234	8060874985565028167
1235	-5218268973766859314
1236	4213596133139727429
1237	0
1238	-441810219184116497
1239	0
1240	0
1241	-6268119884342728526
1242	4675097329543716166
1243	0
1244	-8969991800094399521
1245	0
1246	1553563286865507850
1247	-9223372036854775808
1248	7314069554552392436
1249	0
1250	-6804741340693717150
1251	0
1252	4039535882647109632
1253	0
1254	0
1255	0
1256	0
1257	4900243158890209938
1258	8062769818684829077
1259	0
1260	0
1261	0
1262	-5090040687821955569
1263	0
1264	2589939694240117318
1265	-4382618672355641271
1266	6908939523075201309
1267	0
1268	-3465478246407925281
1269	0
1270	3369077461169101927
1271	-6210595616675615538
1272	0
1273	9022108382918141539
1274	0
1275	0
1276	0
1277	-3526225864488100783
1278	6057224189658038272
1279	0
1280	-3462994893364981527
1281	0
1282	6876348556512004522
1283	-8700875884720641128
1284	6326749395410150040
1285	0
1286	-3065614340099932160
1287	0
1288	6083507397218971844
1289	-9223372036854775808
1290	5451593055280824320
1291	0
1292	0
1293	0
1294	0
1295	0
1296	761108959795871744
1297	0
1298	-1593605863913206931
1299	6887490450337631132
1300	8297498883335244134
1301	0
1302	5518759165885196424
1303	0
1304	0
1305	0
1306	573102823582728192
1307	-9223372036854775808
1308	7216684738021757425
1309	0
1310	0
1311	0
1312	18067612152
1313	-9223372036854775808
1314	989713159675707392
1315	0
1316	-7974032715937446124
1317	0
1318	5452542247999111168
1319	-417685765426658321
1320	2847694662716620800
1321	0
1322	-9223372036854775808
1323	6505154166922329585
1324	466780982417407489
1325	0
1326	129741706397336595
1327	0
1328	-3130437821047327195
1329	0
1330	5574554914767383784
1331	-9223372036854775808
1332	3462423688517779456
1333	0
1334	0
1335	0
1336	4809957522880331776
1337	-1506106689351717407
1338	2622310128942045897
1339	0
1340	-1010840427010540239
1341	0
1342	2892592710412140544
1343	0
1344	9065879842363025378
1345	2862886619495869228
1346	0
1347	0
1348	7467983878783500134
1349	-9223372036854775808
1350	1546923062450385921
1351	0
1352	-9223372036854775808
1353	3260083137225756410
1354	0
1355	0
1356	6723000812501365104
1357	2808863461473884479
1358	-6055930205028387685
1359	0
1360	6549742937905823744
1361	-9223372036854775808
1362	0
1363	0
1364	-2080101643447258112
1365	4092258864980210837
1366	6253284162307861148
1367	-7185686943546156271
1368	3523146967136018304
1369	0
1370	0
1371	0
1372	0
1373	0
1374	27717227847352320
1375	0
1376	-9223372036854775808
1377	6160850942844506081
1378	0
1379	-4788193489067696217
1380	8089274171315453952
1381	0
1382	-4188463974105875576
1383	8533296850905109165
1384	0
1385	0
1386	7736743951235974975
1387	0
1388	-734758773712807032
1389	0
1390	0
1391	-9223372036854775808
1392	0
1393	0
1394	-4627746602517086299
1395	1897514080862106678
1396	7149747904998376287
1397	0
1398	0
1399	0
1400	-6715260935189031397
1401	0
1402	0
1403	-9223372036854775808
1404	5024675760632233984
1405	0
1406	-9223372036854775808
1407	0
1408	0
1409	0
1410	9152211588609924255
1411	0
1412	-2178784626110749932
1413	0
1414	7643973014400270336
1415	0
1416	0
1417	0
1418	-2510527911638908928
1419	0
1420	4349995102580506624
1421	-9223372036854775808
1422	3636072598608838380
1423	0
1424	-6840342132054245175
1425	0
1426	0
1427	-9223372036854775808
1428	6804622231263904515
1429	5134707627357527258
1430	-5188705665175715801
1431	2824896503681823284
1432	5438426787313281769
1433	-9223372036854775808
1434	0
1435	0
1436	-5325399072654068608
1437	0
1438	2228413610954001860
1439	-9223372036854775808
1440	0
1441	0
1442	-2238372901566062085
1443	0
1444	7870470030038791982
1445	-9223372036854775808
1446	0
1447	0
1448	-6436291616992347556
1449	0
1450	2486681859803851776
1451	-2613429308259052190
1452	0
1453	0
1454	-5344692044627821630
1455	0
1456	0
1457	0
1458	0
1459	0
1460	-9223372036854775808
1461	0
1462	4217736637192339456
1463	-9223372036854775808
1464	0
1465	472012392173227392
1466	-7692180915991176489
1467	2354856734018585434
1468	4155630987771490933
1469	0
1470	6724418990793600349
1471	0
1472	-4397420960400289613
1473	0
1474	0
1475	0
1476	0
1477	0
1478	0
1479	3063598898886930822
1480	0
1481	0
1482	4850838440301821952
1483	0
1484	0
1485	0
1486	4418360703400315541
1487	-9223372036854775808
1488	0
1489	7957891723104085765
1490	0
1491	0
1492	8137872167305907319
1493	-9223372036854775808
1494	7749873455464673321
1495	0
1496	-9223372036854775808
1497	1269571392318379827
1498	0
1499	-9223372036854775808
1500	8525003070260641792
1501	0
1502	-8059712344785729371
1503	6565778426911192722
1504	8607007112066487628
1505	-9223372036854775808
1506	0
1507	0
1508	-1931819085456963443
1509	0
1510	0
1511	0
1512	9139169605096849408
1513	7060163352481249759
1514	-6125617841913985578
1515	0
1516	8094885508174315520
1517	-4363751318804804205
1518	0
1519	0
1520	-5506888309969848320
1521	6280060596554535707
1522	1431664218927262326
1523	0
1524	1058488463697137371
1525	0
1526	-828050453215313920
1527	0
1528	0
1529	-9223180943453486073
1530	1897860843601657856
1531	0
1532	0
1533	0
1534	5521222515327762432
1535	0
1536	1754441674056228204
1537	0
1538	-2853968300813772800
1539	0
1540	8714792406832078726
1541	-1865184722582144452
1542	7813163688184521280
1543	0
1544	-9223372036854775808
1545	0
1546	4781685946006584287
1547	-9223372036854775808
1548	3651566198658371278
1549	0
1550	-9223372036851923324
1551	9196747728599051776
1552	8666299492447632128
1553	-9223372036854775808
1554	1628754735728761110
1555	0
1556	-7496025432158512342
1557	0
1558	1167479065620959799
1559	0
1560	3942982350548734897
1561	1205255551342968566
1562	-9223317813322353927
1563	0
1564	7481537284265498714
1565	-9223372036854775808
1566	3225352038993374149
1567	19545314041530
1568	0
1569	0
1570	7410357682759811227
1571	0
1572	0
1573	3885162279139575416
1574	-1066373004225625449
1575	6388147659994135296
1576	3096150787511849472
1577	-6995350661661287530
1578	4997409329106665843
1579	0
1580	-1875531853651813912
1581	0
1582	0
1583	-9223372036854775808
1584	6837849289637854622
1585	0
1586	-7358224436427612605
1587	0
1588	4564848128754188288
1589	0
1590	3873927852303076093
1591	0
1592	-4065046986641739899
1593	0
1594	8439811656979568036
1595	-3809024845062196076
1596	4706436904219440295
1597	6416642323390045102
1598	-1215738022455264846
1599	0
1600	5457652953487769600
1601	-5775112592120557414
1602	3080363604607512094
1603	0
1604	-8986791330092236800
1605	0
1606	4334748916772743530
1607	-9223372036854775808
1608	3086206236610037329
1609	0
1610	-5924291795759398912
1611	0
1612	1009140971224849499
1613	-9223372036854775808
1614	0
1615	4777411757346766211
1616	-177386409932357632
1617	0
1618	6184316756457429038
1619	-5772887993366446478
1620	1793049225844490240
1621	0
1622	-9223372036854775808
1623	0
1624	0
1625	-1867002544658379756
1626	2322263778327507423
1627	0
1628	-6801541198876084116
1629	2840458073601406429
1630	5731099714412412928
1631	0
1632	8480292172799158120
1633	0
1634	-6415729081287353807
1635	0
1636	548438497550891799
1637	-9223372036854775808
1638	6476545252075372544
1639	1006631455706070165
1640	-1793085413193015972
1641	8911577729297337731
1642	6909259146860234587
1643	-5353448734316608412
1644	0
1645	4748663807713088857
1646	-1419950082187977454
1647	0
1648	0
1649	-9223372036854775808
1650	9145523385786875714
1651	0
1652	-3558848178749701298
1653	0
1654	9146589841352294400
1655	-9223372036854775808
1656	2209578166934420763
1657	0
1658	0
1659	0
1660	381332860908137
1661	0
1662	0
1663	0
1664	-8591086404319049153
1665	0
1666	6792968559869669965
1667	-4931180927754913879
1668	4629887251405002839
1669	3401219187433484163
1670	-3931612148446385449
1671	0
1672	1885163070818980603
1673	-5715039251428469757
1674	2099240376308072448
1675	0
1676	-2859410535812121922
1677	0
1678	4202780743420584101
1679	0
1680	6596176734094747570
1681	0
1682	-4981781422008134749
1683	3671517816047436565
1684	0
1685	0
1686	0
1687	0
1688	-5739240694116105674
1689	0
1690	136604795884764538
1691	-3296123166105965331
1692	1882511554990047232
1693	0
1694	-9223372036854743776
1695	0
1696	6676345632007776071
1697	-9223372036854775808
1698	8378894144474944303
1699	0
1700	-1662995625960053568
1701	0
1702	7402147169391776202
1703	-7529464817903687702
1704	3011992798563508992
1705	0
1706	-9223372036854775808
1707	6398279928932897883
1708	8671681082501890048
1709	-1836789449165673993
1710	0
1711	7803684846592098489
1712	-4084544031443701096
1713	6211712938180444217
1714	6145745344155511616
1715	-8575362849393893104
1716	8672601417306242118
1717	1628688145424081984
1718	-9223372036854775808
1719	0
1720	2579046324181513781
1721	-731382416371156077
1722	7605852407143425189
1723	0
1724	0
1725	7105867686068633692
1726	0
1727	0
1728	4800580511623168456
1729	7114791175649415722
1730	-6919851563648234449
1731	0
1732	0
1733	-5144831192512514955
1734	7578262420735393792
1735	0
1736	-9135423112886340551
1737	0
1738	8422807790605527552
1739	-9223372036854775808
1740	3589020823966006147
1741	1837802695609065998
1742	-3630364619285770160
1743	3140162002988046406
1744	3745434429837182464
1745	-8734926799108730804
1746	1754548627964952576
1747	6516462801472591953
1748	0
1749	8345324511591023141
1750	3338782967091691520
1751	-9223372036854775808
1752	8043216132575640295
1753	4736728242430436119
1754	-9223372036715437147
1755	6219095224733526825
1756	0
1757	0
1758	4043574757240557485
1759	0
1760	-459911615131680768
1761	5288251549468196738
1762	7620396850725991085
1763	-9223372036854775808
1764	8023472869849264190
1765	0
1766	-5463074148250096266
1767	0
1768	0
1769	-9223372036854775808
1770	2502376424344647032
1771	9041809483046634554
1772	0
1773	9019596082429755341
1774	2337194483768098816
1775	0
1776	1584855682081000121
1777	651364701440
1778	-3668460244733788160
1779	4002245735117257843
1780	5126917205556164829
1781	0
1782	0
1783	0
1784	-4551067743364841472
1785	0
1786	3174069212552590900
1787	-9223372036854775808
1788	4330237429995798528
1789	0
1790	-1438548237223985152
1791	0
1792	0
1793	0
1794	3728397317915945656
1795	0
1796	-5525101009523686415
1797	0
1798	4224939400426946560
1799	0
1800	7233805459992939632
1801	0
1802	0
1803	4867401109778636150
1804	0
1805	0
1806	0
1807	0
1808	-7397740658057805824
1809	7202874037452942932
1810	6191252759258248470
1811	0
1812	352989308330788008
1813	0
1814	-477482781273115608
1815	0
1816	0
1817	-1777783992262218228
1818	23792007525892352
1819	0
1820	-5034059797399380493
1821	0
1822	56012902
1823	-3984940177762395874
1824	0
1825	0
1826	-9170391562642751222
1827	0
1828	4462393097300894323
1829	0
1830	368984675818287911
1831	1916655318850143301
1832	-2398078880723586422
1833	0
1834	0
1835	0
1836	8943188367831465984
1837	8883728973367288917
1838	-6259174751626294113
1839	6026801689056637628
1840	5491034013682213967
1841	0
1842	2766282168905660620
1843	0
1844	-3464188221600334858
1845	0
1846	7746026963062105202
1847	0
1848	4955166097618261397
1849	0
1850	-6708631041877912727
1851	0
1852	331776963392858557
1853	-9223372036854775808
1854	701866522318446592
1855	0
1856	-208397467558335581
1857	0
1858	0
1859	0
1860	0
1861	0
1862	-3683676990449123328
1863	0
1864	0
1865	-1223248198985430934
1866	4779583681119285195
1867	0
1868	0
1869	3595063206411438602
1870	0
1871	0
1872	561303022441857024
1873	1405095565682873599
1874	-1279258421421959977
1875	0
1876	8217940636474721707
1877	-9223372036854775808
1878	703192779831126699
1879	0
1880	-5267669964625895065
1881	0
1882	2666578598870675362
1883	-9223372036854775808
1884	6684598708050796519
1885	0
1886	-4265449110503035451
1887	0
1888	3401568324293888916
1889	-3903604855719514095
1890	104691916108191444
1891	380167398170796373
1892	-2370622064308132643
1893	0
1894	0
1895	0
1896	4127759471954940599
1897	0
1898	-307567100847581216
1899	0
1900	2738381705122367275
1901	-9223372036854775808
1902	0
1903	387987083818191109
1904	0
1905	0
1906	0
1907	-9223372036854775808
1908	7762708916512033388
1909	4498157862743357567
1910	-9223372036854511032
1911	0
1912	819323778704322581
1913	0
1914	3896261159481769984
1915	0
1916	-82619683122970624
1917	0
1918	3194677488869441536
1919	-9223372036854775808
1920	0
1921	0
1922	-6446799410803053014
1923	106232017627324650
1924	3325994611779829760
1925	0
1926	1215799078826637076
1927	0
1928	0
1929	0
1930	1974
1931	-9223372036854775808
1932	6242351995482537984
1933	2881685254845071497
1934	-7519831276853735557
1935	0
1936	0
1937	-9223372036854775808
1938	0
1939	0
1940	-8249415580820222872
1941	0
1942	2590097524208585695
1943	-9223372036854775808
1944	0
1945	0
1946	-2459324658952877276
1947	0
1948	4228923442253409560
1949	-9223372036854775808
1950	5177790891687158776
1951	0
1952	0
1953	7068502220846066938
1954	1073234101014469192
1955	-9223372036854775808
1956	58531669927788544
1957	0
1958	-1041976383317737472
1959	0
1960	5764607523034234880
1961	-9223372036854775808
1962	764929930541592941
1963	736
1964	-8796879253952863915
1965	3058505350150204380
1966	1325899626759650802
1967	0
1968	1539806293449707478
1969	1379020595268475063
1970	-7386490151996657344
1971	0
1972	3110725103164325888
1973	0
1974	6807690506919070729
1975	0
1976	-6958402038296215552
1977	0
1978	7011550452720283022
1979	-9223372036854775808
1980	4053184531644160441
1981	48497631485131963
1982	-1598011636485216725
1983	0
1984	9065903860354517305
1985	0
1986	5622653226843755302
1987	7716474873234650676
1988	-3712973884615601773
1989	0
1990	1056125723520687808
1991	-4909596597165058937
1992	0
1993	0
1994	0
1995	0
1996	0
1997	-7924124472165990341
1998	8744255429325567561
1999	0
2000	-3942836807295144349
2001	0
2002	4164953850316324864
2003	0
2004	4850007370860334486
2005	0
2006	-1366757662827662288
2007	1349042098020903095
2008	6475594870248200538
2009	0
2010	7510644827058094971
2011	0
2012	-7184334369639207177
2013	6611273365735360049
2014	68747323863479010
2015	-9223372036854775808
2016	4787732232674896608
2017	0
2018	-7257771801344737280
2019	0
2020	0
2021	-9223372036854775808
2022	156
2023	8422723321099931608
2024	-9223372036854775808
2025	0
2026	7454957174329638272
2027	-7509883871455618220
2028	8306725983873886836
2029	0
2030	-5537936625486511308
2031	0
2032	7770767230664441856
2033	-9223372036854775808
2034	0
2035	0
2036	0
2037	0
2038	0
2039	-9223372036854775808
2040	0
2041	0
2042	0
2043	0
2044	7773665010315981671
2045	-8243099012540870059
2046	289885562863616000
2047	0
2048	-7984798196573208683
2049	1854123010604196540
2050	1568728699972180878
2051	-9223372036854775808
2052	3782652595269825536
2053	0
2054	-2375234715484422144
2055	7748462760148427706
2056	1402427208382848910
2057	0
2058	5964419052351992876
2059	5186063787302801249
2060	-5537476202211173438
2061	0
2062	6261474648596749420
2063	-9223372036854775808
2064	6511593747927189263
2065	0
2066	-125107534290689872
2067	3942005800445840773
2068	8450066910442150939
2069	-5667222298089948504
2070	5852159112768745191
2071	2283747472892284441
2072	-3718119963935965184
2073	0
2074	8837004460639802720
2075	-2236306701025989941
2076	0
2077	0
2078	-9223372036854774442
2079	0
2080	7774052124109357971
2081	0
2082	4811166548620607488
2083	0
2084	-3107630121236703738
2085	0
2086	2378321673763935919
2087	-9223372036854775808
2088	566324402019368960
2089	0
2090	-1554739964915749243
2091	0
2092	4156682575815742080
2093	0
2094	0
2095	0
2096	-2828680476410643444
2097	8062116848068665142
2098	8189938512166170730
2099	0
2100	0
2101	0
2102	-7197062141796767730
2103	5885061155917715704
2104	0
2105	0
2106	0
2107	0
2108	-5386991018595387887
2109	0
2110	3101042994152945440
2111	-9223372036854775808
2112	0
2113	7186666431700907840
2114	-993951292699446996
2115	0
2116	4164244407889368125
2117	0
2118	2609720082041103365
2119	69198242661024623
2120	-1424065675554670838
2121	0
2122	7431161211632222208
2123	-9223372036854775808
2124	2863235506912744962
2125	0
2126	0
2127	0
2128	8357373747255454257
2129	0
2130	922190816633014556
2131	0
2132	-9223372036854775808
2133	0
2134	0
2135	-9223372036854775808
2136	0
2137	0
2138	0
2139	0
2140	1142977521445240832
2141	-2271895947285336076
2142	2263280368018355072
2143	0
2144	0
2145	641924230897065432
2146	1729382256910270464
2147	-4110442389055944957
2148	3726228645077771653
2149	4425359839483026027
2150	-9223372036854775808
2151	0
2152	0
2153	-2060762635142103686
2154	629856583053503598
2155	0
2156	-6274663045154679556
2157	0
2158	5047582908588773033
2159	-9223372036854775808
2160	4644776759329872877
2161	0
2162	-9223372036854775808
2163	3392848573144103115
2164	5275356666613768827
2165	0
2166	5008746454561310874
2167	0
2168	-4254807781596477119
2169	879121045440820399
2170	8702325360008888364
2171	-8523243099548599751
2172	5166887887264885221
2173	2025504912767346379
2174	-675188100384686080
2175	0
2176	7581950531581991211
2177	-2943523513052473775
2178	671549335443970503
2179	7836554293916886654
2180	-282058767340050250
2181	0
2182	6319395302258022375
2183	0
2184	4016376841073459200
2185	4033016096041782145
2186	-4247991739627823022
2187	0
2188	418074656414454286
2189	-9223372036854775808
2190	8181525590225516006
2191	0
2192	-3061673690425982976
2193	0
2194	6927474792243998143
2195	-9223372036854775808
2196	7721630347442450208
2197	656043376640438452
2198	-2572459948308955136
2199	850366030017657684
2200	3156950414437826935
2201	-4245444398770945541
2202	1574059555183427908
2203	0
2204	-937944991144083456
2205	0
2206	1642810347539012006
2207	-8277862724482259153
2208	1461563325212000256
2209	3666314324657974398
2210	-9223372036854775808
2211	4382565031157914884
2212	2643660086223302208
2213	0
2214	6325630967971281553
2215	0
2216	0
2217	6819505597219919162
2218	0
2219	-3907337031147982310
2220	1964394471616149016
2221	0
2222	-8094879073567768576
2223	0
2224	2307749187337584640
2225	0
2226	3734496885221598763
2227	0
2228	-9223372036854775808
2229	6905221391949023315
2230	0
2231	0
2232	7686092294013239832
2233	0
2234	-2045852646867418515
2235	0
2236	2397394570649480211
2237	0
2238	0
2239	0
2240	0
2241	0
2242	0
2243	0
2244	3902542747875201524
2245	0
2246	0
2247	0
2248	3035541510813176483
2249	-6638668680081519965
2250	0
2251	3915653581399002811
2252	0
2253	672067251790128294
2254	8002223636721172480
2255	-9223372036854775808
2256	5147473633855478617
2257	0
2258	-5507408708207790593
2259	2220889753354357599
2260	0
2261	-9099321183041504738
2262	8784209700046168146
2263	1981872949248116778
2264	-5983665342577108694
2265	0
2266	7995195189557982826
2267	-9223372036854775808
2268	5132961801640230656
2269	3957631634144119631
2270	0
2271	0
2272	4940884122441659165
2273	0
2274	0
2275	0
2276	0
2277	0
2278	0
2279	0
2280	5696518740770816000
2281	0
2282	0
2283	2176860434224737641
2284	3112878009897246720
2285	0
2286	4285281997833053898
2287	0
2288	0
2289	0
2290	4747150676938637177
2291	-9223372036854775808
2292	5219390493145694208
2293	0
2294	-3542318818742952929
2295	0
2296	2239136552947265689
2297	-5351295642034745525
2298	4650351777053594405
2299	0
2300	0
2301	2076031476550504085
2302	4623582765590126340
2303	0
2304	6282212861011820544
2305	0
2306	-4616752568008179712
2307	0
2308	3092240113678155776
2309	0
2310	8345356049810540461
2311	0
2312	-1691682447778611833
2313	4648197211615698372
2314	0
2315	0
2316	0
2317	0
2318	-525562314402058735
2319	0
2320	0
2321	0
2322	0
2323	0
2324	0
2325	0
2326	3089762950139070946
2327	-9223370693905384973
2328	7421145599133826041
2329	0
2330	-9223372036854775808
2331	8642550468345770664
2332	616505925512360667
2333	0
2334	9027246184403168207
2335	0
2336	-4337991707956167821
2337	0
2338	4927048699170682378
2339	-9223372036854775808
2340	9217095063895232333
2341	7432777267034341209
2342	0
2343	5646195632356514413
2344	2379443767821205504
2345	-9223372036854775808
2346	0
2347	3781496239125140404
2348	-8080586920035412191
2349	6483103793889925454
2350	0
2351	0
2352	6923816046666972942
2353	0
2354	-9223372036854775808
2355	0
2356	0
2357	-9223372036854775808
2358	8809269555067533650
2359	0
2360	0
2361	0
2362	4728067131637402993
2363	0
2364	604400213322366976
2365	0
2366	0
2367	866070472519916864
2368	2669511362599537695
2369	-9223372036854775808
2370	9210440159101848617
2371	1118525911132581359
2372	-327715302591431680
2373	0
2374	3721301854576422421
2375	-9223372036854775808
2376	6223724290930542171
2377	426480184436768103
2378	-3135886106757691892
2379	3974912413002296313
2380	611266552957988027
2381	-9223372036854775808
2382	9028170606963076693
2383	0
2384	-8439590594073734133
2385	2225695696088946494
2386	328707
2387	-9223372036854775808
2388	2462930106603764312
2389	0
2390	-7877471880736163153
2391	0
2392	0
2393	-9223372036854775808
2394	0
2395	0
2396	-8370766584101750975
2397	0
2398	0
2399	-9223372036854775808
2400	255304182087711301
2401	0
2402	-6503882069173092754
2403	8576842429361113744
2404	4118163902108270592
2405	-6132933332502053193
2406	2585306602406432662
2407	0
2408	0
2409	4542526030583546618
2410	7009461255862859185
2411	-9223372036854775808
2412	4874905750782885859
2413	4410572201254550798
2414	-8820398889340469589
2415	0
2416	4558631653176641595
2417	-9223372036854775808
2418	6286602867344146432
2419	0
2420	-51370241401773606
2421	0
2422	6480305564605767081
2423	-9223372036854775808
2424	768325413546096817
2425	0
2426	0
2427	0
2428	3754315525790892032
2429	0
2430	2859528288439760520
2431	2917751827676510176
2432	-2960984598430979194
2433	0
2434	4688480231245104390
2435	0
2436	6771126855379451904
2437	0
2438	-4601552919265804288
2439	-4586634745500139520
2440	-4571364728013586432
2441	-4600989969312382976
2442	-4600427019358961664
2443	-4599864069405540352
2444	-4584594051918987264
2445	-4599301119452119040
2446	-4598738169498697728
2447	-4583890364477210624
2448	-4569060151641767936
2449	-4597893744568565760
2450	-4582834833314545664
2451	-4597330794615144448
2452	-4611686018427387904
2453	-4597049319638433792
2454	-4582131145872769024
2455	-4566861128386215936
2456	-4596204894708301824
2457	-4595641944754880512
2458	-4580371927268327424
2459	-4595360469778169856
2460	-4595078994801459200
2461	-4609434218613702656
2462	-4594234569871327232
2463	-4579386764849840128
2464	-4593249407452839936
2465	-4607182418800017408
2466	-4592545720011063296
2467	-4591842032569286656
2468	-4606056518893174784
2469	-4591138345127510016
2470	-4561152464014802944
2471	-4590434657685733376
2472	-4604930618986332160
2473	-4589730970243956736
2474	-4589097651546357760
2475	-4588816176569647104
2476	-4603804719079489536
2477	-4588745807825469440
2478	-4588393964104581120
2479	-4602678819172646912
2480	-4588042120383692800
2481	-4602115869219225600
2482	-4586986589221027840
2483	-4586705114244317184
2484	4621819117588971520
2485	4636737291354636288
2486	4652007308841189376
2487	4637089135075524608
2488	4622382067542392832
2489	4637440978796412928
2490	4637792822517301248
2491	4622945017495814144
2492	4638144666238189568
2493	4638215034982367232
2494	4638496509959077888
2495	4623507967449235456
2496	4638777984935788544
2497	4624070917402656768
2498	4639129828656676864
2499	4624633867356078080
2500	4639481672377565184
2501	4654311885213007872
2502	4639657594238009344
2503	4625196817309499392
2504	4639833516098453504
2505	4640009437958897664
2506	4625478292286210048
2507	4640185359819341824
2508	4625759767262920704
2509	4626041242239631360
2510	4640889047261118464
2511	4641205706609917952
2512	4611686018427387904
2513	4626322717216342016
2514	4641240890982006784
2515	4626604192193052672
2516	4626885667169763328
2517	4627167142146473984
2518	4627448617123184640
2519	4627730092099895296
2520	4643000109586448384
2521	4628011567076605952
2522	4643369545493381120
2523	4628293042053316608
2524	4628855992006737920
2525	4643897311074713600
2526	4613937818241073152
2527	4629137466983448576
2528	4643985272004935680
2529	4629418941960159232
2530	4644213970423513088
2531	4629700416936869888
2532	4630122629401935872
2533	4630404104378646528
2534	4630685579355357184
2535	4616189618054758400
2536	4630826316843712512
2537	4645744490609377280
2538	4645920412469821440
2539	4631248529308778496
2540	4631530004285489152
2541	4631952216750555136
2542	4617315517961601024
2543	4632233691727265792
2544	4647503709213818880
2545	4647758795911462912
2546	4632655904192331776
2547	4648005086516084736
2548	4632937379169042432
2549	4648049066981195776
2550	4648181008376528896
2551	4633500329122463744
2552	4648400910702084096
2553	4618441417868443648
2554	4633641066610819072
2555	4633922541587529728
2556	4634063279075885056
2557	4634274385308418048
2558	4619567317775286272
2559	4634626229029306368
2560	4634978072750194688
2561	4620693217682128896
2562	4635329916471083008
2563	4635470653959438336
2564	4621256167635550208
2565	4636033603912859648
2566	4636666922610458624
