decoded_dat/a/ama/ama.dat	1	29	55eb2080da5d96ee3252d8e1608da62ee9f31a6b99358c413aceb0a1b4302b1c
decoded_dat/a/ama/ama2.dat	1	21	b7523689efa498b1ff2e5cf6618c7fe13bb893e325b7e809a2b54cd4995d7634
decoded_dat/a/blac/blac.dat	1	32	5e39efb257fe32d8116d84bb7569ec2cd2c7fb9850d9691c5085c7093148cab2
decoded_dat/a/blas/blas.dat	1	11	a032363ffeaf9b68da3fd1375d84e0c679dab9eeea0297f9f81f3eea3095e006
decoded_dat/a/ble/ble.dat	1	4	dfb4c71076f11e5bc4a5938ce60b4e64fb7071fde13ed57f3edb9569df08ae79
decoded_dat/a/cha/cha.dat	1	105	7c76cab77c231bf0da768e2006b535193fe3fe288760e6dcf43d40b81db4e1d9
decoded_dat/a/cla/cla.dat	1	115	bda568d1c4c9a2392e4f30dc17bbd0189b64ed290b2343e845a111a395daaa03
decoded_dat/a/fir/fir.dat	1	111	49f798757fef59e8ddb5036c1ddf40e1ec7b04349669e83c31b4b1e7ddb3a1aa
decoded_dat/a/fir/firz.dat	1	28	3b3b7f2390b2e1c8c294391dd2e0d91df5e74b051929ee9e9899a9eedf77f8d0
decoded_dat/a/fir/fla.dat	1	4	13fffb9cffe2fb335d21c819b89d5d98ec702a4a282e5bbccc01284185f29fde
decoded_dat/a/fla/fla.dat	1	15	84ac0e2d40b729ad5ff29aa97cc802f6beed274c9d04ee093c2d9e888667ec09
decoded_dat/a/fro/fro.dat	1	96	4f5e6d3c1e3834b77cbfba9db426499e1867aafa997fc92e8607326237092da0
decoded_dat/a/gro/gro.dat	1	79	b18c888c43d10426769954a83999bb1d912cb85988331c77cff9bcb69d62b8e8
decoded_dat/a/gro/gro2.dat	1	6	dd8bebc90ca846d87ff96949f0f4e5168e7ff77c7b4d6cffbd1db6238f5d7c2b
decoded_dat/a/hea/hea.dat	1	18	e1d760167ce66893ae28d606c4f1b2c28dabade68437962239c8679bbc772989
decoded_dat/a/kam/kam.dat	1	52	9004681f9defb16f349ded8536ad9cd777320bad0aeb7aedcf73e95c532a6e71
decoded_dat/a/kat/kat.dat	1	42	2dc84a063a90c20823e1b4f3597a0b824935f9b20c940b45956ead394d42f74e
decoded_dat/a/kat/kat2.dat	1	41	a25b24c7e74d1d183f281173fdaed6a7175b3663cba4b7fc39de021083202c64
decoded_dat/a/kat/kat3.dat	1	11	dfc16c701013ab1fef9e9772f642875749aac5b6097238b7af5942f96a304b1b
decoded_dat/a/kat/kat4.dat	1	11	c3c8289af96482142d6dc1d9b244abb0213f36a63d4c7410df9efe6b37dbb37a
decoded_dat/a/lig/lig.dat	1	9	573d628954915ae9687ede3c37d18f2a68ee05cd5560f4e13b4cb6590a978bf2
decoded_dat/a/meg/meg.dat	1	16	975dc18fe9f4790cfd3844d6db1c5bb0f16c07936dbfcf927f36fc044d50143b
decoded_dat/a/pof/god.dat	1	56	0918821334536063d1f766460e85121e72db21c7bc579e7139a96683bc92a8ec
decoded_dat/a/pof/pof.dat	1	4	6db39296a3d709f3c1e9e314298eddeff5cab871b8cda54076452e11baa8af6f
decoded_dat/a/pof/pof2.dat	1	21	74a1f3c087f1f4cc8b6fc84e76688986945ad5bf1844da5555562d478fe8ac98
decoded_dat/a/pur/pur.dat	1	61	81513c13d34673a93c0615bd814f87286c4bfab4b9725ec305fba8a0f1caf096
decoded_dat/a/roc/roc.dat	1	10	01ce5de8384ca60012dd2949fecceffe6225423c7477cbd05761906b93801714
decoded_dat/a/sna/sna.dat	1	11	45d5ec75f3c13d8d0d137cc1145a5cfd6286f82128d5c92baf9d9d1d3f830324
decoded_dat/a/sna/snaoro.dat	1	11	d13a0c0078ac65b05eb7e7c0b33f361828e25bd042bbd26b280b0a7204a08a50
decoded_dat/a/sna/snasas.dat	1	11	87c26f32d42cace8cb6d7008fc35d65b4a72483c96f5dc3bc7c1e19a8bdb29c8
decoded_dat/a/spi/spi.dat	1	17	2e1d2d816d917a4f97bb96b82c6ec66b47eaaf70396c085c9ac12ededec7c40a
decoded_dat/a/tra/tra.dat	1	5	cc9d79f0a8be1a77f3fcdcc48b723f362f5a6d2eeb3b688881f81232c3f0013f
decoded_dat/a/wal/wal.dat	1	18	ec469903eb21fa5ed6a6c62af012d2f19363cac2cfb052b1db94405b3e18b2e5
decoded_dat/a/wat/wat.dat	1	58	99a8ea14755c4b8aa9c3c34c024c6b4fbcc52c45515c2a7f2dc184fe84821410
decoded_dat/a/wat/wat2.dat	1	32	c4879618673d512250b7af0e8f0749947d56b6454afb892fdfa9fd9a3c863e33
decoded_dat/a/win/win.dat	1	16	9417de8d4da17cab3a7b2b47744b97e24867c2212bcc03c4176a2194d28dba70
decoded_dat/a/zzz/zzz.dat	1	7	79a25a801cdd4362d57a3a2cc17cabe5a052b623c7c06ed915c3757cf1f6ed4b
decoded_dat/b/Aca/b.dat	1	0	e3b0c44298fc1c149afbf4c8996fb92427ae41e4649b934ca495991b7852b855
decoded_dat/b/Are/b.dat	1	0	e3b0c44298fc1c149afbf4c8996fb92427ae41e4649b934ca495991b7852b855
decoded_dat/b/Cav/b.dat	1	0	e3b0c44298fc1c149afbf4c8996fb92427ae41e4649b934ca495991b7852b855
decoded_dat/b/Cli/b.dat	1	0	e3b0c44298fc1c149afbf4c8996fb92427ae41e4649b934ca495991b7852b855
decoded_dat/b/Dee/b.dat	1	0	e3b0c44298fc1c149afbf4c8996fb92427ae41e4649b934ca495991b7852b855
decoded_dat/b/Des/b.dat	1	0	e3b0c44298fc1c149afbf4c8996fb92427ae41e4649b934ca495991b7852b855
decoded_dat/b/Dis/b.dat	1	0	e3b0c44298fc1c149afbf4c8996fb92427ae41e4649b934ca495991b7852b855
decoded_dat/b/Ent/b.dat	1	0	e3b0c44298fc1c149afbf4c8996fb92427ae41e4649b934ca495991b7852b855
decoded_dat/b/Fod/b.dat	1	0	e3b0c44298fc1c149afbf4c8996fb92427ae41e4649b934ca495991b7852b855
decoded_dat/b/For/b.dat	1	0	e3b0c44298fc1c149afbf4c8996fb92427ae41e4649b934ca495991b7852b855
decoded_dat/b/Hid/b.dat	1	0	e3b0c44298fc1c149afbf4c8996fb92427ae41e4649b934ca495991b7852b855
decoded_dat/b/Hos/b.dat	1	0	e3b0c44298fc1c149afbf4c8996fb92427ae41e4649b934ca495991b7852b855
decoded_dat/b/Hot/b.dat	1	0	e3b0c44298fc1c149afbf4c8996fb92427ae41e4649b934ca495991b7852b855
decoded_dat/b/Kab/b.dat	1	0	e3b0c44298fc1c149afbf4c8996fb92427ae41e4649b934ca495991b7852b855
decoded_dat/b/Pat/b.dat	1	0	e3b0c44298fc1c149afbf4c8996fb92427ae41e4649b934ca495991b7852b855
decoded_dat/b/Rai/b.dat	1	0	e3b0c44298fc1c149afbf4c8996fb92427ae41e4649b934ca495991b7852b855
decoded_dat/b/Ram/b.dat	1	0	e3b0c44298fc1c149afbf4c8996fb92427ae41e4649b934ca495991b7852b855
decoded_dat/b/San/b.dat	1	0	e3b0c44298fc1c149afbf4c8996fb92427ae41e4649b934ca495991b7852b855
decoded_dat/b/San2/b.dat	1	0	e3b0c44298fc1c149afbf4c8996fb92427ae41e4649b934ca495991b7852b855
decoded_dat/b/Sno/b.dat	1	0	e3b0c44298fc1c149afbf4c8996fb92427ae41e4649b934ca495991b7852b855
decoded_dat/b/Uch/b.dat	1	0	e3b0c44298fc1c149afbf4c8996fb92427ae41e4649b934ca495991b7852b855
decoded_dat/b/Val/b.dat	1	0	e3b0c44298fc1c149afbf4c8996fb92427ae41e4649b934ca495991b7852b855
decoded_dat/b/Vil/b.dat	1	0	e3b0c44298fc1c149afbf4c8996fb92427ae41e4649b934ca495991b7852b855
decoded_dat/b/Wha/b.dat	1	0	e3b0c44298fc1c149afbf4c8996fb92427ae41e4649b934ca495991b7852b855
decoded_dat/c/0/spe.dat	1	22	fcd06487ce56dd56cf290b688e1166a649e697b780e9d57d26920cdff7a182de
decoded_dat/c/ank/a/atk.dat	1	125	40b5102bf3233db8185529fa49a73c33308ca99552136abfe215724511bc9fc2
decoded_dat/c/ank/a/atk2.dat	1	18	555e0103994c2646b0e40d1e493acf9675a2136b31042fe44f4e6cccc0c752a4
decoded_dat/c/ank/a/atk3.dat	1	18	99b5198ca95693a6eacb1b3928bfc556bdde79a26ecedfb2503811afcb18ad18
decoded_dat/c/ank/acl.dat	1	162	5e334de9bed6e109e9d20d2a2f9dadbd64f61016cb0e251031ab433a84e9f92a
decoded_dat/c/ank/ank.dat	1	394	7dd3d1139e5b8f0fe5bacc0869db755358fd02dd6dbab826e78f7bdf2b21c6dc
decoded_dat/c/ank/ssnk.dat	1	94	643d632d9c374d480034d7d15242f697506f0c2214cdacdf123c4a4ff8694335
decoded_dat/c/asu/a/ash.dat	1	66	a4f1e579ab35ab5217f27a68bd741d0ad4b5cc7345e69bea40be0a8cbce966ff
decoded_dat/c/asu/a/fly.dat	1	31	b1b55ad97bfa3942b3ee69cbade8602810e3d57670b69b58724b5a4969985274
decoded_dat/c/asu/asu.dat	1	350	eb10ef6d9c19d2363c03c2e97bc2fe6b5f6ab73d697f3a00c561c805b61c6881
decoded_dat/c/bee/a/wind.dat	1	148	c3fa4fc058a1cacb3a1ec307ea74904bf3f257814b01d1f4c15e8545732510b4
decoded_dat/c/bee/bee.dat	1	454	0c0c61bff7f7280b2b658b7dfd35f5dd9bbbd521b8d4b27d6aeebbcc4538528a
decoded_dat/c/chi/a/atk.dat	1	168	126f0263b5821d3f436aa4c808f385c3e562029e0435d755689cf5a976111de7
decoded_dat/c/chi/a/pup.dat	1	90	9f532b0420474a459d1e2038f082bf8f76813d60c15d02dc622f434b1dd8e6ec
decoded_dat/c/chi/chi.dat	1	371	db659d1589e820e33664b1b0e28d0f824f210ee7c029e15dd6879e716032829b
decoded_dat/c/chi/pup1.dat	1	165	c4ee29d5b17dc1799cf47d03d00b89d60c4ae067f3404f8230fa045e695d3ab7
decoded_dat/c/chi/pup10.dat	1	143	765b9dd7e2149318638bd4babd6a9d3fcfe6369094545b0d2ff4a85dc91c0611
decoded_dat/c/chi/pup2.dat	1	143	f22370c571b6d24c6344f6a0e236e1d59daa6c699a6d962cc56fb271dfd0a843
decoded_dat/c/chi/pup3.dat	1	150	ccf42deadc7ab4f10e40470b3a578dd32fb1f55eb1968e95a6d06e81499f0822
decoded_dat/c/chi/pup4.dat	1	157	607bb4db4108c1c5226a2d123bf781ffe24d2d95e09936ee514c9a16fd87d736
decoded_dat/c/chi/pup5.dat	1	231	6ad26d1b69c1387088987ec2f873f87c764af044722c7569b95da610dfba9d09
decoded_dat/c/chi/pup6.dat	1	155	0cb107232431ce18b137c2d2311231c3ad6cea68139fd9cbd9752adc4ebe70e5
decoded_dat/c/chi/pup7.dat	1	141	9cfda8b80b368d94c0c09cd110a05fe1c08abfeac938ce5ddbb8c27ff1a5d4f7
decoded_dat/c/chi/pup8.dat	1	157	2025e0c7064250d3561a9f8817c11409d6f1341e6c17b94e2b2bb0e20b28f749
decoded_dat/c/chi/pup9.dat	1	144	46a683e452166bb372ad2ac8ff85fa005a01d87eb7bc35d2ab1010e48f66deaf
decoded_dat/c/dan/a/iza.dat	1	146	1e4899efcdf72c7d7d748b77cfb2c7a3499bd675d1229dc366b669131472cbb2
decoded_dat/c/dan/a/mark.dat	1	31	937bcc92430e06e1a0013338de11a2d273a2e51135cced27ce761b9afb4ab259
decoded_dat/c/dan/a/win.dat	1	78	386347786bbabb7ac2c025370d6ec80b9b24077d26798a10e22a6e0d639d9ded
decoded_dat/c/dan/dan.dat	1	386	d2692ddb9e360b54e4488d382bc7bdade3616590ab87da19b56e752a309f5871
decoded_dat/c/dan/danr.dat	1	406	5d0785e2d6cb07f2e27b19973d0ba769ca17184820aca3a226526f2d1bcd975a
decoded_dat/c/dei/a/cla.dat	1	249	a325152c1e512a6c8eafaafb4303f964bdc19b51d2ac47fdc6e92cf3b1b53d42
decoded_dat/c/dei/a/cla2.dat	1	16	38719f67df520297fbdde0e1e309a63543f492f02c330be3d59a2a3a8a7ebfbf
decoded_dat/c/dei/a/cla3.dat	1	34	e9f10fffd4fa20752bd3658ff74cf3ad4391e089b52fc9eff6a3a1489d58b948
decoded_dat/c/dei/bir.dat	1	198	7072c7ce7f9adc1f5c8e6360ca7a1961cba461763e50c291c3e645e4fffa0f4e
decoded_dat/c/dei/dei.dat	1	307	588c31dd99c9d8dfd303ee50556cd0187bc066398460ab4b07b5622b6951233c
decoded_dat/c/dei/ncb.dat	1	194	60a16902174ac1572f654f0291e3e2b2cb18b82d6f57cf6f792ca79f25193f01
decoded_dat/c/dei/ncd.dat	1	279	18b2260ba88dd78df98c98f1425c0672007dbe7e2c99a198358ece7abd741972
decoded_dat/c/dei/zom.dat	1	145	b54eb84326b9656b55e88ecd5082b61c466b549d7b2bc9d6bf4135724e105955
decoded_dat/c/dei/zom2.dat	1	151	2d888421c237384f2224b96c80e3f0df3e8b80615f4e28389f9561d6c225d026
decoded_dat/c/gaa/a/san.dat	1	229	ea17626403bd2e77b828a3b17b8e128326830b80edc0b7fec6cdffe114684023
decoded_dat/c/gaa/a/ult.dat	1	101	bc5dded51611f314f5b34176dfafa7e7599d230f581c7a97654c84f6fae237d3
decoded_dat/c/gaa/gaa.dat	1	343	9b780caacfdcc738435a2b43ae0337115e38c4c028b4bee3fc95d15d8a343df0
decoded_dat/c/gur/a/cag.dat	1	125	e0b32b49f31f5fd22b3b6f93ef96a0f73d2d7eb02e400ddec76e6b0cc6c3097a
decoded_dat/c/gur/fakefan.dat	1	148	0e57a83bd4961c8e303bbec3fbfa0a4a76aeb1aa9dd7af90d80009991f6ed614
decoded_dat/c/gur/gur.dat	1	241	88c63070b2d60af88c17363c68b20b3f46735304c8b103f1e17421367fb07f73
decoded_dat/c/guy/a/bal.dat	1	166	8edf6be1f5b6759ea24e6617408d5b22b747b5a4cff34ee5815bbd670d73c15c
decoded_dat/c/guy/gei.dat	1	283	148ef9acc59faa78f8cd27f8b2c67e762f80e812b0618eeea2c3f6a61eb9db67
decoded_dat/c/guy/gsi.dat	1	334	1156dcd9dc0373c81a40f78ce81dd60a336a0fab0b92c42b30b2ad127f96d94b
decoded_dat/c/guy/guy.dat	1	336	662b6b86967c5154a5406aea466edbdcb7834bb983a45cb5f8ca40d5aba687d4
decoded_dat/c/hak/a/mir.dat	1	105	c913492581991e454bbf34b3a2950d1ca9a9e77d427f9de4a332efd16f6d17ac
decoded_dat/c/hak/hak.dat	1	355	8c8b552761a8870023ee4ede90d8ba7173dc975a335d330d90deb06765771039
decoded_dat/c/han/a/ste.dat	1	38	9f876ee9ab783e4b988326e67c50a57eed341d75a21888fcacdcab285649ac37
decoded_dat/c/han/han.dat	1	290	b062ff9f350cf921c35fcdc5fe84b07f262f35969497780edaec11976d775357
decoded_dat/c/han/smo.dat	1	281	92cf454ef316ffc769f52fd784705608233ce96a07e3db9930859b94fc1f18c8
decoded_dat/c/has/a/atk.dat	1	256	a19c3f8c6f8bde210718d60233232617224d30a6ed067dfece15187ef1702864
decoded_dat/c/has/has.dat	1	280	2fcb98d0fe08a42097ed06cbdb4f8541815f1438a5652b13ea6d62656cef0712
decoded_dat/c/has/hcl.dat	1	143	334f3c226efe48365175741420ca21b3b5323d4e50cf217e0db8449d141ab9c8
decoded_dat/c/has/sag.dat	1	305	5f1913e2d4ebf2b414c7e908c26ec1e3650d42b9617aa54ed30b459def0efd0a
decoded_dat/c/hay/a/blo.dat	1	45	b1b5d0188df36c780fb3784c0a70a32b046f8e0aebef4a70995aeb9675feca7d
decoded_dat/c/hay/a/sla.dat	1	77	c836614bbb57096a48866ddcc8b2e375a6e8ce6e7f590f2342aebb7d0a9b0b32
decoded_dat/c/hay/clo1.dat	1	203	9d0e324f39bddec1d2ccd85af7451286cf746618c8dff74b3481ab0006616c1f
decoded_dat/c/hay/clo2.dat	1	215	13f3918e8ba0fc5c16cb5bcc7fb51e68f9f3ccd663686e80ada698e50cce53db
decoded_dat/c/hay/hay.dat	1	376	7c343759aa6fe88caf24d62b09483ff32f57a4ab4b57a6c503dff1421c6206e7
decoded_dat/c/hay/hayS.dat	1	264	3a9474e84c74c253ae551f649d06a96c5553310f56d21b0f0d9fa5afdc5525f2
decoded_dat/c/hid/a/rea.dat	1	46	6d16307a8c41affa1f059cef690c83ff22f1e388702dbe2d5b2e294b8f25f67a
decoded_dat/c/hid/a/rea2.dat	1	17	8e5b85e7ad6931e66aa2cf4e9a6e948a76bac4e5056c7cf50b538a2a1dcd470c
decoded_dat/c/hid/a/scy.dat	1	7	6d2407119d8d6fce6a3eeb474e63926fc61098d7da024fac75dcea2d993dc8a4
decoded_dat/c/hid/hid.dat	1	339	02fdf051195cd14bb29d301d84df2fec7ae944960bf27d307de8dff00574562a
decoded_dat/c/hid/rea.dat	1	348	ab9584428c6893839c5d95757c9e49045c7021f00de130aad1ea045c6b98a3ac
decoded_dat/c/hin/a/are.dat	1	112	34c6184e7997921746c65807db1fc74aac61474b61716527c93024cb707dba81
decoded_dat/c/hin/a/hincha.dat	1	53	15a3025e1cab7cf0558d150d3cb93701783db36d96d1dd5612f11293f43ab7ca
decoded_dat/c/hin/a/wind.dat	1	9	3da4ac38e66bbe9d85b0cc7a1153e62ad2e8da72d359abe66faeb3c78fb76f27
decoded_dat/c/hin/hin.dat	1	505	884776b4944c442da7371c8489e90aeff588d98de7a5cd903ce52da6a2a92a80
decoded_dat/c/hir/a/atk.dat	1	63	afdbb427f84facea6d060e99519078f2be182fc46e4f6f1cf90fe3cf064900cf
decoded_dat/c/hir/hcl.dat	1	199	1f98f4145711c3ff087929730321eeda7ab47d988ef0fe0550f98c1493f16668
decoded_dat/c/hir/hir.dat	1	316	7976d9242ba8904130a581a7e5b785eb4ec9a1996320fe3607313a0700776164
decoded_dat/c/ita/a/cro.dat	1	38	7d0fca255007a9bd0a14eab5935243e8da6d02a7b910b53dd789a64e19f8693b
decoded_dat/c/ita/a/cro2.dat	1	192	f18a899dbbaf5c3df325e16e71678e9cc27539441eaac8ce009d370b005d1852
decoded_dat/c/ita/ita.dat	1	485	7927d52f27165403bde42357e69bccd479d689f0b72ac723ee565830616b5775
decoded_dat/c/jira/a/mag.dat	1	104	e16a89d9cd63b7baebd32cd8ddf122802ef17426a5082a1278d598898269ee7d
decoded_dat/c/jira/a/ras.dat	1	103	f974924f4fec9d9719d2c824a8d64fc80529174025878d6697bdcead16fa8be0
decoded_dat/c/jira/a/toad.dat	1	136	d7e85df2d2e01a52cf1df6af37f611a6666780c1e9e5fdfe1c008c482b29f33a
decoded_dat/c/jira/jira.dat	1	512	fe78d6f9aa02a2915a14d7063f4bd30ed7a5e7d47f3a2429abc8fd78dde44d70
decoded_dat/c/jira/pre.dat	1	315	7e2f4d49a99ecf5b1393643c868387834f7a310cdaba1cbf1a894ed76356373e
decoded_dat/c/jira/sag.dat	1	559	ccaf87639bea3a3abe950025209942c5aa1de4ece8b5b547c4fa19d8a3111c5a
decoded_dat/c/jiro/a/cav.dat	1	109	3c13dce9e55ab8be819c0e48376c603bc26ac2a3c28bc05833a366b35af37434
decoded_dat/c/jiro/a/gol.dat	1	62	7e1631cff00a1d38b4e82e9817127d17c1f5027cd51d0547577cd75d84c26a43
decoded_dat/c/jiro/gol.dat	1	156	4a1b9fbe1f82ef4e9df5bd383459b8af6dffcbb68c68cd3b1e5321b89e934fdf
decoded_dat/c/jiro/gol2.dat	1	156	63de97de6003cb1e4145dfeb3af555b72cbc132a401b6a308f0c72ab40cd1e8b
decoded_dat/c/jiro/jiro.dat	1	343	792c41106ee97569c2713ac8ab2f0de17646060a6eff3055e3ced6b2eb303944
decoded_dat/c/jiro/jiro1.dat	1	299	ad9214423dfe6234d51d5d614874047bc05a686744dcce346ef8ba2be139fd3c
decoded_dat/c/jug/a/pao.dat	1	135	d7b8c759e93800b5eb1ffba9a5bb6b95ef3c88e53fab3d783adcdfd79007c29f
decoded_dat/c/jug/jugo.dat	1	354	60b1a8ff4f843a769e762556df5f470d79ee2d8e756a26665d3f0e21928b1f3a
decoded_dat/c/jug/jugoCS2.dat	1	383	df1840727fd21a497618a03ae88a73d4cc2d5b01761db5a52e1ab3809851b15d
decoded_dat/c/kab/a/atk.dat	1	135	3d9ca6d4fe8eaf7102354de8e243d69bf4a820f1ca4782e6d0496abdf3e7784a
decoded_dat/c/kab/a/cha.dat	1	54	562c470abd27bd8083a47b04a25eb94082a50d6280c66afb8cd3088d944a862b
decoded_dat/c/kab/kab.dat	1	362	99b94d2535ede40085a5e42684614ec6c2619b7d13a57b5b28ca9f905b16f829
decoded_dat/c/kab/tsurugi.dat	1	172	349b13fcdc907156f017361a4e78cd7d152f479eae02b3e6831019a5b59ed4ad
decoded_dat/c/kab/yoroi.dat	1	149	de17055ea6684b7c2cce18e647aff3a893266e05df74c3eb0692f6f4596438e3
decoded_dat/c/kaka/a/rai.dat	1	295	673e975d3111925f7c826fb04fdda7df831fa8b1df183efee5097eafa41b16a6
decoded_dat/c/kaka/kaka.dat	1	446	47f6a1c1a200647850e5b0fdbb5af9126419813bae0a869d1713bff52dfe89cd
decoded_dat/c/kaka/pak.dat	1	72	eca3c47ea18403e365c06e7bdb1a444fac62d2abfc33e63a5279a3a87ee0fc0b
decoded_dat/c/kaku/a/nck.dat	1	193	e0212fc772fd377ea12401ec1bc65dc409fbb7ea0d9eb2e0239bab6996b3ce4b
decoded_dat/c/kaku/kakun.dat	1	339	c7bd99bf0fa9346afcce0a1ba0b4de116f6f97c26a2c89d662c7b33a75b1ed01
decoded_dat/c/kaku/kakunck.dat	1	449	f7802a30d89c772f644090d007fd7ddb9fc6d716b51a642c9ce0f0c01934bdc4
decoded_dat/c/kaku/kakunre.dat	1	384	9510b34b522cb38b0a8673bb5141088420d9f656ebc59c86c2b6c13fa70c4bca
decoded_dat/c/kaku/maskair.dat	1	206	843f112e8a5fbd2ea6d2cc65ffcd8a8f72fff85899fd3d0cb5abb27ba87d4976
decoded_dat/c/kaku/maskfir.dat	1	234	4c3235ec661940904f50342d1a95ce1139fda2f384900b464136689c2000eae4
decoded_dat/c/kaku/maskthu.dat	1	234	d06461997de587270295131456576a50edf34aee2f1bff6ebfee09512d1ad992
decoded_dat/c/kaku/maskwat.dat	1	243	03ab29c72c9a7bc30763652d5d7b019f7e2ec46e59f6b63e232c20713fe091f3
decoded_dat/c/kan/a/kar.dat	1	209	5eeff35cff22303bf0a961f6505a2bc5b66047daef23efe4f5386b2beaf53283
decoded_dat/c/kan/a/kar2.dat	1	49	fc6af2f720565038ad2821d2a031086b3079358a5d38f617e1cb02f6399bc10c
decoded_dat/c/kan/a/san.dat	1	30	b6d9fdfc26fcb5765b5e488ea647d82b99c814046b81f60eba45d53e1324ac61
decoded_dat/c/kan/kan.dat	1	327	bb478db594f45c6be1b69f701cf1d8fc691df39dc131a65713432d9ce1a18b0a
decoded_dat/c/kan/kan2.dat	1	281	1afcc918fd6f70a26e364c757defcf99abc8eb63939883dd1d931ed42a1badb3
decoded_dat/c/kar/a/cha.dat	1	85	e6e28828e98549c102782686a9bf89b6eeb33b30ea1bc81defab86003f659a40
decoded_dat/c/kar/a/jug.dat	1	67	17f8ef45510f2498fc936c92856862dc352726f609c1476efd0edc079a8ed580
decoded_dat/c/kar/a/sas.dat	1	85	3efb901688bf44798eaf85fa28e94d3a9669bff55301576ac19ff309d2af0386
decoded_dat/c/kar/a/sui.dat	1	59	d303e57b850f079c7656ae0bb1b9713dec1e995914a48c8c2f1ee4bbbb280c39
decoded_dat/c/kar/kar.dat	1	409	a0770148bd1165f2d0adcaf2761eedf534fb6dc894f2ad5e50e3aa3250211ee1
decoded_dat/c/kib/a/aka.dat	1	90	2b68c3a36a8ae9987f48c91e8d290053036e63953d3cd31990fd554a604b7fe5
decoded_dat/c/kib/kib.dat	1	311	1936ef06c411a2f4ae34ddaa663857621b62fdbc43a7b364d4c68ba361db4f5c
decoded_dat/c/kid/a/atk.dat	1	44	821c9147d5ff13b67377af216096dba4d7aeb9640ebd81b4ac9b778dec19743c
decoded_dat/c/kid/a/kyo.dat	1	58	0a85336da6b1895fe019d6504f005269cbb07fbf3f95d755b980bb00d9209f4d
decoded_dat/c/kid/a/spi.dat	1	79	e881c22c1ba208d3c6a0e9a8b9f4902ebecae27e6e5a0a7b6f8cda669eb3b748
decoded_dat/c/kid/kid.dat	1	274	55a86bf8056672cfbb8abbcdd0e5b219c577dd546cb71f0e197c157d2aa88a28
decoded_dat/c/kid/kid1.dat	1	260	9c276048f1d607dbc86ab2438da86628cfd71779ed58576cb61464b1e72c3a84
decoded_dat/c/kim/a/bon.dat	1	56	565a48113b4ba0233ef9f869aacb8910ca66aa3a94163cfc680da57afd868987
decoded_dat/c/kim/kim.dat	1	291	d4dc50aaae29080b6a487eb887eb9deac288f5cc873137ba05b9f15a7bc551e2
decoded_dat/c/kim/kim1.dat	1	273	66a00bb0a6b3c713a767e4e339319968f650f388ba1eb707d06e97e391b86f2f
decoded_dat/c/kis/a/wat.dat	1	164	f50a9a0fcc4cb6867727df2a328b5276c5ee73d78fa96b394a1914805b841f7e
decoded_dat/c/kis/kcl.dat	1	159	464399e4d4a6b6d97b2f125fb1962e66a11dd0a9f6aaded256160b553af8d8a7
decoded_dat/c/kis/kis.dat	1	309	245730c4ec1ed3d5a8c8101b46415c7ab2397d6b4522cff25dd87a1c71bb4bb2
decoded_dat/c/kis/nck.dat	1	291	fc660d5411050d54e3348cacbbfebf5e12603879e24b2e3756093186460dbe51
decoded_dat/c/kis/sam.dat	1	168	191aeebeba2806ef3bbd3e1a5ece4cf19aabe944493825a35f516358069af534
decoded_dat/c/kon/a/pap.dat	1	131	01566b4b7f833452df6f52ad31cc21283b6bf07beb05f72090cd0131467d7e83
decoded_dat/c/kon/ang.dat	1	239	fcf00c974b12e4df4d1d1d9d583c7e02ea62d65d6d4af051db5578e32269f033
decoded_dat/c/kon/kon.dat	1	327	630d096951dd556413d24d3ddf86ca9b46dd17091d91cf89d3fdcd34a1392cfc
decoded_dat/c/lee/a/lee.dat	1	39	47564616ee882c94963f91ca60a24fdc689bca93d65f19a9f4fa4639ef3b108b
decoded_dat/c/lee/lee.dat	1	446	2e416ab3aa17ae74b60097841410d31c0f1f5c6f0146a97c704a05a429e7beb8
decoded_dat/c/min/a/fla.dat	1	33	a3b969b00b32e65f48a4af704825b23d8f7a58e2162e6cd56137eef4e3e0784a
decoded_dat/c/min/a/fly.dat	1	49	fa5082f6181145677a542ee77d7f1944a2a46ff5a609482b9c744b9e5864c672
decoded_dat/c/min/a/fly2.dat	1	7	4c215fc68d9ddc53690a8f71d4bd61ee51f757c5a41905903adc0934c23847c0
decoded_dat/c/min/a/kcm.dat	1	54	88a07086824b6d0c9cbf80c7930bd7343565990d914545d839fa863ca3d055b4
decoded_dat/c/min/kcm.dat	1	315	d5e8fc6202c562026e34251d09bd822aa053f9d1e0d67015a26a02b89da7a5a2
decoded_dat/c/min/min.dat	1	334	f9f23d5d3ab3260abde5f2e089273ff313ee42fe2cbc2097613550464760e0e7
decoded_dat/c/min/sag.dat	1	327	075410850b008b2b2ca53c4d9d5a1cfd3fc42e0235d04e25403c296d40faec7e
decoded_dat/c/miz/a/shur.dat	1	76	16fd791fe53011112dd5d200720b9ad9f297fedbf1b9bb6e056d6a121270bbbb
decoded_dat/c/miz/cs2.dat	1	260	fec11cdd8221565032b5926a9fbc2eda1659a9795ebf1458f8168384111ab764
decoded_dat/c/miz/miz.dat	1	261	89654ca1af108087fa6a1c2055d93a5246de27b43849b7114035b7e92405924e
decoded_dat/c/nar/4tk.dat	1	186	6b1c754a22c7af25b6c5bef47e24fa62be4d9361956d6f535f559fc9164c91fb
decoded_dat/c/nar/a/4tk.dat	1	73	d2b519d04ec0df907ade329d1785bec919a688308f064a010f07704371f73d10
decoded_dat/c/nar/a/atk.dat	1	230	083254377fa1e4408f9a166d8f15b57fe8982eb16ad94b48b99b54c45837dc27
decoded_dat/c/nar/a/ras.dat	1	55	494adc19fe0100ef3bf528959cd80c6b5667740953bec0912bb4209f96828702
decoded_dat/c/nar/kyu.dat	1	292	23f72a44f337a3fffe2a24485991ac158d3d1a8d8cef86c756b0667af6b6326c
decoded_dat/c/nar/nar.dat	1	498	46f75cdea516bb818a4415d3228a623279334397a3633cba25cceb59e50c9331
decoded_dat/c/nar/ncl.dat	1	267	eefffa5bf75fa978dd9eeeef3a0f4885f418c9a272779d8f389b2318fc560cc6
decoded_dat/c/nar/sna.dat	1	372	eee50ca6ac0eaeb2930806814aedd27d89c6fc7b1ceb60e267df878f85c30412
decoded_dat/c/nar/snc.dat	1	286	f241418098e3c000c117721aefb6bf9cada83ec16a3065733a387fffd3dbfea4
decoded_dat/c/nej/a/are.dat	1	114	3cac5bb0fd6fe6f156030a37c82ac3d8c5ebd0de4dba4fa55884b7e08115e027
decoded_dat/c/nej/a/bya.dat	1	58	117fce4979edbed53be4b5f230b2f1dce3c6ec7056cc3fb128e2e144073ee522
decoded_dat/c/nej/a/bya2.dat	1	58	63b78c4a364ab4791ce020c4ee1e042945b3c8fd2ef99e2fcf21cdd2177d0fb2
decoded_dat/c/nej/nej.dat	1	452	6feb1bfdfab49ad853ab12a1c4cd40d4e01521c4fc3ccbca677b17806268ccbe
decoded_dat/c/oro/1.dat	1	79	7c389204299bf072d4ef0ad63ad9e0fe541f0ea753dff8abd1016f09596db68e
decoded_dat/c/oro/2.dat	1	79	201c7fcfa760ee461c45ac483c0bfd4a75e0bd7aa59d6ccd0c65a648eed68095
decoded_dat/c/oro/a/atk.dat	1	163	03b3cc985e7f3aae370b9627f4b8918c385c6005dd005ea678c7e33b524bc5f2
decoded_dat/c/oro/a/edo2.dat	1	7	ba8c60576a1e3738d7f556711e0e7d352e5af87eaa2339002536c76bce98c496
decoded_dat/c/oro/oro.dat	1	311	511392f6b9030783ec49a5e4c22c8e26ae6bace93ea7d7e480011fba79e3c249
decoded_dat/c/pai/a/cha.dat	1	64	9c66072dded638795383b531dd675b478844c3a72bab2b12a8c9bfea01030ab5
decoded_dat/c/pai/a/ox.dat	1	31	8d185a978ba87c43614d8ae254f53d9c0039dee1c648ad09a4de3e051143a3d8
decoded_dat/c/pai/a/rhi.dat	1	32	ece4980cdb527c0da8429410e0a7b1a32ad1570120cff654195f399625392fea
decoded_dat/c/pai/a/squ.dat	1	324	ca50c02f425320c2796840dba3650aa6e9eeffa1e8ea2aa950648e9fd2c6b34f
decoded_dat/c/pai/a/sum.dat	1	164	a43785df1eed5140b099f6f5ca076940650f551a5715724dc77f16a71b204b0c
decoded_dat/c/pai/pai.dat	1	323	b2f17f3f5a44595aa579b350a62186f3142cb39af2f5ca494b7a15fc27f35f9b
decoded_dat/c/pai/paid.dat	1	296	cc8ca3fe190b6b7d0e8400b67011ca7c697ae2accd538504f6241051327e4dcf
decoded_dat/c/rai/a/rai.dat	1	135	3e53894fd0553783b286eca41c127ee4fac907754fc94050aacbfa600ae409a4
decoded_dat/c/rai/rai.dat	1	432	2f79209013d9c860f775bd2bca1744c36d496c973ea70302987c392ac876df5d
decoded_dat/c/rai/raiT.dat	1	473	0a8d6237960b5a34c28a67d684c3f89d4ed4b6fe22b5824dac61512c77fa3a55
decoded_dat/c/sai/a/ink.dat	1	175	83ec7f531a7ee5da15d94f19894f4fa4b4c40e2a83844a8b91da2f299a7ef17a
decoded_dat/c/sai/sai.dat	1	372	9908de70689ac101dd416cc580a930a2812c3e10bd92760fc69319feaaa17b12
decoded_dat/c/sako/a/atk.dat	1	41	615796176173bb709f3e24db603ddfec96b794b5d840f9185c0f25341fc4b0e1
decoded_dat/c/sako/sako.dat	1	357	20640f2de0767c4dda0b501c742c87b3c82c4a1dfbdc12b90c1f474703916efa
decoded_dat/c/sako/sako1.dat	1	343	1cbc919b2dfd89c1c8080d67a402a1bf5971fa581c84f85bf9cc1a0804647af5
decoded_dat/c/sako/suk.dat	1	244	04455f7f94ec11218b265af3886dad2d2536ac6c1f5470595d7bc5a40cb33d41
decoded_dat/c/sako/suk1.dat	1	246	7e1d1d9d0169bf634dade27773c3af94e125c3843c9728cd6e117897dcad2076
decoded_dat/c/sako/uko.dat	1	208	baa1e55fad6c308759560787d19cd5154211332766b72b23a6bc5e724d30803b
decoded_dat/c/sako/uko1.dat	1	210	9c7b396178f47eed29b8756ae72b04464a5f06df72d53d347d7fcd66c8055bc6
decoded_dat/c/saku/a/atk.dat	1	66	186bc92b72afd4c60a1dd0855cab22c6ef5f4ba7e3b1ace1158253bfc5442c7b
decoded_dat/c/saku/saku.dat	1	324	1cc1fff6b5bab5ddc175797dd67b81597096b94312e25328bcb83f0b50e684dc
decoded_dat/c/saku/saku2.dat	1	322	1b9e956ec7d863f0daf34294e93989a8aea49bc4ec4cebed12460b807a785e49
decoded_dat/c/saku/saku3.dat	1	300	a61989ca42a46cdbba03ada5101efaa9b95fdbdb9f483a29c26d66c45dd136bd
decoded_dat/c/saso/Hsa.dat	1	350	4731f239ac959e27a7ad9f462d52e386013c084d8cda43c6de2e17f5ef67ee2b
decoded_dat/c/saso/a/iro.dat	1	125	d807dee50a0831515cf4f62c2d3e6c518c3482ab986459ebf61223b3a0c5df1d
decoded_dat/c/saso/a/pup.dat	1	80	dbc8245a8dcc3a9669e138c4be18ebb73397cbaeafd90fc62f4ea3f50a02060c
decoded_dat/c/saso/a/pup2.dat	1	29	380cbf36bc8853b33a1574d4d65dec81b6b75683acd6eb2cd4c08c71ff18dabf
decoded_dat/c/saso/ncs.dat	1	253	bde1a1bbb21802336b2db6fbf7b6e2732847c008a7a34988dbb0a8ed696240b8
decoded_dat/c/saso/pup.dat	1	143	354a50324f31d3ac6c492ccb967dd66a38526d36a1edd8fe8be14ade2833a86b
decoded_dat/c/saso/saso.dat	1	461	56fbd88919b8d50a3e4e6a28db2c80b845a5eb37bc4b3b2d5fab98729dda6367
decoded_dat/c/sasu/a/chi.dat	1	236	5a16d4abb0c6ea0b9ed20abeba066689c88e3d1e15ab741c308b017a69714415
decoded_dat/c/sasu/a/gen.dat	1	13	a0f585524db8768db5b17cb3fc8b79db91224b52c87517ec4f76cbdf66e0f132
decoded_dat/c/sasu/a/mss.dat	1	101	a9cb8c33f2d2605787fa8f0bf725b2b844184ba019bc5cb23486900a4dbf187d
decoded_dat/c/sasu/cs2.dat	1	322	76a1e4b4e722a2e130ac0c52796b28eb17085f8a5178f97c4167a6e9201df65a
decoded_dat/c/sasu/mss.dat	1	367	4add4d98b61f33d83bbd6eccf529e106341691a29038aca2759ed28ffde02e46
decoded_dat/c/sasu/sasu.dat	1	397	bcbf4de357aabd8d329b5921fa39cb17682316c88419b18942e8327028502bfc
decoded_dat/c/sasu/sus.dat	1	138	979861d28d357e88e42c822823028ab7d1ff24a12b05c5c17eb5489ceae34f7d
decoded_dat/c/shik/a/sha.dat	1	137	d5bef86d7fac7b42af774fc9e6c136aaf46120e8074b71ea97aa5b39d24f986b
decoded_dat/c/shik/shik.dat	1	281	336276ebb848dfd2715b0f5d59462c0476468352922011892935368523a05d04
decoded_dat/c/shino/a/bug.dat	1	146	ecad631b96286631fb4bd85a6431179e2bd2d8f4730004303941d20216467ab9
decoded_dat/c/shino/shino.dat	1	284	609eb90f7fd20fdd8bd7de669ee9dceed9a2dd4c33502950265daa131f052437
decoded_dat/c/shis/a/gen.dat	1	71	e5dd26ef495bef7948a5215c956d4258276ae99e0363bf0362d95974ffa39da2
decoded_dat/c/shis/shis.dat	1	364	a446a04c6d62c735c8d4860485dd754df4cbc44568bd5802f72aa48240792cfe
decoded_dat/c/sui/a/atk.dat	1	197	4d8ea62012fa7229bd3f53c0c8a7c327af6297740aaa2678e3fe1b038e8a72d2
decoded_dat/c/sui/sui.dat	1	376	29ae0b78592b8498e1fd5c7506b1207b317fc527d7ee7f0999ec94c9814c0c1c
decoded_dat/c/tay/a/mon.dat	1	179	d32bd8e906aa7fce024142c9b36cde88ec7981f224d51dea29930323dd3f330e
decoded_dat/c/tay/tay.dat	1	316	05aa82d00241dae78187d0451bafc071f2f8342c3df26bf39119b8bccabd2d49
decoded_dat/c/tay/tay1.dat	1	313	8db6282a783f8ea0f54a891034f3550c948f4d015cca092919c5ddcd7b156430
decoded_dat/c/tem/a/tem.dat	1	88	141065a0298d2ae37edfbea38187c0f36bc5dc7737344a504fbf25225d8e4f7b
decoded_dat/c/tem/tem.dat	1	312	f7f00d86b772dfac44b61f2c6adc0060cc496969eae66e26a343af3ba23241aa
decoded_dat/c/ten/a/ten.dat	1	100	f2f95b565168bb6b7128662b952e3f28665aa19ea2d1b7f31184694c3d027585
decoded_dat/c/ten/bash.dat	1	157	5b892a1be2476fd42d759d03d7ef16b5bcee2af7ea0a4e533f5ccc9038e56606
decoded_dat/c/ten/blade.dat	1	150	1ed381ea56c850070fe6624014ed1ace2c8337760db2aceb161d9175a95f2f4f
decoded_dat/c/ten/pole.dat	1	166	350017e6b112f058e7e874d1a74330cf72da1699e7cb07f0eaf08644c0d0d6c2
decoded_dat/c/ten/swords.dat	1	164	7aeb1b6aefb5ed3086c14ce9e5e47fe0e04f7ae14009b6230a1ac960ba422f4b
decoded_dat/c/ten/ten.dat	1	337	6ceacf51fc33e0c39b9c0f9060e3373f6fca72decc66b68e3cfc677cfb613e52
decoded_dat/c/tobi/a/fox.dat	1	33	096f1e0306b130858d8001f86d5da80c55a178a7f052d0ed644f554dd1b3273c
decoded_dat/c/tobi/a/kat.dat	1	46	09d258a0529069761e750e45be7f62da2d4d65c2f76243c6ea9da13bdf842f5d
decoded_dat/c/tobi/tobi.dat	1	358	7e8acd962ae9167e94996521070ff221f15b0955e8cbf0bfd5506e2d73a1fcad
decoded_dat/c/tobi/ttobi.dat	1	261	75dc07185dff2847d76068e3d816291281d4414dab9a1d4a881af457fcb46d37
decoded_dat/c/tobir/a/atk.dat	1	81	83cdb70467bea45e8762a4c1b3725213729ea484baa00a398a8b722592673d1b
decoded_dat/c/tobir/tclo.dat	1	147	55b6f41537fa00dc91dabd51f6e4e46bde7cf78c6069b0f038e39908ab351958
decoded_dat/c/tobir/tobir.dat	1	273	3484ab93717367568c6405c948903e31fd1ffa0ec43ef4b05f45d55b4929b382
decoded_dat/c/tsu/a/atk.dat	1	4	a2e107c204d4cffa50d9f4009240bdc59300b4f2507629aecd23c32e535a813b
decoded_dat/c/tsu/tsu.dat	1	220	690f8f7649a8397877310120ad8d1c88d1f56158c521b85f01f2c04ee7972400
decoded_dat/c/yag/a/dra.dat	1	17	b2ee2ba1808491bf25888e19391b93affbead8b4679ce5ef2f08f248977d275c
decoded_dat/c/yag/a/mir.dat	1	109	926382e144ce7e2b7ea8bdb0a14d0f7c8b82d026c620c1e132d75432bb627498
decoded_dat/c/yag/yag.dat	1	317	4d9034472049b2ca01dab1fb1595b48e72db47a838cf497b772d6b31748b230b
decoded_dat/c/yam/a/tre.dat	1	182	f0d9f4e6dcafe482dbba241375ded807bcd5a38991992136303e736ec6a7da23
decoded_dat/c/yam/yam.dat	1	353	d30126b5da89f326b76fa2e5382bb730fd8fc40e13bc4c788cafe53388e83af6
decoded_dat/c/yam/ycl.dat	1	149	4b5b4d5baae402bf8507cb8b97785979c1ddf697b283e84451ae08ed6f03d427
decoded_dat/c/zab/a/dra.dat	1	28	5210d31c62b453cbfe6acbdbc4e713dadbe0507bfa93e92a36cd83393e3b7e67
decoded_dat/c/zab/a/zab.dat	1	120	27cdf247822a7a7ee2aa99dbcf3a6a00a9feb862f093288542af8cc981b038ca
decoded_dat/c/zab/clo.dat	1	156	882c3833ba89f8f6c3695aab3d974b5ea895f76c2d58b919b04e785594f2fc68
decoded_dat/c/zab/dem.dat	1	410	09e690fb5e6f48c416f532a20f15158f5ebc47b78e5eff103e7258d9a7f4175a
decoded_dat/c/zab/zab.dat	1	419	fe1b4a2e2b96cb35d54e81e023aad0eabdf7cea7034696fe5de188896c084256
decoded_dat/custom/1genma/a/bigdragon.dat	1	12	d549ebf249999bb2041e07a82be87c8dc3f5ab9d427d25fc0b83b1e9c62ef901
decoded_dat/custom/1genma/a/katon.dat	1	13	3f67db6102d6efe0b63521a203543dd4ccad75789a076380df4786f65b68e56a
decoded_dat/custom/1genma/a/shuriken.dat	1	14	e70593244a3361f9c13945dc040e218fc6dbdd480d31ffb0cb9c40a147a27f60
decoded_dat/custom/1genma/a/smalldragon.dat	1	12	381179e8b3d60dcf17b0d94e6d9d28561482c88e8dad28c3f88f19ccf154dd1e
decoded_dat/custom/1genma/a/wind.dat	1	9	5eb0e649b3eed3113e6088d69159dbea16315c4efa37a5e5743c33d9235ed989
decoded_dat/custom/1genma/genma.dat	1	261	69e98d7dc19375d19185e22c471c2a53ab3b3d84c7f20fcd713cc30fd437f64b
decoded_dat/custom/1genma/genmaclone.dat	1	149	5555be90cbb8f52f9a159c26335975f204d1064fd77633f80cb48a8f081dad5b
decoded_dat/data/bg/aca.dat	1	0	e3b0c44298fc1c149afbf4c8996fb92427ae41e4649b934ca495991b7852b855
decoded_dat/data/bg/are.dat	1	0	e3b0c44298fc1c149afbf4c8996fb92427ae41e4649b934ca495991b7852b855
decoded_dat/data/bg/cav.dat	1	0	e3b0c44298fc1c149afbf4c8996fb92427ae41e4649b934ca495991b7852b855
decoded_dat/data/bg/cli.dat	1	0	e3b0c44298fc1c149afbf4c8996fb92427ae41e4649b934ca495991b7852b855
decoded_dat/data/bg/dee.dat	1	0	e3b0c44298fc1c149afbf4c8996fb92427ae41e4649b934ca495991b7852b855
decoded_dat/data/bg/des.dat	1	0	e3b0c44298fc1c149afbf4c8996fb92427ae41e4649b934ca495991b7852b855
decoded_dat/data/bg/dis.dat	1	0	e3b0c44298fc1c149afbf4c8996fb92427ae41e4649b934ca495991b7852b855
decoded_dat/data/bg/ent.dat	1	0	e3b0c44298fc1c149afbf4c8996fb92427ae41e4649b934ca495991b7852b855
decoded_dat/data/bg/fod.dat	1	0	e3b0c44298fc1c149afbf4c8996fb92427ae41e4649b934ca495991b7852b855
decoded_dat/data/bg/for.dat	1	0	e3b0c44298fc1c149afbf4c8996fb92427ae41e4649b934ca495991b7852b855
decoded_dat/data/bg/hid.dat	1	0	e3b0c44298fc1c149afbf4c8996fb92427ae41e4649b934ca495991b7852b855
decoded_dat/data/bg/hos.dat	1	0	e3b0c44298fc1c149afbf4c8996fb92427ae41e4649b934ca495991b7852b855
decoded_dat/data/bg/hot.dat	1	0	e3b0c44298fc1c149afbf4c8996fb92427ae41e4649b934ca495991b7852b855
decoded_dat/data/bg/kab.dat	1	0	e3b0c44298fc1c149afbf4c8996fb92427ae41e4649b934ca495991b7852b855
decoded_dat/data/bg/pat.dat	1	0	e3b0c44298fc1c149afbf4c8996fb92427ae41e4649b934ca495991b7852b855
decoded_dat/data/bg/rai.dat	1	0	e3b0c44298fc1c149afbf4c8996fb92427ae41e4649b934ca495991b7852b855
decoded_dat/data/bg/ram.dat	1	0	e3b0c44298fc1c149afbf4c8996fb92427ae41e4649b934ca495991b7852b855
decoded_dat/data/bg/random.dat	1	0	e3b0c44298fc1c149afbf4c8996fb92427ae41e4649b934ca495991b7852b855
decoded_dat/data/bg/san.dat	1	0	e3b0c44298fc1c149afbf4c8996fb92427ae41e4649b934ca495991b7852b855
decoded_dat/data/bg/san2.dat	1	0	e3b0c44298fc1c149afbf4c8996fb92427ae41e4649b934ca495991b7852b855
decoded_dat/data/bg/sno.dat	1	0	e3b0c44298fc1c149afbf4c8996fb92427ae41e4649b934ca495991b7852b855
decoded_dat/data/bg/uch.dat	1	0	e3b0c44298fc1c149afbf4c8996fb92427ae41e4649b934ca495991b7852b855
decoded_dat/data/bg/val.dat	1	0	e3b0c44298fc1c149afbf4c8996fb92427ae41e4649b934ca495991b7852b855
decoded_dat/data/bg/vil.dat	1	0	e3b0c44298fc1c149afbf4c8996fb92427ae41e4649b934ca495991b7852b855
decoded_dat/data/bg/wha.dat	1	0	e3b0c44298fc1c149afbf4c8996fb92427ae41e4649b934ca495991b7852b855
decoded_dat/data/bg_mode.dat	1	0	e3b0c44298fc1c149afbf4c8996fb92427ae41e4649b934ca495991b7852b855
decoded_dat/data/bgm.dat	1	0	e3b0c44298fc1c149afbf4c8996fb92427ae41e4649b934ca495991b7852b855
decoded_dat/data/broken_weapon.dat	1	103	dec7da14699d08045bb7d948c17a42561910eaec089ac992f223f3856cf133bc
decoded_dat/data/etc.dat	1	9	75afa7ff3ad1c8b2b20eee3eebc509cf444255eb74855f210a350e21c9881e81
decoded_dat/data/frame/INKHUD.dat	0	0	e3b0c44298fc1c149afbf4c8996fb92427ae41e4649b934ca495991b7852b855
decoded_dat/data/frame/INKHUD2.dat	0	0	e3b0c44298fc1c149afbf4c8996fb92427ae41e4649b934ca495991b7852b855
decoded_dat/data/frame.dat	1	0	e3b0c44298fc1c149afbf4c8996fb92427ae41e4649b934ca495991b7852b855
decoded_dat/data/fusion.dat	1	0	e3b0c44298fc1c149afbf4c8996fb92427ae41e4649b934ca495991b7852b855
decoded_dat/data/kind.dat	1	0	e3b0c44298fc1c149afbf4c8996fb92427ae41e4649b934ca495991b7852b855
decoded_dat/data/menu.dat	1	0	e3b0c44298fc1c149afbf4c8996fb92427ae41e4649b934ca495991b7852b855
decoded_dat/data/minibar/none.dat	1	0	e3b0c44298fc1c149afbf4c8996fb92427ae41e4649b934ca495991b7852b855
decoded_dat/data/minibar/st1.dat	1	0	e3b0c44298fc1c149afbf4c8996fb92427ae41e4649b934ca495991b7852b855
decoded_dat/data/minibar/st2.dat	1	0	e3b0c44298fc1c149afbf4c8996fb92427ae41e4649b934ca495991b7852b855
decoded_dat/data/minibar/stage.dat	1	0	e3b0c44298fc1c149afbf4c8996fb92427ae41e4649b934ca495991b7852b855
decoded_dat/data/minibar.dat	1	0	e3b0c44298fc1c149afbf4c8996fb92427ae41e4649b934ca495991b7852b855
decoded_dat/data/mode/ntsd.dat	1	0	e3b0c44298fc1c149afbf4c8996fb92427ae41e4649b934ca495991b7852b855
decoded_dat/data/mode.dat	1	0	e3b0c44298fc1c149afbf4c8996fb92427ae41e4649b934ca495991b7852b855
decoded_dat/data/resource.dat	0	0	e3b0c44298fc1c149afbf4c8996fb92427ae41e4649b934ca495991b7852b855
decoded_dat/data/sound.dat	1	0	e3b0c44298fc1c149afbf4c8996fb92427ae41e4649b934ca495991b7852b855
decoded_dat/data/stage.dat	1	0	e3b0c44298fc1c149afbf4c8996fb92427ae41e4649b934ca495991b7852b855
decoded_dat/data/system.dat	1	0	e3b0c44298fc1c149afbf4c8996fb92427ae41e4649b934ca495991b7852b855
decoded_dat/m/hug/hug.dat	1	115	20901cfa9ce6681214276cf52b55fdf85d189fadf951b946fbaada85dc550162
decoded_dat/m/hug/hug2.dat	1	141	713eaf20cf2587c3b60813d16faf3794d44c32f4af0416669d2647a8b83b4964
decoded_dat/m/hug/hug3.dat	1	115	821a7911dd75d74e20e8976454e665a0a2a16f484de28a38dfb080c07d2ea22f
decoded_dat/m/nin/hun.dat	1	156	f6c5b825c863d2ef8cc01302f5671aec47fc82cb9e49d1738d27fc80138f431e
decoded_dat/m/nin/nin.dat	1	166	ac6b826def1e79a1c9e36a9cba351400b444b7ccdea5e8bf1f4ce4b8715d874c
decoded_dat/m/nin/nin2.dat	1	172	53f2ec457ad12a2f6005cb4a4aab6dfb80415f1d8d436c989f18278236d50310
decoded_dat/m/san/san.dat	1	181	ca74fb76d73e6944c7e42f395d19693fd395f5b243c5530866e965bd23a29e89
decoded_dat/m/teu/teu.dat	1	155	d32289d18ade5fadbcc86a2d546bf20cf077e22258d68c9fd0061d57ea9824b1
decoded_dat/m/ton/ton.dat	1	152	2499fcad68321c2dee6ba42af2d3c133a48de536622cb6802f26f23d9f9c419f
decoded_dat/s/0/0.dat	1	100	93cb9a83e0b6d68b378b6b13061b38ef8b7e82738da7a4ab1386ff771673f175
decoded_dat/s/0/iru.dat	1	426	aef3c6b6de7f3fd6e60dcadea404a48e0e8f3fca9df3e73922ff192a2b590f03
decoded_dat/s/0/iruc.dat	1	181	7cc2c47f75f38f3b65a0ceb426c906b786ef1562453ec739ab7867ebeaadc240
decoded_dat/s/0/ram.dat	1	26	61f89bcd9df59fe003f00b8a02f5f0f71ad8232d1f7b06a1db7780a2f4772750
decoded_dat/s/0/stage0.dat	1	0	e3b0c44298fc1c149afbf4c8996fb92427ae41e4649b934ca495991b7852b855
decoded_dat/s/1/1.dat	1	199	47f2c3fae1cec8777a3b31cde1cb434f7b7af60faa39bee8b712c32491952d65
decoded_dat/s/1/ncs.dat	1	87	31bfe166595b94f4819cad7ccfa65cc6d18620bcc4da6ece19f675bcaae0ddf9
decoded_dat/s/1/stage1.dat	1	0	e3b0c44298fc1c149afbf4c8996fb92427ae41e4649b934ca495991b7852b855
decoded_dat/s/2/2.dat	1	84	50a7173d63bae4effcce6a4fabbb4f80e3b00aab75325ab005e3d34a0cb8f06d
decoded_dat/s/2/ncs2.dat	1	160	6e873d3c4261f3694ad8eb6aaf3161537661f45a851876fbac4d7b5da648a4f6
decoded_dat/s/2/stage2.dat	1	0	e3b0c44298fc1c149afbf4c8996fb92427ae41e4649b934ca495991b7852b855
decoded_dat/s/3/3.dat	1	117	225bf1d045442ded64c3030039feb03f331d13862892278e79680ac17db2b3e7
decoded_dat/s/3/stage3.dat	1	0	e3b0c44298fc1c149afbf4c8996fb92427ae41e4649b934ca495991b7852b855
decoded_dat/s/4/4.dat	1	83	111e8f207c14bd97465a5398e8f2aeda314965049d9a440b133f02ac74b4f2a1
decoded_dat/s/4/stage4.dat	1	0	e3b0c44298fc1c149afbf4c8996fb92427ae41e4649b934ca495991b7852b855
decoded_dat/s/5/5.dat	1	47	c3df4ee447406aabf6b4918f24a468b3833f2cabe138dba0e30e0c13c9e5cfd2
decoded_dat/s/5/5p.dat	1	17	764e27d48557193e51ef84c2dfdb43f3e09d44b1800bf162393927245f10cb63
decoded_dat/s/5/stage5.dat	1	0	e3b0c44298fc1c149afbf4c8996fb92427ae41e4649b934ca495991b7852b855
decoded_dat/s/S/S.dat	1	47	b2a45f8f112746b4b07bcde520a0cdaab47b6d341c1db2c3dc9381a7ecaf4f71
decoded_dat/s/S/su.dat	1	0	e3b0c44298fc1c149afbf4c8996fb92427ae41e4649b934ca495991b7852b855
decoded_dat/s/c.dat	1	11	88ee740663e98a972c196ff3f2fe0f5c0767e68b6001e2fac3dcdf9c7f89aac7
decoded_dat/w/1.dat	1	19	1ca915d28d2f8ba5d95d037cab749c81118b4e84bacedac47402a4e551515225
decoded_dat/w/2.dat	1	68	4b53f5863d92fe5dcb78c95c5112eb889f6a04790093ebf408c2c9c9aa2c1788
decoded_dat/w/3.dat	1	28	c193c244a6ba16cab29aefb2468edb87919e6f85e3b9c0f6e3d67f01a627bad1
decoded_dat/w/4.dat	1	65	a25f50dca647ee50e0d34c4afb0f696c8a4ee163e0501b6fb6a13d3ac6ebf337
decoded_dat/w/5.dat	1	104	20e8a1214fe2c513e0a00bae0f062b3ddc296281086971350f809284f30f799b
decoded_dat/w/6.dat	1	61	5238138d605737f4c23e098a341a237e303c16166d7cd6d611207c49f3b14d18
decoded_dat/w/8.dat	1	27	15ebe465c7aae0e7fa322406dab019914ab57a61dc19c91226232921e900738d
decoded_dat/w/9.dat	1	63	727ab3470b2f167fe799644bee8ea18d6e0f8070a13b2e9ee2049ae33cc25b89
decoded_dat/w/b.dat	1	4	e7138767c34bd846d18881175531de920b83c27dd4f5eeabcb8a4667a99dd048
decoded_dat/w/e.dat	1	29	765083c13c14751fa2e1e2ec380783ca1eeaecd5c30c8e5cc2bfb0a8179acc38
decoded_dat/w/h.dat	1	11	ff3ab347de7a54b84c4e1295d6f7eeaa5b79cb37bfedbb041dd312c68f254efa
decoded_dat/w/h2.dat	1	11	d16f009e98d3c788b682d8bdaebeec706475d26d1f8c640120690b1bfd41acac
decoded_dat/w/l.dat	1	24	b3fe15322b5b5db2d95f5c96631f335e69425b3b36300aa345fc39715632861d
decoded_dat/w/n.dat	1	77	cf4e6bd629a2756385b5b24eacdf473b043cbaea046f38e630d2a1fb8ae94a97
decoded_dat/w/scr.dat	1	71	8bf3e8d7d7392b949076b107a9555c6045eb5805e88d744d253a145a2b200412
decoded_dat/w/t.dat	1	11	50ec2c2816d6bb88fb4ed9487041e6b00d3efad9a276c6269954364ccd666528
decoded_dat/w/x.dat	1	59	081f430238e4a964d709a81143c4b5e2b82d1fd59036a72365f6d69394108e2e
