path	index	key	value_hex
admission_caption.dat	1	dvy	37
admission_duplicate.dat	1	dvx	35
admission_valid_nine.dat	9	dvy	37
aliases.dat	1	x	30
aliases.dat	1	y	30
aliases.dat	1	w	31
aliases.dat	1	h	31
aliases.dat	1	drain	35
aliases.dat	1	gain	39
aliases.dat	1	sound	3137
aliases.dat	1	cover	3139
aliases.dat	1	confuse	36
aliases.dat	1	confus	32
aliases.dat	1	SOUND	3939
aliases.dat	1	vaction	3737
aliases.dat	1	kill	33
aliases.dat	1	throwvz	3233
aliases.dat	1	caughtact2	3930
field_arest.dat	1	arest	3137
field_bdefend.dat	1	bdefend	3137
field_bound.dat	1	bound	3137
field_catchingact.dat	1	catchingact	3137
field_caughtact.dat	1	caughtact	3137
field_confus.dat	1	confus	3137
field_cover.dat	1	cover	3137
field_dbdefend.dat	1	dbdefend	3137
field_delay.dat	1	delay	3137
field_drain.dat	1	drain	3137
field_dvx.dat	1	dvx	3137
field_dvy.dat	1	dvy	3137
field_dvz.dat	1	dvz	3137
field_dx.dat	1	dx	3137
field_dy.dat	1	dy	3137
field_dz.dat	1	dz	3137
field_effect.dat	1	effect	3137
field_facing.dat	1	facing	3137
field_fall.dat	1	fall	3137
field_gain.dat	1	gain	3137
field_h.dat	1	h	3137
field_injury.dat	1	injury	3137
field_join.dat	1	join	3137
field_kind.dat	1	kind	3137
field_manacle.dat	1	manacle	3137
field_mimic.dat	1	mimic	3137
field_pickedact.dat	1	pickedact	3137
field_pickingact.dat	1	pickingact	3137
field_poison.dat	1	poison	3137
field_recover.dat	1	recover	3137
field_respond.dat	1	respond	3137
field_sound.dat	1	sound	3137
field_spark.dat	1	spark	3137
field_vrest.dat	1	vrest	3137
field_w.dat	1	w	3137
field_weak.dat	1	weak	3137
field_x.dat	1	x	3137
field_y.dat	1	y	3137
field_z.dat	1	z	3137
field_zwidth.dat	1	zwidth	3137
last.dat	1	drain	39
last.dat	1	drain	31326a756e6b
last.dat	1	sound	2b35
last.dat	1	caughtact	2d38
last.dat	1	catchingact	31326a756e6b
numeric_00.dat	1	kind	30
numeric_00.dat	1	x	30
numeric_00.dat	1	y	30
numeric_00.dat	1	w	30
numeric_00.dat	1	h	30
numeric_00.dat	1	dvx	30
numeric_00.dat	1	dvy	30
numeric_00.dat	1	fall	30
numeric_00.dat	1	arest	30
numeric_00.dat	1	vrest	30
numeric_00.dat	1	respond	30
numeric_00.dat	1	effect	30
numeric_00.dat	1	drain	30
numeric_00.dat	1	spark	30
numeric_00.dat	1	recover	30
numeric_00.dat	1	dbdefend	30
numeric_00.dat	1	bdefend	30
numeric_00.dat	1	injury	30
numeric_00.dat	1	zwidth	30
numeric_00.dat	1	z	30
numeric_00.dat	1	dvz	30
numeric_00.dat	1	sound	30
numeric_00.dat	1	cover	30
numeric_00.dat	1	caughtact	30
numeric_00.dat	1	catchingact	30
numeric_00.dat	1	pickedact	30
numeric_00.dat	1	pickingact	30
numeric_00.dat	1	delay	30
numeric_00.dat	1	poison	30
numeric_00.dat	1	confus	30
numeric_00.dat	1	weak	30
numeric_00.dat	1	manacle	30
numeric_00.dat	1	join	30
numeric_00.dat	1	mimic	30
numeric_00.dat	1	bound	30
numeric_00.dat	1	facing	30
numeric_00.dat	1	dx	30
numeric_00.dat	1	dy	30
numeric_00.dat	1	dz	30
numeric_00.dat	1	gain	30
numeric_01.dat	1	kind	2d30
numeric_01.dat	1	x	2d30
numeric_01.dat	1	y	2d30
numeric_01.dat	1	w	2d30
numeric_01.dat	1	h	2d30
numeric_01.dat	1	dvx	2d30
numeric_01.dat	1	dvy	2d30
numeric_01.dat	1	fall	2d30
numeric_01.dat	1	arest	2d30
numeric_01.dat	1	vrest	2d30
numeric_01.dat	1	respond	2d30
numeric_01.dat	1	effect	2d30
numeric_01.dat	1	drain	2d30
numeric_01.dat	1	spark	2d30
numeric_01.dat	1	recover	2d30
numeric_01.dat	1	dbdefend	2d30
numeric_01.dat	1	bdefend	2d30
numeric_01.dat	1	injury	2d30
numeric_01.dat	1	zwidth	2d30
numeric_01.dat	1	z	2d30
numeric_01.dat	1	dvz	2d30
numeric_01.dat	1	sound	2d30
numeric_01.dat	1	cover	2d30
numeric_01.dat	1	caughtact	2d30
numeric_01.dat	1	catchingact	2d30
numeric_01.dat	1	pickedact	2d30
numeric_01.dat	1	pickingact	2d30
numeric_01.dat	1	delay	2d30
numeric_01.dat	1	poison	2d30
numeric_01.dat	1	confus	2d30
numeric_01.dat	1	weak	2d30
numeric_01.dat	1	manacle	2d30
numeric_01.dat	1	join	2d30
numeric_01.dat	1	mimic	2d30
numeric_01.dat	1	bound	2d30
numeric_01.dat	1	facing	2d30
numeric_01.dat	1	dx	2d30
numeric_01.dat	1	dy	2d30
numeric_01.dat	1	dz	2d30
numeric_01.dat	1	gain	2d30
numeric_02.dat	1	kind	2b35
numeric_02.dat	1	x	2b35
numeric_02.dat	1	y	2b35
numeric_02.dat	1	w	2b35
numeric_02.dat	1	h	2b35
numeric_02.dat	1	dvx	2b35
numeric_02.dat	1	dvy	2b35
numeric_02.dat	1	fall	2b35
numeric_02.dat	1	arest	2b35
numeric_02.dat	1	vrest	2b35
numeric_02.dat	1	respond	2b35
numeric_02.dat	1	effect	2b35
numeric_02.dat	1	drain	2b35
numeric_02.dat	1	spark	2b35
numeric_02.dat	1	recover	2b35
numeric_02.dat	1	dbdefend	2b35
numeric_02.dat	1	bdefend	2b35
numeric_02.dat	1	injury	2b35
numeric_02.dat	1	zwidth	2b35
numeric_02.dat	1	z	2b35
numeric_02.dat	1	dvz	2b35
numeric_02.dat	1	sound	2b35
numeric_02.dat	1	cover	2b35
numeric_02.dat	1	caughtact	2b35
numeric_02.dat	1	catchingact	2b35
numeric_02.dat	1	pickedact	2b35
numeric_02.dat	1	pickingact	2b35
numeric_02.dat	1	delay	2b35
numeric_02.dat	1	poison	2b35
numeric_02.dat	1	confus	2b35
numeric_02.dat	1	weak	2b35
numeric_02.dat	1	manacle	2b35
numeric_02.dat	1	join	2b35
numeric_02.dat	1	mimic	2b35
numeric_02.dat	1	bound	2b35
numeric_02.dat	1	facing	2b35
numeric_02.dat	1	dx	2b35
numeric_02.dat	1	dy	2b35
numeric_02.dat	1	dz	2b35
numeric_02.dat	1	gain	2b35
numeric_03.dat	1	kind	32313437343833363437
numeric_03.dat	1	x	32313437343833363437
numeric_03.dat	1	y	32313437343833363437
numeric_03.dat	1	w	32313437343833363437
numeric_03.dat	1	h	32313437343833363437
numeric_03.dat	1	dvx	32313437343833363437
numeric_03.dat	1	dvy	32313437343833363437
numeric_03.dat	1	fall	32313437343833363437
numeric_03.dat	1	arest	32313437343833363437
numeric_03.dat	1	vrest	32313437343833363437
numeric_03.dat	1	respond	32313437343833363437
numeric_03.dat	1	effect	32313437343833363437
numeric_03.dat	1	drain	32313437343833363437
numeric_03.dat	1	spark	32313437343833363437
numeric_03.dat	1	recover	32313437343833363437
numeric_03.dat	1	dbdefend	32313437343833363437
numeric_03.dat	1	bdefend	32313437343833363437
numeric_03.dat	1	injury	32313437343833363437
numeric_03.dat	1	zwidth	32313437343833363437
numeric_03.dat	1	z	32313437343833363437
numeric_03.dat	1	dvz	32313437343833363437
numeric_03.dat	1	sound	32313437343833363437
numeric_03.dat	1	cover	32313437343833363437
numeric_03.dat	1	caughtact	32313437343833363437
numeric_03.dat	1	catchingact	32313437343833363437
numeric_03.dat	1	pickedact	32313437343833363437
numeric_03.dat	1	pickingact	32313437343833363437
numeric_03.dat	1	delay	32313437343833363437
numeric_03.dat	1	poison	32313437343833363437
numeric_03.dat	1	confus	32313437343833363437
numeric_03.dat	1	weak	32313437343833363437
numeric_03.dat	1	manacle	32313437343833363437
numeric_03.dat	1	join	32313437343833363437
numeric_03.dat	1	mimic	32313437343833363437
numeric_03.dat	1	bound	32313437343833363437
numeric_03.dat	1	facing	32313437343833363437
numeric_03.dat	1	dx	32313437343833363437
numeric_03.dat	1	dy	32313437343833363437
numeric_03.dat	1	dz	32313437343833363437
numeric_03.dat	1	gain	32313437343833363437
numeric_04.dat	1	kind	32313437343833363438
numeric_04.dat	1	x	32313437343833363438
numeric_04.dat	1	y	32313437343833363438
numeric_04.dat	1	w	32313437343833363438
numeric_04.dat	1	h	32313437343833363438
numeric_04.dat	1	dvx	32313437343833363438
numeric_04.dat	1	dvy	32313437343833363438
numeric_04.dat	1	fall	32313437343833363438
numeric_04.dat	1	arest	32313437343833363438
numeric_04.dat	1	vrest	32313437343833363438
numeric_04.dat	1	respond	32313437343833363438
numeric_04.dat	1	effect	32313437343833363438
numeric_04.dat	1	drain	32313437343833363438
numeric_04.dat	1	spark	32313437343833363438
numeric_04.dat	1	recover	32313437343833363438
numeric_04.dat	1	dbdefend	32313437343833363438
numeric_04.dat	1	bdefend	32313437343833363438
numeric_04.dat	1	injury	32313437343833363438
numeric_04.dat	1	zwidth	32313437343833363438
numeric_04.dat	1	z	32313437343833363438
numeric_04.dat	1	dvz	32313437343833363438
numeric_04.dat	1	sound	32313437343833363438
numeric_04.dat	1	cover	32313437343833363438
numeric_04.dat	1	caughtact	32313437343833363438
numeric_04.dat	1	catchingact	32313437343833363438
numeric_04.dat	1	pickedact	32313437343833363438
numeric_04.dat	1	pickingact	32313437343833363438
numeric_04.dat	1	delay	32313437343833363438
numeric_04.dat	1	poison	32313437343833363438
numeric_04.dat	1	confus	32313437343833363438
numeric_04.dat	1	weak	32313437343833363438
numeric_04.dat	1	manacle	32313437343833363438
numeric_04.dat	1	join	32313437343833363438
numeric_04.dat	1	mimic	32313437343833363438
numeric_04.dat	1	bound	32313437343833363438
numeric_04.dat	1	facing	32313437343833363438
numeric_04.dat	1	dx	32313437343833363438
numeric_04.dat	1	dy	32313437343833363438
numeric_04.dat	1	dz	32313437343833363438
numeric_04.dat	1	gain	32313437343833363438
numeric_05.dat	1	kind	2d32313437343833363438
numeric_05.dat	1	x	2d32313437343833363438
numeric_05.dat	1	y	2d32313437343833363438
numeric_05.dat	1	w	2d32313437343833363438
numeric_05.dat	1	h	2d32313437343833363438
numeric_05.dat	1	dvx	2d32313437343833363438
numeric_05.dat	1	dvy	2d32313437343833363438
numeric_05.dat	1	fall	2d32313437343833363438
numeric_05.dat	1	arest	2d32313437343833363438
numeric_05.dat	1	vrest	2d32313437343833363438
numeric_05.dat	1	respond	2d32313437343833363438
numeric_05.dat	1	effect	2d32313437343833363438
numeric_05.dat	1	drain	2d32313437343833363438
numeric_05.dat	1	spark	2d32313437343833363438
numeric_05.dat	1	recover	2d32313437343833363438
numeric_05.dat	1	dbdefend	2d32313437343833363438
numeric_05.dat	1	bdefend	2d32313437343833363438
numeric_05.dat	1	injury	2d32313437343833363438
numeric_05.dat	1	zwidth	2d32313437343833363438
numeric_05.dat	1	z	2d32313437343833363438
numeric_05.dat	1	dvz	2d32313437343833363438
numeric_05.dat	1	sound	2d32313437343833363438
numeric_05.dat	1	cover	2d32313437343833363438
numeric_05.dat	1	caughtact	2d32313437343833363438
numeric_05.dat	1	catchingact	2d32313437343833363438
numeric_05.dat	1	pickedact	2d32313437343833363438
numeric_05.dat	1	pickingact	2d32313437343833363438
numeric_05.dat	1	delay	2d32313437343833363438
numeric_05.dat	1	poison	2d32313437343833363438
numeric_05.dat	1	confus	2d32313437343833363438
numeric_05.dat	1	weak	2d32313437343833363438
numeric_05.dat	1	manacle	2d32313437343833363438
numeric_05.dat	1	join	2d32313437343833363438
numeric_05.dat	1	mimic	2d32313437343833363438
numeric_05.dat	1	bound	2d32313437343833363438
numeric_05.dat	1	facing	2d32313437343833363438
numeric_05.dat	1	dx	2d32313437343833363438
numeric_05.dat	1	dy	2d32313437343833363438
numeric_05.dat	1	dz	2d32313437343833363438
numeric_05.dat	1	gain	2d32313437343833363438
numeric_06.dat	1	kind	2d32313437343833363439
numeric_06.dat	1	x	2d32313437343833363439
numeric_06.dat	1	y	2d32313437343833363439
numeric_06.dat	1	w	2d32313437343833363439
numeric_06.dat	1	h	2d32313437343833363439
numeric_06.dat	1	dvx	2d32313437343833363439
numeric_06.dat	1	dvy	2d32313437343833363439
numeric_06.dat	1	fall	2d32313437343833363439
numeric_06.dat	1	arest	2d32313437343833363439
numeric_06.dat	1	vrest	2d32313437343833363439
numeric_06.dat	1	respond	2d32313437343833363439
numeric_06.dat	1	effect	2d32313437343833363439
numeric_06.dat	1	drain	2d32313437343833363439
numeric_06.dat	1	spark	2d32313437343833363439
numeric_06.dat	1	recover	2d32313437343833363439
numeric_06.dat	1	dbdefend	2d32313437343833363439
numeric_06.dat	1	bdefend	2d32313437343833363439
numeric_06.dat	1	injury	2d32313437343833363439
numeric_06.dat	1	zwidth	2d32313437343833363439
numeric_06.dat	1	z	2d32313437343833363439
numeric_06.dat	1	dvz	2d32313437343833363439
numeric_06.dat	1	sound	2d32313437343833363439
numeric_06.dat	1	cover	2d32313437343833363439
numeric_06.dat	1	caughtact	2d32313437343833363439
numeric_06.dat	1	catchingact	2d32313437343833363439
numeric_06.dat	1	pickedact	2d32313437343833363439
numeric_06.dat	1	pickingact	2d32313437343833363439
numeric_06.dat	1	delay	2d32313437343833363439
numeric_06.dat	1	poison	2d32313437343833363439
numeric_06.dat	1	confus	2d32313437343833363439
numeric_06.dat	1	weak	2d32313437343833363439
numeric_06.dat	1	manacle	2d32313437343833363439
numeric_06.dat	1	join	2d32313437343833363439
numeric_06.dat	1	mimic	2d32313437343833363439
numeric_06.dat	1	bound	2d32313437343833363439
numeric_06.dat	1	facing	2d32313437343833363439
numeric_06.dat	1	dx	2d32313437343833363439
numeric_06.dat	1	dy	2d32313437343833363439
numeric_06.dat	1	dz	2d32313437343833363439
numeric_06.dat	1	gain	2d32313437343833363439
numeric_07.dat	1	kind	31326a756e6b
numeric_07.dat	1	x	31326a756e6b
numeric_07.dat	1	y	31326a756e6b
numeric_07.dat	1	w	31326a756e6b
numeric_07.dat	1	h	31326a756e6b
numeric_07.dat	1	dvx	31326a756e6b
numeric_07.dat	1	dvy	31326a756e6b
numeric_07.dat	1	fall	31326a756e6b
numeric_07.dat	1	arest	31326a756e6b
numeric_07.dat	1	vrest	31326a756e6b
numeric_07.dat	1	respond	31326a756e6b
numeric_07.dat	1	effect	31326a756e6b
numeric_07.dat	1	drain	31326a756e6b
numeric_07.dat	1	spark	31326a756e6b
numeric_07.dat	1	recover	31326a756e6b
numeric_07.dat	1	dbdefend	31326a756e6b
numeric_07.dat	1	bdefend	31326a756e6b
numeric_07.dat	1	injury	31326a756e6b
numeric_07.dat	1	zwidth	31326a756e6b
numeric_07.dat	1	z	31326a756e6b
numeric_07.dat	1	dvz	31326a756e6b
numeric_07.dat	1	sound	31326a756e6b
numeric_07.dat	1	cover	31326a756e6b
numeric_07.dat	1	caughtact	31326a756e6b
numeric_07.dat	1	catchingact	31326a756e6b
numeric_07.dat	1	pickedact	31326a756e6b
numeric_07.dat	1	pickingact	31326a756e6b
numeric_07.dat	1	delay	31326a756e6b
numeric_07.dat	1	poison	31326a756e6b
numeric_07.dat	1	confus	31326a756e6b
numeric_07.dat	1	weak	31326a756e6b
numeric_07.dat	1	manacle	31326a756e6b
numeric_07.dat	1	join	31326a756e6b
numeric_07.dat	1	mimic	31326a756e6b
numeric_07.dat	1	bound	31326a756e6b
numeric_07.dat	1	facing	31326a756e6b
numeric_07.dat	1	dx	31326a756e6b
numeric_07.dat	1	dy	31326a756e6b
numeric_07.dat	1	dz	31326a756e6b
numeric_07.dat	1	gain	31326a756e6b
numeric_08.dat	1	kind	316532
numeric_08.dat	1	x	316532
numeric_08.dat	1	y	316532
numeric_08.dat	1	w	316532
numeric_08.dat	1	h	316532
numeric_08.dat	1	dvx	316532
numeric_08.dat	1	dvy	316532
numeric_08.dat	1	fall	316532
numeric_08.dat	1	arest	316532
numeric_08.dat	1	vrest	316532
numeric_08.dat	1	respond	316532
numeric_08.dat	1	effect	316532
numeric_08.dat	1	drain	316532
numeric_08.dat	1	spark	316532
numeric_08.dat	1	recover	316532
numeric_08.dat	1	dbdefend	316532
numeric_08.dat	1	bdefend	316532
numeric_08.dat	1	injury	316532
numeric_08.dat	1	zwidth	316532
numeric_08.dat	1	z	316532
numeric_08.dat	1	dvz	316532
numeric_08.dat	1	sound	316532
numeric_08.dat	1	cover	316532
numeric_08.dat	1	caughtact	316532
numeric_08.dat	1	catchingact	316532
numeric_08.dat	1	pickedact	316532
numeric_08.dat	1	pickingact	316532
numeric_08.dat	1	delay	316532
numeric_08.dat	1	poison	316532
numeric_08.dat	1	confus	316532
numeric_08.dat	1	weak	316532
numeric_08.dat	1	manacle	316532
numeric_08.dat	1	join	316532
numeric_08.dat	1	mimic	316532
numeric_08.dat	1	bound	316532
numeric_08.dat	1	facing	316532
numeric_08.dat	1	dx	316532
numeric_08.dat	1	dy	316532
numeric_08.dat	1	dz	316532
numeric_08.dat	1	gain	316532
numeric_09.dat	1	kind	2d37
numeric_09.dat	1	x	2d37
numeric_09.dat	1	y	2d37
numeric_09.dat	1	w	2d37
numeric_09.dat	1	h	2d37
numeric_09.dat	1	dvx	2d37
numeric_09.dat	1	dvy	2d37
numeric_09.dat	1	fall	2d37
numeric_09.dat	1	arest	2d37
numeric_09.dat	1	vrest	2d37
numeric_09.dat	1	respond	2d37
numeric_09.dat	1	effect	2d37
numeric_09.dat	1	drain	2d37
numeric_09.dat	1	spark	2d37
numeric_09.dat	1	recover	2d37
numeric_09.dat	1	dbdefend	2d37
numeric_09.dat	1	bdefend	2d37
numeric_09.dat	1	injury	2d37
numeric_09.dat	1	zwidth	2d37
numeric_09.dat	1	z	2d37
numeric_09.dat	1	dvz	2d37
numeric_09.dat	1	sound	2d37
numeric_09.dat	1	cover	2d37
numeric_09.dat	1	caughtact	2d37
numeric_09.dat	1	catchingact	2d37
numeric_09.dat	1	pickedact	2d37
numeric_09.dat	1	pickingact	2d37
numeric_09.dat	1	delay	2d37
numeric_09.dat	1	poison	2d37
numeric_09.dat	1	confus	2d37
numeric_09.dat	1	weak	2d37
numeric_09.dat	1	manacle	2d37
numeric_09.dat	1	join	2d37
numeric_09.dat	1	mimic	2d37
numeric_09.dat	1	bound	2d37
numeric_09.dat	1	facing	2d37
numeric_09.dat	1	dx	2d37
numeric_09.dat	1	dy	2d37
numeric_09.dat	1	dz	2d37
numeric_09.dat	1	gain	2d37
numeric_10.dat	1	kind	312e35
numeric_10.dat	1	x	312e35
numeric_10.dat	1	y	312e35
numeric_10.dat	1	w	312e35
numeric_10.dat	1	h	312e35
numeric_10.dat	1	dvx	312e35
numeric_10.dat	1	dvy	312e35
numeric_10.dat	1	fall	312e35
numeric_10.dat	1	arest	312e35
numeric_10.dat	1	vrest	312e35
numeric_10.dat	1	respond	312e35
numeric_10.dat	1	effect	312e35
numeric_10.dat	1	drain	312e35
numeric_10.dat	1	spark	312e35
numeric_10.dat	1	recover	312e35
numeric_10.dat	1	dbdefend	312e35
numeric_10.dat	1	bdefend	312e35
numeric_10.dat	1	injury	312e35
numeric_10.dat	1	zwidth	312e35
numeric_10.dat	1	z	312e35
numeric_10.dat	1	dvz	312e35
numeric_10.dat	1	sound	312e35
numeric_10.dat	1	cover	312e35
numeric_10.dat	1	caughtact	312e35
numeric_10.dat	1	catchingact	312e35
numeric_10.dat	1	pickedact	312e35
numeric_10.dat	1	pickingact	312e35
numeric_10.dat	1	delay	312e35
numeric_10.dat	1	poison	312e35
numeric_10.dat	1	confus	312e35
numeric_10.dat	1	weak	312e35
numeric_10.dat	1	manacle	312e35
numeric_10.dat	1	join	312e35
numeric_10.dat	1	mimic	312e35
numeric_10.dat	1	bound	312e35
numeric_10.dat	1	facing	312e35
numeric_10.dat	1	dx	312e35
numeric_10.dat	1	dy	312e35
numeric_10.dat	1	dz	312e35
numeric_10.dat	1	gain	312e35
numeric_11.dat	1	kind	2d2d32
numeric_11.dat	1	x	2d2d32
numeric_11.dat	1	y	2d2d32
numeric_11.dat	1	w	2d2d32
numeric_11.dat	1	h	2d2d32
numeric_11.dat	1	dvx	2d2d32
numeric_11.dat	1	dvy	2d2d32
numeric_11.dat	1	fall	2d2d32
numeric_11.dat	1	arest	2d2d32
numeric_11.dat	1	vrest	2d2d32
numeric_11.dat	1	respond	2d2d32
numeric_11.dat	1	effect	2d2d32
numeric_11.dat	1	drain	2d2d32
numeric_11.dat	1	spark	2d2d32
numeric_11.dat	1	recover	2d2d32
numeric_11.dat	1	dbdefend	2d2d32
numeric_11.dat	1	bdefend	2d2d32
numeric_11.dat	1	injury	2d2d32
numeric_11.dat	1	zwidth	2d2d32
numeric_11.dat	1	z	2d2d32
numeric_11.dat	1	dvz	2d2d32
numeric_11.dat	1	sound	2d2d32
numeric_11.dat	1	cover	2d2d32
numeric_11.dat	1	caughtact	2d2d32
numeric_11.dat	1	catchingact	2d2d32
numeric_11.dat	1	pickedact	2d2d32
numeric_11.dat	1	pickingact	2d2d32
numeric_11.dat	1	delay	2d2d32
numeric_11.dat	1	poison	2d2d32
numeric_11.dat	1	confus	2d2d32
numeric_11.dat	1	weak	2d2d32
numeric_11.dat	1	manacle	2d2d32
numeric_11.dat	1	join	2d2d32
numeric_11.dat	1	mimic	2d2d32
numeric_11.dat	1	bound	2d2d32
numeric_11.dat	1	facing	2d2d32
numeric_11.dat	1	dx	2d2d32
numeric_11.dat	1	dy	2d2d32
numeric_11.dat	1	dz	2d2d32
numeric_11.dat	1	gain	2d2d32
numeric_12.dat	1	kind	783a
numeric_12.dat	1	y	773a
numeric_12.dat	1	h	6476783a
numeric_12.dat	1	dvy	66616c6c3a
numeric_12.dat	1	arest	76726573743a
numeric_12.dat	1	respond	6566666563743a
numeric_12.dat	1	drain	737061726b3a
numeric_12.dat	1	recover	6462646566656e643a
numeric_12.dat	1	bdefend	696e6a7572793a
numeric_12.dat	1	zwidth	7a3a
numeric_12.dat	1	dvz	736f756e643a
numeric_12.dat	1	cover	6361756768746163743a
numeric_12.dat	1	catchingact	7069636b65646163743a
numeric_12.dat	1	pickingact	64656c61793a
numeric_12.dat	1	poison	636f6e6675733a
numeric_12.dat	1	weak	6d616e61636c653a
numeric_12.dat	1	join	6d696d69633a
numeric_12.dat	1	bound	666163696e673a
numeric_12.dat	1	dx	64793a
numeric_12.dat	1	dz	6761696e3a
ordered.dat	1	kind	31
ordered.dat	1	x	32
ordered.dat	1	y	33
ordered.dat	1	w	34
ordered.dat	1	h	35
ordered.dat	1	dvx	36
ordered.dat	1	dvy	37
ordered.dat	1	fall	38
ordered.dat	1	arest	39
ordered.dat	1	vrest	3130
ordered.dat	1	respond	3131
ordered.dat	1	effect	3132
ordered.dat	1	drain	3133
ordered.dat	1	spark	3134
ordered.dat	1	recover	3135
ordered.dat	1	dbdefend	3136
ordered.dat	1	bdefend	3137
ordered.dat	1	injury	3138
ordered.dat	1	zwidth	3139
ordered.dat	1	z	3230
ordered.dat	1	dvz	3231
ordered.dat	1	sound	3232
ordered.dat	1	cover	3233
ordered.dat	1	caughtact	3234
ordered.dat	1	catchingact	3235
ordered.dat	1	pickedact	3236
ordered.dat	1	pickingact	3237
ordered.dat	1	delay	3238
ordered.dat	1	poison	3239
ordered.dat	1	confus	3330
ordered.dat	1	weak	3331
ordered.dat	1	manacle	3332
ordered.dat	1	join	3333
ordered.dat	1	mimic	3334
ordered.dat	1	bound	3335
ordered.dat	1	facing	3336
ordered.dat	1	dx	3337
ordered.dat	1	dy	3338
ordered.dat	1	dz	3339
ordered.dat	1	gain	3430
