id	float_bits	strict_int	first_int	strict_valid
r00000	00000000	0	0	1
r00001	00000000	0	0	0
r00002	00000000	0	0	0
r00003	00000000	0	0	0
r00004	00000000	0	0	0
r00005	00000000	0	0	0
r00006	00000000	0	0	0
r00007	00000000	0	0	0
r00008	00000000	0	0	0
r00009	00000000	0	0	0
r00010	00000000	0	0	0
r00011	00000000	0	0	0
r00012	00000000	0	0	0
r00013	00000000	0	0	0
r00014	00000000	0	0	0
r00015	00000000	0	0	0
r00016	00000000	0	0	0
r00017	00000000	0	0	0
r00018	00000000	0	0	0
r00019	00000000	0	0	0
r00020	00000000	0	0	0
r00021	00000000	0	0	0
r00022	00000000	0	0	0
r00023	00000000	0	0	0
r00024	00000000	0	0	0
r00025	00000000	0	0	0
r00026	00000000	0	0	0
r00027	00000000	0	0	0
r00028	00000000	0	0	0
r00029	00000000	0	0	0
r00030	00000000	0	0	0
r00031	00000000	0	0	0
r00032	00000000	0	0	0
r00033	00000000	0	0	0
r00034	00000000	0	0	0
r00035	00000000	0	0	0
r00036	00000000	0	0	0
r00037	00000000	0	0	0
r00038	00000000	0	0	0
r00039	00000000	0	0	0
r00040	00000000	0	0	0
r00041	00000000	0	0	0
r00042	00000000	0	0	0
r00043	00000000	0	0	0
r00044	00000000	0	0	0
r00045	00000000	0	0	0
r00046	00000000	0	0	0
r00047	00000000	0	0	0
r00048	00000000	0	0	0
r00049	00000000	0	0	0
r00050	00000000	0	0	0
r00051	00000000	0	0	0
r00052	00000000	0	0	0
r00053	00000000	0	0	0
r00054	00000000	0	0	0
r00055	00000000	0	0	0
r00056	00000000	0	0	0
r00057	00000000	0	0	0
r00058	00000000	0	0	0
r00059	00000000	0	0	0
r00060	00000000	0	0	0
r00061	00000000	0	0	0
r00062	00000000	0	0	0
r00063	00000000	0	0	0
r00064	00000000	0	0	0
r00065	00000000	0	0	0
r00066	00000000	0	0	0
r00067	00000000	0	0	0
r00068	00000000	0	0	0
r00069	00000000	0	0	0
r00070	00000000	0	0	0
r00071	00000000	0	0	0
r00072	00000000	0	0	0
r00073	00000000	0	0	0
r00074	00000000	0	0	0
r00075	00000000	0	0	0
r00076	00000000	0	0	0
r00077	00000000	0	0	0
r00078	00000000	0	0	0
r00079	00000000	0	0	0
r00080	80000000	0	0	1
r00081	80000000	0	0	0
r00082	80000000	0	0	0
r00083	00000000	0	0	0
r00084	00000000	0	0	0
r00085	00000000	0	0	0
r00086	00000000	0	0	0
r00087	80000000	0	0	0
r00088	80000000	0	0	0
r00089	00000000	0	0	0
r00090	80000000	0	0	0
r00091	80000000	0	0	0
r00092	80000000	0	0	0
r00093	00000000	0	0	0
r00094	00000000	0	0	0
r00095	00000000	0	0	0
r00096	00000000	0	0	0
r00097	80000000	0	0	0
r00098	80000000	0	0	0
r00099	00000000	0	0	0
r00100	80000000	0	0	0
r00101	80000000	0	0	0
r00102	80000000	0	0	0
r00103	00000000	0	0	0
r00104	00000000	0	0	0
r00105	00000000	0	0	0
r00106	00000000	0	0	0
r00107	80000000	0	0	0
r00108	80000000	0	0	0
r00109	00000000	0	0	0
r00110	80000000	0	0	0
r00111	80000000	0	0	0
r00112	80000000	0	0	0
r00113	00000000	0	0	0
r00114	00000000	0	0	0
r00115	00000000	0	0	0
r00116	00000000	0	0	0
r00117	80000000	0	0	0
r00118	80000000	0	0	0
r00119	00000000	0	0	0
r00120	80000000	0	0	0
r00121	80000000	0	0	0
r00122	80000000	0	0	0
r00123	00000000	0	0	0
r00124	00000000	0	0	0
r00125	00000000	0	0	0
r00126	00000000	0	0	0
r00127	80000000	0	0	0
r00128	80000000	0	0	0
r00129	00000000	0	0	0
r00130	80000000	0	0	0
r00131	80000000	0	0	0
r00132	80000000	0	0	0
r00133	00000000	0	0	0
r00134	00000000	0	0	0
r00135	00000000	0	0	0
r00136	00000000	0	0	0
r00137	80000000	0	0	0
r00138	80000000	0	0	0
r00139	00000000	0	0	0
r00140	80000000	0	0	0
r00141	80000000	0	0	0
r00142	80000000	0	0	0
r00143	00000000	0	0	0
r00144	00000000	0	0	0
r00145	00000000	0	0	0
r00146	00000000	0	0	0
r00147	80000000	0	0	0
r00148	80000000	0	0	0
r00149	00000000	0	0	0
r00150	00000000	0	0	0
r00151	00000000	0	0	0
r00152	00000000	0	0	0
r00153	00000000	0	0	0
r00154	00000000	0	0	0
r00155	00000000	0	0	0
r00156	00000000	0	0	0
r00157	00000000	0	0	0
r00158	00000000	0	0	0
r00159	00000000	0	0	0
r00160	00000000	0	0	0
r00161	00000000	0	0	0
r00162	00000000	0	0	0
r00163	00000000	0	0	0
r00164	00000000	0	0	0
r00165	00000000	0	0	0
r00166	00000000	0	0	0
r00167	00000000	0	0	0
r00168	00000000	0	0	0
r00169	00000000	0	0	0
r00170	00000000	0	0	0
r00171	00000000	0	0	0
r00172	00000000	0	0	0
r00173	00000000	0	0	0
r00174	00000000	0	0	0
r00175	00000000	0	0	0
r00176	00000000	0	0	0
r00177	00000000	0	0	0
r00178	00000000	0	0	0
r00179	00000000	0	0	0
r00180	00000000	0	0	0
r00181	00000000	0	0	0
r00182	00000000	0	0	0
r00183	00000000	0	0	0
r00184	00000000	0	0	0
r00185	00000000	0	0	0
r00186	00000000	0	0	0
r00187	00000000	0	0	0
r00188	00000000	0	0	0
r00189	00000000	0	0	0
r00190	00000000	0	0	0
r00191	00000000	0	0	0
r00192	00000000	0	0	0
r00193	00000000	0	0	0
r00194	00000000	0	0	0
r00195	00000000	0	0	0
r00196	00000000	0	0	0
r00197	00000000	0	0	0
r00198	00000000	0	0	0
r00199	00000000	0	0	0
r00200	00000000	0	0	0
r00201	00000000	0	0	0
r00202	00000000	0	0	0
r00203	00000000	0	0	0
r00204	00000000	0	0	0
r00205	00000000	0	0	0
r00206	00000000	0	0	0
r00207	00000000	0	0	0
r00208	00000000	0	0	0
r00209	00000000	0	0	0
r00210	00000000	0	0	0
r00211	00000000	0	0	0
r00212	00000000	0	0	0
r00213	00000000	0	0	0
r00214	00000000	0	0	0
r00215	00000000	0	0	0
r00216	00000000	0	0	0
r00217	00000000	0	0	0
r00218	00000000	0	0	0
r00219	00000000	0	0	0
r00220	00000000	0	0	0
r00221	00000000	0	0	0
r00222	00000000	0	0	0
r00223	00000000	0	0	0
r00224	00000000	0	0	0
r00225	00000000	0	0	0
r00226	00000000	0	0	0
r00227	00000000	0	0	0
r00228	00000000	0	0	0
r00229	00000000	0	0	0
r00230	00000000	0	0	0
r00231	00000000	0	0	0
r00232	00000000	0	0	0
r00233	00000000	0	0	0
r00234	00000000	0	0	0
r00235	00000000	0	0	0
r00236	00000000	0	0	0
r00237	00000000	0	0	0
r00238	00000000	0	0	0
r00239	00000000	0	0	0
r00240	3F800000	1	1	1
r00241	3F800000	0	1	0
r00242	3F800000	0	1	0
r00243	00000000	0	1	0
r00244	00000000	0	1	0
r00245	00000000	0	1	0
r00246	00000000	0	1	0
r00247	3F800000	0	1	0
r00248	3F800000	0	1	0
r00249	00000000	0	1	0
r00250	3F800000	0	1	0
r00251	3F800000	0	1	0
r00252	3F800000	0	1	0
r00253	00000000	0	1	0
r00254	00000000	0	1	0
r00255	00000000	0	1	0
r00256	00000000	0	1	0
r00257	3F800000	0	1	0
r00258	3F800000	0	1	0
r00259	00000000	0	1	0
r00260	3F800000	0	1	0
r00261	3F800000	0	1	0
r00262	3F800000	0	1	0
r00263	00000000	0	1	0
r00264	00000000	0	1	0
r00265	00000000	0	1	0
r00266	00000000	0	1	0
r00267	3F800000	0	1	0
r00268	3F800000	0	1	0
r00269	00000000	0	1	0
r00270	3F800000	0	0	0
r00271	3F800000	0	0	0
r00272	3F800000	0	0	0
r00273	00000000	0	0	0
r00274	00000000	0	0	0
r00275	00000000	0	0	0
r00276	00000000	0	0	0
r00277	3F800000	0	0	0
r00278	3F800000	0	0	0
r00279	00000000	0	0	0
r00280	3F800000	0	0	0
r00281	3F800000	0	0	0
r00282	3F800000	0	0	0
r00283	00000000	0	0	0
r00284	00000000	0	0	0
r00285	00000000	0	0	0
r00286	00000000	0	0	0
r00287	3F800000	0	0	0
r00288	3F800000	0	0	0
r00289	00000000	0	0	0
r00290	3F800000	0	0	0
r00291	3F800000	0	0	0
r00292	3F800000	0	0	0
r00293	00000000	0	0	0
r00294	00000000	0	0	0
r00295	00000000	0	0	0
r00296	00000000	0	0	0
r00297	3F800000	0	0	0
r00298	3F800000	0	0	0
r00299	00000000	0	0	0
r00300	3F800000	0	0	0
r00301	3F800000	0	0	0
r00302	3F800000	0	0	0
r00303	00000000	0	0	0
r00304	00000000	0	0	0
r00305	00000000	0	0	0
r00306	00000000	0	0	0
r00307	3F800000	0	0	0
r00308	3F800000	0	0	0
r00309	00000000	0	0	0
r00310	00000000	0	0	0
r00311	00000000	0	0	0
r00312	00000000	0	0	0
r00313	00000000	0	0	0
r00314	00000000	0	0	0
r00315	00000000	0	0	0
r00316	00000000	0	0	0
r00317	00000000	0	0	0
r00318	00000000	0	0	0
r00319	00000000	0	0	0
r00320	C0A00000	-5	-5	1
r00321	C0A00000	0	-5	0
r00322	C0A00000	0	-5	0
r00323	00000000	0	-5	0
r00324	00000000	0	-5	0
r00325	00000000	0	-5	0
r00326	00000000	0	-5	0
r00327	C0A00000	0	-5	0
r00328	C0A00000	0	-5	0
r00329	00000000	0	-5	0
r00330	C0A00000	0	-5	0
r00331	C0A00000	0	-5	0
r00332	C0A00000	0	-5	0
r00333	00000000	0	-5	0
r00334	00000000	0	-5	0
r00335	00000000	0	-5	0
r00336	00000000	0	-5	0
r00337	C0A00000	0	-5	0
r00338	C0A00000	0	-5	0
r00339	00000000	0	-5	0
r00340	C0A00000	0	-5	0
r00341	C0A00000	0	-5	0
r00342	C0A00000	0	-5	0
r00343	00000000	0	-5	0
r00344	00000000	0	-5	0
r00345	00000000	0	-5	0
r00346	00000000	0	-5	0
r00347	C0A00000	0	-5	0
r00348	C0A00000	0	-5	0
r00349	00000000	0	-5	0
r00350	C0A00000	0	0	0
r00351	C0A00000	0	0	0
r00352	C0A00000	0	0	0
r00353	00000000	0	0	0
r00354	00000000	0	0	0
r00355	00000000	0	0	0
r00356	00000000	0	0	0
r00357	C0A00000	0	0	0
r00358	C0A00000	0	0	0
r00359	00000000	0	0	0
r00360	C0A00000	0	0	0
r00361	C0A00000	0	0	0
r00362	C0A00000	0	0	0
r00363	00000000	0	0	0
r00364	00000000	0	0	0
r00365	00000000	0	0	0
r00366	00000000	0	0	0
r00367	C0A00000	0	0	0
r00368	C0A00000	0	0	0
r00369	00000000	0	0	0
r00370	C0A00000	0	0	0
r00371	C0A00000	0	0	0
r00372	C0A00000	0	0	0
r00373	00000000	0	0	0
r00374	00000000	0	0	0
r00375	00000000	0	0	0
r00376	00000000	0	0	0
r00377	C0A00000	0	0	0
r00378	C0A00000	0	0	0
r00379	00000000	0	0	0
r00380	C0A00000	0	0	0
r00381	C0A00000	0	0	0
r00382	C0A00000	0	0	0
r00383	00000000	0	0	0
r00384	00000000	0	0	0
r00385	00000000	0	0	0
r00386	00000000	0	0	0
r00387	C0A00000	0	0	0
r00388	C0A00000	0	0	0
r00389	00000000	0	0	0
r00390	00000000	0	0	0
r00391	00000000	0	0	0
r00392	00000000	0	0	0
r00393	00000000	0	0	0
r00394	00000000	0	0	0
r00395	00000000	0	0	0
r00396	00000000	0	0	0
r00397	00000000	0	0	0
r00398	00000000	0	0	0
r00399	00000000	0	0	0
r00400	00000000	0	12	0
r00401	00000000	0	12	0
r00402	00000000	0	12	0
r00403	00000000	0	12	0
r00404	00000000	0	12	0
r00405	00000000	0	12	0
r00406	00000000	0	12	0
r00407	00000000	0	12	0
r00408	00000000	0	12	0
r00409	00000000	0	12	0
r00410	00000000	0	12	0
r00411	00000000	0	12	0
r00412	00000000	0	12	0
r00413	00000000	0	12	0
r00414	00000000	0	12	0
r00415	00000000	0	12	0
r00416	00000000	0	12	0
r00417	00000000	0	12	0
r00418	00000000	0	12	0
r00419	00000000	0	12	0
r00420	00000000	0	12	0
r00421	00000000	0	12	0
r00422	00000000	0	12	0
r00423	00000000	0	12	0
r00424	00000000	0	12	0
r00425	00000000	0	12	0
r00426	00000000	0	12	0
r00427	00000000	0	12	0
r00428	00000000	0	12	0
r00429	00000000	0	12	0
r00430	00000000	0	0	0
r00431	00000000	0	0	0
r00432	00000000	0	0	0
r00433	00000000	0	0	0
r00434	00000000	0	0	0
r00435	00000000	0	0	0
r00436	00000000	0	0	0
r00437	00000000	0	0	0
r00438	00000000	0	0	0
r00439	00000000	0	0	0
r00440	00000000	0	0	0
r00441	00000000	0	0	0
r00442	00000000	0	0	0
r00443	00000000	0	0	0
r00444	00000000	0	0	0
r00445	00000000	0	0	0
r00446	00000000	0	0	0
r00447	00000000	0	0	0
r00448	00000000	0	0	0
r00449	00000000	0	0	0
r00450	00000000	0	0	0
r00451	00000000	0	0	0
r00452	00000000	0	0	0
r00453	00000000	0	0	0
r00454	00000000	0	0	0
r00455	00000000	0	0	0
r00456	00000000	0	0	0
r00457	00000000	0	0	0
r00458	00000000	0	0	0
r00459	00000000	0	0	0
r00460	00000000	0	0	0
r00461	00000000	0	0	0
r00462	00000000	0	0	0
r00463	00000000	0	0	0
r00464	00000000	0	0	0
r00465	00000000	0	0	0
r00466	00000000	0	0	0
r00467	00000000	0	0	0
r00468	00000000	0	0	0
r00469	00000000	0	0	0
r00470	00000000	0	0	0
r00471	00000000	0	0	0
r00472	00000000	0	0	0
r00473	00000000	0	0	0
r00474	00000000	0	0	0
r00475	00000000	0	0	0
r00476	00000000	0	0	0
r00477	00000000	0	0	0
r00478	00000000	0	0	0
r00479	00000000	0	0	0
r00480	3FC00000	0	1	0
r00481	3FC00000	0	1	0
r00482	3FC00000	0	1	0
r00483	00000000	0	1	0
r00484	00000000	0	1	0
r00485	00000000	0	1	0
r00486	00000000	0	1	0
r00487	3FC00000	0	1	0
r00488	3FC00000	0	1	0
r00489	00000000	0	1	0
r00490	3FC00000	0	1	0
r00491	3FC00000	0	1	0
r00492	3FC00000	0	1	0
r00493	00000000	0	1	0
r00494	00000000	0	1	0
r00495	00000000	0	1	0
r00496	00000000	0	1	0
r00497	3FC00000	0	1	0
r00498	3FC00000	0	1	0
r00499	00000000	0	1	0
r00500	3FC00000	0	1	0
r00501	3FC00000	0	1	0
r00502	3FC00000	0	1	0
r00503	00000000	0	1	0
r00504	00000000	0	1	0
r00505	00000000	0	1	0
r00506	00000000	0	1	0
r00507	3FC00000	0	1	0
r00508	3FC00000	0	1	0
r00509	00000000	0	1	0
r00510	3FC00000	0	0	0
r00511	3FC00000	0	0	0
r00512	3FC00000	0	0	0
r00513	00000000	0	0	0
r00514	00000000	0	0	0
r00515	00000000	0	0	0
r00516	00000000	0	0	0
r00517	3FC00000	0	0	0
r00518	3FC00000	0	0	0
r00519	00000000	0	0	0
r00520	3FC00000	0	0	0
r00521	3FC00000	0	0	0
r00522	3FC00000	0	0	0
r00523	00000000	0	0	0
r00524	00000000	0	0	0
r00525	00000000	0	0	0
r00526	00000000	0	0	0
r00527	3FC00000	0	0	0
r00528	3FC00000	0	0	0
r00529	00000000	0	0	0
r00530	3FC00000	0	0	0
r00531	3FC00000	0	0	0
r00532	3FC00000	0	0	0
r00533	00000000	0	0	0
r00534	00000000	0	0	0
r00535	00000000	0	0	0
r00536	00000000	0	0	0
r00537	3FC00000	0	0	0
r00538	3FC00000	0	0	0
r00539	00000000	0	0	0
r00540	3FC00000	0	0	0
r00541	3FC00000	0	0	0
r00542	3FC00000	0	0	0
r00543	00000000	0	0	0
r00544	00000000	0	0	0
r00545	00000000	0	0	0
r00546	00000000	0	0	0
r00547	3FC00000	0	0	0
r00548	3FC00000	0	0	0
r00549	00000000	0	0	0
r00550	00000000	0	0	0
r00551	00000000	0	0	0
r00552	00000000	0	0	0
r00553	00000000	0	0	0
r00554	00000000	0	0	0
r00555	00000000	0	0	0
r00556	00000000	0	0	0
r00557	00000000	0	0	0
r00558	00000000	0	0	0
r00559	00000000	0	0	0
r00560	00000001	0	0	0
r00561	00000001	0	0	0
r00562	00000001	0	0	0
r00563	00000000	0	0	0
r00564	00000000	0	0	0
r00565	00000000	0	0	0
r00566	00000000	0	0	0
r00567	00000001	0	0	0
r00568	00000001	0	0	0
r00569	00000000	0	0	0
r00570	00000001	0	0	0
r00571	00000001	0	0	0
r00572	00000001	0	0	0
r00573	00000000	0	0	0
r00574	00000000	0	0	0
r00575	00000000	0	0	0
r00576	00000000	0	0	0
r00577	00000001	0	0	0
r00578	00000001	0	0	0
r00579	00000000	0	0	0
r00580	00000001	0	0	0
r00581	00000001	0	0	0
r00582	00000001	0	0	0
r00583	00000000	0	0	0
r00584	00000000	0	0	0
r00585	00000000	0	0	0
r00586	00000000	0	0	0
r00587	00000001	0	0	0
r00588	00000001	0	0	0
r00589	00000000	0	0	0
r00590	00000001	0	0	0
r00591	00000001	0	0	0
r00592	00000001	0	0	0
r00593	00000000	0	0	0
r00594	00000000	0	0	0
r00595	00000000	0	0	0
r00596	00000000	0	0	0
r00597	00000001	0	0	0
r00598	00000001	0	0	0
r00599	00000000	0	0	0
r00600	00000001	0	0	0
r00601	00000001	0	0	0
r00602	00000001	0	0	0
r00603	00000000	0	0	0
r00604	00000000	0	0	0
r00605	00000000	0	0	0
r00606	00000000	0	0	0
r00607	00000001	0	0	0
r00608	00000001	0	0	0
r00609	00000000	0	0	0
r00610	00000001	0	0	0
r00611	00000001	0	0	0
r00612	00000001	0	0	0
r00613	00000000	0	0	0
r00614	00000000	0	0	0
r00615	00000000	0	0	0
r00616	00000000	0	0	0
r00617	00000001	0	0	0
r00618	00000001	0	0	0
r00619	00000000	0	0	0
r00620	00000001	0	0	0
r00621	00000001	0	0	0
r00622	00000001	0	0	0
r00623	00000000	0	0	0
r00624	00000000	0	0	0
r00625	00000000	0	0	0
r00626	00000000	0	0	0
r00627	00000001	0	0	0
r00628	00000001	0	0	0
r00629	00000000	0	0	0
r00630	00000000	0	0	0
r00631	00000000	0	0	0
r00632	00000000	0	0	0
r00633	00000000	0	0	0
r00634	00000000	0	0	0
r00635	00000000	0	0	0
r00636	00000000	0	0	0
r00637	00000000	0	0	0
r00638	00000000	0	0	0
r00639	00000000	0	0	0
r00640	41800000	0	0	0
r00641	41800000	0	0	0
r00642	41800000	0	0	0
r00643	00000000	0	0	0
r00644	00000000	0	0	0
r00645	00000000	0	0	0
r00646	00000000	0	0	0
r00647	41800000	0	0	0
r00648	41800000	0	0	0
r00649	00000000	0	0	0
r00650	41800000	0	0	0
r00651	41800000	0	0	0
r00652	41800000	0	0	0
r00653	00000000	0	0	0
r00654	00000000	0	0	0
r00655	00000000	0	0	0
r00656	00000000	0	0	0
r00657	41800000	0	0	0
r00658	41800000	0	0	0
r00659	00000000	0	0	0
r00660	41800000	0	0	0
r00661	41800000	0	0	0
r00662	41800000	0	0	0
r00663	00000000	0	0	0
r00664	00000000	0	0	0
r00665	00000000	0	0	0
r00666	00000000	0	0	0
r00667	41800000	0	0	0
r00668	41800000	0	0	0
r00669	00000000	0	0	0
r00670	41800000	0	0	0
r00671	41800000	0	0	0
r00672	41800000	0	0	0
r00673	00000000	0	0	0
r00674	00000000	0	0	0
r00675	00000000	0	0	0
r00676	00000000	0	0	0
r00677	41800000	0	0	0
r00678	41800000	0	0	0
r00679	00000000	0	0	0
r00680	41800000	0	0	0
r00681	41800000	0	0	0
r00682	41800000	0	0	0
r00683	00000000	0	0	0
r00684	00000000	0	0	0
r00685	00000000	0	0	0
r00686	00000000	0	0	0
r00687	41800000	0	0	0
r00688	41800000	0	0	0
r00689	00000000	0	0	0
r00690	41800000	0	0	0
r00691	41800000	0	0	0
r00692	41800000	0	0	0
r00693	00000000	0	0	0
r00694	00000000	0	0	0
r00695	00000000	0	0	0
r00696	00000000	0	0	0
r00697	41800000	0	0	0
r00698	41800000	0	0	0
r00699	00000000	0	0	0
r00700	41800000	0	0	0
r00701	41800000	0	0	0
r00702	41800000	0	0	0
r00703	00000000	0	0	0
r00704	00000000	0	0	0
r00705	00000000	0	0	0
r00706	00000000	0	0	0
r00707	41800000	0	0	0
r00708	41800000	0	0	0
r00709	00000000	0	0	0
r00710	00000000	0	0	0
r00711	00000000	0	0	0
r00712	00000000	0	0	0
r00713	00000000	0	0	0
r00714	00000000	0	0	0
r00715	00000000	0	0	0
r00716	00000000	0	0	0
r00717	00000000	0	0	0
r00718	00000000	0	0	0
r00719	00000000	0	0	0
r00720	4F000000	0	0	0
r00721	4F000000	0	0	0
r00722	4F000000	0	0	0
r00723	00000000	0	0	0
r00724	00000000	0	0	0
r00725	00000000	0	0	0
r00726	00000000	0	0	0
r00727	4F000000	0	0	0
r00728	4F000000	0	0	0
r00729	00000000	0	0	0
r00730	4F000000	0	0	0
r00731	4F000000	0	0	0
r00732	4F000000	0	0	0
r00733	00000000	0	0	0
r00734	00000000	0	0	0
r00735	00000000	0	0	0
r00736	00000000	0	0	0
r00737	4F000000	0	0	0
r00738	4F000000	0	0	0
r00739	00000000	0	0	0
r00740	4F000000	0	0	0
r00741	4F000000	0	0	0
r00742	4F000000	0	0	0
r00743	00000000	0	0	0
r00744	00000000	0	0	0
r00745	00000000	0	0	0
r00746	00000000	0	0	0
r00747	4F000000	0	0	0
r00748	4F000000	0	0	0
r00749	00000000	0	0	0
r00750	4F000000	0	0	0
r00751	4F000000	0	0	0
r00752	4F000000	0	0	0
r00753	00000000	0	0	0
r00754	00000000	0	0	0
r00755	00000000	0	0	0
r00756	00000000	0	0	0
r00757	4F000000	0	0	0
r00758	4F000000	0	0	0
r00759	00000000	0	0	0
r00760	4F000000	0	0	0
r00761	4F000000	0	0	0
r00762	4F000000	0	0	0
r00763	00000000	0	0	0
r00764	00000000	0	0	0
r00765	00000000	0	0	0
r00766	00000000	0	0	0
r00767	4F000000	0	0	0
r00768	4F000000	0	0	0
r00769	00000000	0	0	0
r00770	4F000000	0	0	0
r00771	4F000000	0	0	0
r00772	4F000000	0	0	0
r00773	00000000	0	0	0
r00774	00000000	0	0	0
r00775	00000000	0	0	0
r00776	00000000	0	0	0
r00777	4F000000	0	0	0
r00778	4F000000	0	0	0
r00779	00000000	0	0	0
r00780	4F000000	0	0	0
r00781	4F000000	0	0	0
r00782	4F000000	0	0	0
r00783	00000000	0	0	0
r00784	00000000	0	0	0
r00785	00000000	0	0	0
r00786	00000000	0	0	0
r00787	4F000000	0	0	0
r00788	4F000000	0	0	0
r00789	00000000	0	0	0
r00790	00000000	0	0	0
r00791	00000000	0	0	0
r00792	00000000	0	0	0
r00793	00000000	0	0	0
r00794	00000000	0	0	0
r00795	00000000	0	0	0
r00796	00000000	0	0	0
r00797	00000000	0	0	0
r00798	00000000	0	0	0
r00799	00000000	0	0	0
r00800	00000000	0	0	0
r00801	00000000	0	0	0
r00802	00000000	0	0	0
r00803	00000000	0	0	0
r00804	00000000	0	0	0
r00805	00000000	0	0	0
r00806	00000000	0	0	0
r00807	00000000	0	0	0
r00808	00000000	0	0	0
r00809	00000000	0	0	0
r00810	00000000	0	0	0
r00811	00000000	0	0	0
r00812	00000000	0	0	0
r00813	00000000	0	0	0
r00814	00000000	0	0	0
r00815	00000000	0	0	0
r00816	00000000	0	0	0
r00817	00000000	0	0	0
r00818	00000000	0	0	0
r00819	00000000	0	0	0
r00820	00000000	0	0	0
r00821	00000000	0	0	0
r00822	00000000	0	0	0
r00823	00000000	0	0	0
r00824	00000000	0	0	0
r00825	00000000	0	0	0
r00826	00000000	0	0	0
r00827	00000000	0	0	0
r00828	00000000	0	0	0
r00829	00000000	0	0	0
r00830	00000000	0	0	0
r00831	00000000	0	0	0
r00832	00000000	0	0	0
r00833	00000000	0	0	0
r00834	00000000	0	0	0
r00835	00000000	0	0	0
r00836	00000000	0	0	0
r00837	00000000	0	0	0
r00838	00000000	0	0	0
r00839	00000000	0	0	0
r00840	00000000	0	0	0
r00841	00000000	0	0	0
r00842	00000000	0	0	0
r00843	00000000	0	0	0
r00844	00000000	0	0	0
r00845	00000000	0	0	0
r00846	00000000	0	0	0
r00847	00000000	0	0	0
r00848	00000000	0	0	0
r00849	00000000	0	0	0
r00850	00000000	0	0	0
r00851	00000000	0	0	0
r00852	00000000	0	0	0
r00853	00000000	0	0	0
r00854	00000000	0	0	0
r00855	00000000	0	0	0
r00856	00000000	0	0	0
r00857	00000000	0	0	0
r00858	00000000	0	0	0
r00859	00000000	0	0	0
r00860	00000000	0	0	0
r00861	00000000	0	0	0
r00862	00000000	0	0	0
r00863	00000000	0	0	0
r00864	00000000	0	0	0
r00865	00000000	0	0	0
r00866	00000000	0	0	0
r00867	00000000	0	0	0
r00868	00000000	0	0	0
r00869	00000000	0	0	0
r00870	00000000	0	0	0
r00871	00000000	0	0	0
r00872	00000000	0	0	0
r00873	00000000	0	0	0
r00874	00000000	0	0	0
r00875	00000000	0	0	0
r00876	00000000	0	0	0
r00877	00000000	0	0	0
r00878	00000000	0	0	0
r00879	00000000	0	0	0
r00880	00000000	0	0	0
r00881	00000000	0	0	0
r00882	00000000	0	0	0
r00883	00000000	0	0	0
r00884	00000000	0	0	0
r00885	00000000	0	0	0
r00886	00000000	0	0	0
r00887	00000000	0	0	0
r00888	00000000	0	0	0
r00889	00000000	0	0	0
r00890	00000000	0	0	0
r00891	00000000	0	0	0
r00892	00000000	0	0	0
r00893	00000000	0	0	0
r00894	00000000	0	0	0
r00895	00000000	0	0	0
r00896	00000000	0	0	0
r00897	00000000	0	0	0
r00898	00000000	0	0	0
r00899	00000000	0	0	0
r00900	00000000	0	0	0
r00901	00000000	0	0	0
r00902	00000000	0	0	0
r00903	00000000	0	0	0
r00904	00000000	0	0	0
r00905	00000000	0	0	0
r00906	00000000	0	0	0
r00907	00000000	0	0	0
r00908	00000000	0	0	0
r00909	00000000	0	0	0
r00910	00000000	0	0	0
r00911	00000000	0	0	0
r00912	00000000	0	0	0
r00913	00000000	0	0	0
r00914	00000000	0	0	0
r00915	00000000	0	0	0
r00916	00000000	0	0	0
r00917	00000000	0	0	0
r00918	00000000	0	0	0
r00919	00000000	0	0	0
r00920	00000000	0	0	0
r00921	00000000	0	0	0
r00922	00000000	0	0	0
r00923	00000000	0	0	0
r00924	00000000	0	0	0
r00925	00000000	0	0	0
r00926	00000000	0	0	0
r00927	00000000	0	0	0
r00928	00000000	0	0	0
r00929	00000000	0	0	0
r00930	00000000	0	0	0
r00931	00000000	0	0	0
r00932	00000000	0	0	0
r00933	00000000	0	0	0
r00934	00000000	0	0	0
r00935	00000000	0	0	0
r00936	00000000	0	0	0
r00937	00000000	0	0	0
r00938	00000000	0	0	0
r00939	00000000	0	0	0
r00940	00000000	0	0	0
r00941	00000000	0	0	0
r00942	00000000	0	0	0
r00943	00000000	0	0	0
r00944	00000000	0	0	0
r00945	00000000	0	0	0
r00946	00000000	0	0	0
r00947	00000000	0	0	0
r00948	00000000	0	0	0
r00949	00000000	0	0	0
r00950	00000000	0	0	0
r00951	00000000	0	0	0
r00952	00000000	0	0	0
r00953	00000000	0	0	0
r00954	00000000	0	0	0
r00955	00000000	0	0	0
r00956	00000000	0	0	0
r00957	00000000	0	0	0
r00958	00000000	0	0	0
r00959	00000000	0	0	0
r00960	00000000	0	0	0
r00961	00000000	0	0	0
r00962	00000000	0	0	0
r00963	00000000	0	0	0
r00964	00000000	0	0	0
r00965	3F800000	1	1	1
r00966	BF800000	-1	-1	1
r00967	3F800000	0	0	0
r00968	3F800000	0	0	0
