"cue","declaration_count","owner_object_count","owner_object_ids","formal_vfs_exists","unity_sound_exists"
"c\ank\w\a1.wav","1","1","875","True","False"
"c\ank\w\a2.wav","1","1","875","True","False"
"c\ank\w\a3.wav","1","1","875","True","False"
"c\ank\w\a4.wav","1","1","875","True","False"
"c\ank\w\a5.wav","3","3","44;65;875","True","False"
"c\ank\w\a6.wav","1","1","875","True","False"
"c\ank\w\c1.wav","1","1","65","True","False"
"c\ank\w\d1.wav","2","2","44;65","True","False"
"c\ank\w\e1.wav","1","1","875","True","False"
"c\ank\w\e2.wav","1","1","870","True","False"
"c\ank\w\j1.wav","1","1","44","True","False"
"c\ank\w\j2.wav","1","1","65","True","False"
"c\ank\w\j3.wav","1","1","875","True","False"
"c\ank\w\j4.wav","1","1","875","True","False"
"c\ank\w\j5.wav","1","1","65","True","False"
"c\ank\w\j7.wav","1","1","875","True","False"
"c\ank\w\j8.wav","1","1","65","True","False"
"c\ank\w\p1.wav","1","1","875","True","False"
"c\ank\w\p2.wav","4","2","44;65","True","False"
"c\ank\w\p3.wav","1","1","875","True","False"
"c\ank\w\t1.wav","1","1","65","True","False"
"c\asu\w\a1.wav","1","1","431","True","False"
"c\asu\w\a2.wav","1","1","431","True","False"
"c\asu\w\a3.wav","1","1","430","True","False"
"c\asu\w\a4.wav","1","1","431","True","False"
"c\asu\w\a5.wav","1","1","430","True","False"
"c\asu\w\a6.wav","1","1","430","True","False"
"c\asu\w\a7.wav","1","1","430","True","False"
"c\asu\w\a8.wav","1","1","430","True","False"
"c\asu\w\a9.wav","1","1","430","True","False"
"c\asu\w\C.wav","1","1","430","True","False"
"c\asu\w\j1.wav","1","1","430","True","False"
"c\asu\w\j2.wav","1","1","431","True","False"
"c\asu\w\j3.wav","1","1","431","True","False"
"c\asu\w\j4.wav","1","1","430","True","False"
"c\asu\w\j5.wav","1","1","430","True","False"
"c\asu\w\p1.wav","2","1","430","True","False"
"c\asu\w\p2.wav","1","1","431","True","False"
"c\bee\w\a1.wav","1","1","441","True","False"
"c\bee\w\a2.wav","1","1","441","True","False"
"c\bee\w\a3.wav","1","1","441","True","False"
"c\bee\w\c.wav","1","1","75","True","False"
"c\bee\w\e1.wav","1","1","75","True","False"
"c\bee\w\j.wav","2","1","75","True","False"
"c\bee\w\j1.wav","1","1","441","True","False"
"c\bee\w\j2.wav","1","1","441","True","False"
"c\bee\w\j3.wav","1","1","75","True","False"
"c\bee\w\p1.wav","1","1","441","True","False"
"c\bee\w\p2.wav","2","1","75","True","False"
"c\bee\w\tm.wav","1","1","75","True","False"
"c\chi\w\a1.wav","2","2","8;419","True","False"
"c\chi\w\a2.wav","1","1","419","True","False"
"c\chi\w\a3.wav","1","1","8","True","False"
"c\chi\w\a4.wav","1","1","8","True","False"
"c\chi\w\a5.wav","2","2","8;419","True","False"
"c\chi\w\a6.wav","1","1","8","True","False"
"c\chi\w\j1.wav","1","1","8","True","False"
"c\chi\w\j2.wav","1","1","8","True","False"
"c\chi\w\j3.wav","1","1","8","True","False"
"c\chi\w\j4.wav","2","1","8","True","False"
"c\chi\w\j5.wav","1","1","8","True","False"
"c\chi\w\p2.wav","1","1","8","True","False"
"c\chi\w\p3.wav","1","1","8","True","False"
"c\chi\w\p4.wav","3","1","8","True","False"
"c\chi\w\p6.wav","1","1","8","True","False"
"c\chi\w\t1.wav","1","1","8","True","False"
"c\chi\w\t2.wav","1","1","8","True","False"
"c\dan\w\a1.wav","1","1","406","True","False"
"c\dan\w\a2.wav","1","1","406","True","False"
"c\dan\w\a3.wav","1","1","72","True","False"
"c\dan\w\a4.wav","1","1","406","True","False"
"c\dan\w\c.wav","1","1","406","True","False"
"c\dan\w\e1.wav","1","1","406","True","False"
"c\dan\w\e2.wav","1","1","408","True","False"
"c\dan\w\j1.wav","1","1","406","True","False"
"c\dan\w\j10.wav","1","1","406","True","False"
"c\dan\w\j11.wav","1","1","72","True","False"
"c\dan\w\j12.wav","1","1","72","True","False"
"c\dan\w\j13.wav","2","1","604","True","False"
"c\dan\w\j2.wav","1","1","406","True","False"
"c\dan\w\j3.wav","1","1","406","True","False"
"c\dan\w\j4.wav","1","1","604","True","False"
"c\dan\w\j5.wav","1","1","604","True","False"
"c\dan\w\j6.wav","1","1","406","True","False"
"c\dan\w\j7.wav","1","1","406","True","False"
"c\dan\w\j8.wav","1","1","406","True","False"
"c\dan\w\j9.wav","1","1","406","True","False"
"c\dan\w\p1.wav","5","3","72;406;604","True","False"
"c\dan\w\t.wav","1","1","604","True","False"
"c\dan\w\t2.wav","1","1","72","True","False"
"c\dei\w\a1.wav","2","2","10;45","True","False"
"c\dei\w\a2.wav","1","1","225","True","False"
"c\dei\w\a3.wav","1","1","225","True","False"
"c\dei\w\a4.wav","1","1","225","True","False"
"c\dei\w\a5.wav","1","1","225","True","False"
"c\dei\w\c.wav","4","4","10;45;46;58","True","False"
"c\dei\w\j1.wav","1","1","225","True","False"
"c\dei\w\j2.wav","1","1","225","True","False"
"c\dei\w\j3.wav","1","1","225","True","False"
"c\dei\w\j4.wav","1","1","225","True","False"
"c\dei\w\j5.wav","1","1","225","True","False"
"c\dei\w\p1.wav","1","1","225","True","False"
"c\dei\w\p2.wav","1","1","225","True","False"
"c\dei\w\p3.wav","5","5","10;45;46;58;225","True","False"
"c\dei\w\p4.wav","4","2","10;45","True","False"
"c\gaa\w\a1.wav","1","1","411","True","False"
"c\gaa\w\a2.wav","1","1","16","True","False"
"c\gaa\w\a3.wav","1","1","411","True","False"
"c\gaa\w\a4.wav","1","1","411","True","False"
"c\gaa\w\a5.wav","1","1","411","True","False"
"c\gaa\w\c.wav","1","1","16","True","False"
"c\gaa\w\GJ.wav","1","1","16","True","False"
"c\gaa\w\j.wav","1","1","16","True","False"
"c\gaa\w\j1.wav","1","1","16","True","False"
"c\gaa\w\j2.wav","1","1","411","True","False"
"c\gaa\w\j3.wav","1","1","16","True","False"
"c\gaa\w\j4.wav","1","1","16","True","False"
"c\gaa\w\j5.wav","1","1","16","True","False"
"c\gaa\w\p1.wav","1","1","16","True","False"
"c\gaa\w\p2.wav","1","1","16","True","False"
"c\gaa\w\p3.wav","2","1","16","True","False"
"c\gaa\w\p4.wav","2","2","16;84","True","False"
"c\gaa\w\r.wav","1","1","16","True","False"
"c\gur\w\a2.wav","1","1","619","True","False"
"c\gur\w\j1.wav","1","1","619","True","False"
"c\gur\w\j2.wav","1","1","84","True","False"
"c\gur\w\j4.wav","1","1","619","True","False"
"c\gur\w\j6.wav","1","1","619","True","False"
"c\gur\w\p1.wav","2","2","84;85","True","False"
"c\gur\w\p3.wav","3","3","84;85;619","True","False"
"c\gur\w\t1.wav","1","1","84","True","False"
"c\guy\w\a1.wav","1","1","760","True","False"
"c\guy\w\a2.wav","1","1","760","True","False"
"c\guy\w\a3.wav","1","1","760","True","False"
"c\guy\w\a4.wav","1","1","760","True","False"
"c\guy\w\c.wav","4","4","94;97;506;760","True","False"
"c\guy\w\j1.wav","1","1","760","True","False"
"c\guy\w\j2.wav","1","1","760","True","False"
"c\guy\w\j3.wav","1","1","760","True","False"
"c\guy\w\j4.wav","1","1","760","True","False"
"c\guy\w\j5.wav","1","1","760","True","False"
"c\guy\w\j6.wav","1","1","97","True","False"
"c\guy\w\j7.wav","1","1","760","True","False"
"c\guy\w\p1.wav","1","1","760","True","False"
"c\guy\w\p2.wav","1","1","760","True","False"
"c\guy\w\p3.wav","9","3","94;97;506","True","False"
"c\guy\w\ra.wav","1","1","760","True","False"
"c\hak\w\a1.wav","1","1","516","True","False"
"c\hak\w\a2.wav","1","1","516","True","False"
"c\hak\w\a3.wav","1","1","29","True","False"
"c\hak\w\a4.wav","1","1","516","True","False"
"c\hak\w\c.wav","1","1","29","True","False"
"c\hak\w\j1.wav","1","1","29","True","False"
"c\hak\w\j2.wav","1","1","516","True","False"
"c\hak\w\p1.wav","1","1","29","True","False"
"c\hak\w\p2.wav","2","1","29","True","False"
"c\han\w\a1.wav","1","1","728","True","False"
"c\han\w\a2.wav","1","1","728","True","False"
"c\han\w\a3.wav","1","1","728","True","False"
"c\han\w\a4.wav","1","1","728","True","False"
"c\han\w\c.wav","1","1","728","True","False"
"c\han\w\e1.wav","1","1","728","True","False"
"c\han\w\j1.wav","1","1","728","True","False"
"c\han\w\j2.wav","1","1","728","True","False"
"c\han\w\j3.wav","1","1","728","True","False"
"c\han\w\p1.wav","5","3","726;727;728","True","False"
"c\han\w\t.wav","1","1","726","True","False"
"c\han\w\tr.wav","1","1","726","True","False"
"c\has\w\a1.wav","1","1","409","True","False"
"c\has\w\a2.wav","1","1","409","True","False"
"c\has\w\c.wav","2","2","69;93","True","False"
"c\has\w\e1.wav","1","1","93","True","False"
"c\has\w\j1.wav","1","1","409","True","False"
"c\has\w\j2.wav","1","1","409","True","False"
"c\has\w\j3.wav","1","1","409","True","False"
"c\has\w\j4.wav","1","1","409","True","False"
"c\has\w\j6.wav","1","1","409","True","False"
"c\has\w\j7.wav","1","1","409","True","False"
"c\has\w\p1.wav","3","3","47;69;93","True","False"
"c\hay\w\a1.wav","1","1","417","True","False"
"c\hay\w\a2.wav","1","1","417","True","False"
"c\hay\w\j1.wav","1","1","73","True","False"
"c\hay\w\j2.wav","1","1","417","True","False"
"c\hay\w\j3.wav","1","1","417","True","False"
"c\hay\w\j5.wav","1","1","417","True","False"
"c\hay\w\t.wav","1","1","73","True","False"
"c\hid\w\a1.wav","1","1","333","True","False"
"c\hid\w\a2.wav","1","1","333","True","False"
"c\hid\w\a3.wav","1","1","333","True","False"
"c\hid\w\a4.wav","1","1","333","True","False"
"c\hid\w\j2.wav","1","1","333","True","False"
"c\hid\w\j3.wav","1","1","333","True","False"
"c\hid\w\p0.wav","1","1","333","True","False"
"c\hid\w\p1.wav","1","1","333","True","False"
"c\hid\w\p3.wav","4","2","24;56","True","False"
"c\hid\w\t1.wav","1","1","333","True","False"
"c\hid\w\t2.wav","1","1","333","True","False"
"c\hin\w\a1.wav","1","1","41","True","False"
"c\hin\w\a2.wav","1","1","41","True","False"
"c\hin\w\a4.wav","1","1","41","True","False"
"c\hin\w\c.wav","1","1","41","True","False"
"c\hin\w\d.wav","1","1","41","True","False"
"c\hin\w\j.wav","1","1","41","True","False"
"c\hin\w\j1.wav","1","1","41","True","False"
"c\hin\w\j2.wav","1","1","41","True","False"
"c\hin\w\j5.wav","1","1","41","True","False"
"c\hin\w\j6.wav","1","1","41","True","False"
"c\hin\w\j8.wav","1","1","41","True","False"
"c\hin\w\j9.wav","1","1","41","True","False"
"c\hin\w\p1.wav","1","1","41","True","False"
"c\hin\w\p2.wav","2","1","41","True","False"
"c\hin\w\p3.wav","1","1","41","True","False"
"c\hin\w\p4.wav","1","1","41","True","False"
"c\hir\w\a1.wav","1","1","236","True","False"
"c\hir\w\a2.wav","1","1","236","True","False"
"c\hir\w\a3.wav","1","1","236","True","False"
"c\hir\w\c.wav","1","1","63","True","False"
"c\hir\w\j1.wav","1","1","63","True","False"
"c\hir\w\j2.wav","1","1","236","True","False"
"c\hir\w\j4.wav","1","1","63","True","False"
"c\hir\w\j5.wav","1","1","63","True","False"
"c\hir\w\j6.wav","1","1","236","True","False"
"c\hir\w\p1.wav","4","2","63;504","True","False"
"c\hir\w\p3.wav","1","1","236","True","False"
"c\hir\w\p4.wav","1","1","236","True","False"
"c\ita\w\a1.wav","1","1","9","True","False"
"c\ita\w\a2.wav","1","1","603","True","False"
"c\ita\w\a3.wav","1","1","603","True","False"
"c\ita\w\a4.wav","1","1","603","True","False"
"c\ita\w\c.wav","1","1","9","True","False"
"c\ita\w\j1.wav","1","1","603","True","False"
"c\ita\w\j2.wav","1","1","9","True","False"
"c\ita\w\j3.wav","1","1","9","True","False"
"c\ita\w\j4.wav","1","1","603","True","False"
"c\ita\w\j5.wav","1","1","9","True","False"
"c\ita\w\j6.wav","1","1","9","True","False"
"c\ita\w\p1.wav","3","1","9","True","False"
"c\ita\w\p2.wav","1","1","9","True","False"
"c\ita\w\p3.wav","1","1","603","True","False"
"c\ita\w\s.wav","1","1","9","True","False"
"c\jira\w\a1.wav","1","1","414","True","False"
"c\jira\w\a2.wav","1","1","414","True","False"
"c\jira\w\a3.wav","1","1","414","True","False"
"c\jira\w\a4.wav","1","1","414","True","False"
"c\jira\w\c.wav","1","1","414","True","False"
"c\jira\w\e1.wav","1","1","414","True","False"
"c\jira\w\e2.wav","1","1","414","True","False"
"c\jira\w\e3.wav","1","1","702","True","False"
"c\jira\w\e4.wav","1","1","702","True","False"
"c\jira\w\e5.wav","1","1","702","True","False"
"c\jira\w\j1.wav","1","1","21","True","False"
"c\jira\w\j2.wav","1","1","414","True","False"
"c\jira\w\j3.wav","1","1","414","True","False"
"c\jira\w\j4.wav","1","1","701","True","False"
"c\jira\w\j5.wav","1","1","21","True","False"
"c\jira\w\j6.wav","1","1","702","True","False"
"c\jira\w\j7.wav","1","1","702","True","False"
"c\jira\w\p1.wav","3","3","21;701;702","True","False"
"c\jira\w\p2.wav","3","3","21;701;702","True","False"
"c\jira\w\p3.wav","1","1","414","True","False"
"c\jira\w\p4.wav","1","1","414","True","False"
"c\jira\w\t1.wav","1","1","21","True","False"
"c\jira\w\t2.wav","1","1","702","True","False"
"c\jiro\w\a1.wav","1","1","708","True","False"
"c\jiro\w\a2.wav","1","1","708","True","False"
"c\jiro\w\a3.wav","1","1","708","True","False"
"c\jiro\w\a4.wav","1","1","708","True","False"
"c\jiro\w\a5.wav","1","1","708","True","False"
"c\jiro\w\c.wav","2","2","37;66","True","False"
"c\jiro\w\d.wav","2","2","37;66","True","False"
"c\jiro\w\j1.wav","1","1","708","True","False"
"c\jiro\w\j2.wav","1","1","708","True","False"
"c\jiro\w\j3.wav","1","1","37","True","False"
"c\jiro\w\p1.wav","1","1","708","True","False"
"c\jiro\w\p2.wav","1","1","708","True","False"
"c\jiro\w\p3.wav","2","2","37;66","True","False"
"c\jiro\w\p4.wav","2","2","37;66","True","False"
"c\jiro\w\t.wav","1","1","708","True","False"
"c\jiro\w\t2.wav","1","1","708","True","False"
"c\jug\w\a1.wav","1","1","402","True","False"
"c\jug\w\a2.wav","1","1","402","True","False"
"c\jug\w\a3.wav","1","1","402","True","False"
"c\jug\w\c.wav","1","1","402","True","False"
"c\jug\w\e1.wav","1","1","402","True","False"
"c\jug\w\e2.wav","1","1","400","True","False"
"c\jug\w\j1.wav","1","1","402","True","False"
"c\jug\w\j2.wav","1","1","402","True","False"
"c\jug\w\j3.wav","1","1","402","True","False"
"c\jug\w\j4.wav","1","1","71","True","False"
"c\jug\w\j5.wav","1","1","402","True","False"
"c\jug\w\j6.wav","1","1","400","True","False"
"c\jug\w\p1.wav","4","2","71;400","True","False"
"c\jug\w\p2.wav","1","1","402","True","False"
"c\jug\w\t.wav","1","1","400","True","False"
"c\jug\w\t2.wav","1","1","71","True","False"
"c\kab\w\a1.wav","2","2","23;862","True","False"
"c\kab\w\a2.wav","1","1","862","True","False"
"c\kab\w\a3.wav","1","1","862","True","False"
"c\kab\w\a4.wav","1","1","862","True","False"
"c\kab\w\c.wav","1","1","23","True","False"
"c\kab\w\j1.wav","1","1","862","True","False"
"c\kab\w\j2.wav","2","1","23","True","False"
"c\kab\w\j3.wav","2","2","41;862","True","False"
"c\kab\w\j4.wav","1","1","23","True","False"
"c\kab\w\j8.wav","1","1","23","True","False"
"c\kab\w\p0.wav","3","3","23;860;861","True","False"
"c\kab\w\p1.wav","1","1","862","True","False"
"c\kab\w\p3.wav","3","3","23;860;861","True","False"
"c\kab\w\p4.wav","3","3","23;860;861","True","False"
"c\kab\w\p5.wav","6","3","23;860;861","True","False"
"c\kab\w\t.wav","1","1","23","True","False"
"c\kaka\w\a1.wav","1","1","3","True","False"
"c\kaka\w\a2.wav","1","1","707","True","False"
"c\kaka\w\a3.wav","1","1","707","True","False"
"c\kaka\w\a4.wav","1","1","707","True","False"
"c\kaka\w\a5.wav","1","1","3","True","False"
"c\kaka\w\c.wav","1","1","3","True","False"
"c\kaka\w\j1.wav","1","1","3","True","False"
"c\kaka\w\j2.wav","1","1","3","True","False"
"c\kaka\w\j3.wav","1","1","707","True","False"
"c\kaka\w\j4.wav","1","1","3","True","False"
"c\kaka\w\j5.wav","1","1","3","True","False"
"c\kaka\w\j6.wav","1","1","707","True","False"
"c\kaka\w\j7.wav","1","1","3","True","False"
"c\kaka\w\p1.wav","2","1","3","True","False"
"c\kaka\w\p2.wav","1","1","707","True","False"
"c\kaku\w\a1.wav","1","1","499","True","False"
"c\kaku\w\a2.wav","1","1","499","True","False"
"c\kaku\w\a3.wav","1","1","499","True","False"
"c\kaku\w\c.wav","3","3","25;57;498","True","False"
"c\kaku\w\j1.wav","1","1","499","True","False"
"c\kaku\w\j2.wav","1","1","499","True","False"
"c\kaku\w\jd.wav","1","1","499","True","False"
"c\kaku\w\jf.wav","1","1","57","True","False"
"c\kaku\w\jk.wav","1","1","57","True","False"
"c\kaku\w\jr.wav","1","1","57","True","False"
"c\kaku\w\p1.wav","1","1","499","True","False"
"c\kaku\w\p2.wav","7","4","25;57;498;499","True","False"
"c\kaku\w\t1.wav","1","1","499","True","False"
"c\kaku\w\t2.wav","1","1","57","True","False"
"c\kan\w\a1.wav","1","1","14","True","False"
"c\kan\w\a2.wav","1","1","230","True","False"
"c\kan\w\a3.wav","1","1","230","True","False"
"c\kan\w\c.wav","2","2","14;95","True","False"
"c\kan\w\j1.wav","1","1","14","True","False"
"c\kan\w\j2.wav","1","1","230","True","False"
"c\kan\w\j3.wav","1","1","230","True","False"
"c\kan\w\p1.wav","1","1","14","True","False"
"c\kan\w\p2.wav","1","1","14","True","False"
"c\kan\w\p3.wav","1","1","14","True","False"
"c\kar\w\a1.wav","1","1","314","True","False"
"c\kar\w\a2.wav","1","1","314","True","False"
"c\kar\w\a3.wav","1","1","314","True","False"
"c\kar\w\a4.wav","1","1","77","True","False"
"c\kar\w\c.wav","1","1","77","True","False"
"c\kar\w\e1.wav","1","1","314","True","False"
"c\kar\w\j1.wav","1","1","77","True","False"
"c\kar\w\j2.wav","1","1","77","True","False"
"c\kar\w\j3.wav","1","1","77","True","False"
"c\kar\w\j4.wav","1","1","314","True","False"
"c\kar\w\j5.wav","1","1","314","True","False"
"c\kar\w\j6.wav","1","1","314","True","False"
"c\kar\w\jug1.wav","1","1","316","True","False"
"c\kar\w\jug2.wav","1","1","316","True","False"
"c\kar\w\jug3.wav","1","1","316","True","False"
"c\kar\w\jug4.wav","1","1","316","True","False"
"c\kar\w\p1.wav","3","2","77;314","True","False"
"c\kar\w\sas1.wav","1","1","314","True","False"
"c\kar\w\sas2.wav","1","1","315","True","False"
"c\kar\w\sas3.wav","1","1","315","True","False"
"c\kar\w\sas4.wav","1","1","315","True","False"
"c\kar\w\sui1.wav","1","1","317","True","False"
"c\kar\w\sui2.wav","1","1","317","True","False"
"c\kar\w\sui3.wav","1","1","317","True","False"
"c\kar\w\sui4.wav","1","1","317","True","False"
"c\kar\w\t.wav","1","1","77","True","False"
"c\kar\w\t2.wav","1","1","77","True","False"
"c\kib\w\a1.wav","1","1","12","True","False"
"c\kib\w\a2.wav","1","1","226","True","False"
"c\kib\w\a3.wav","1","1","226","True","False"
"c\kib\w\c.wav","1","1","12","True","False"
"c\kib\w\j1.wav","1","1","226","True","False"
"c\kib\w\j2.wav","1","1","226","True","False"
"c\kib\w\j3.wav","1","1","226","True","False"
"c\kib\w\p1.wav","1","1","12","True","False"
"c\kib\w\p2.wav","1","1","12","True","False"
"c\kib\w\p3.wav","1","1","12","True","False"
"c\kid\w\a1.wav","1","1","670","True","False"
"c\kid\w\a2.wav","3","3","34;67;670","True","False"
"c\kid\w\ca.wav","1","1","670","True","False"
"c\kid\w\d.wav","2","2","34;67","True","False"
"c\kid\w\da.wav","1","1","670","True","False"
"c\kid\w\ga.wav","1","1","670","True","False"
"c\kid\w\j1.wav","1","1","670","True","False"
"c\kid\w\j2.wav","1","1","670","True","False"
"c\kid\w\j3.wav","1","1","670","True","False"
"c\kid\w\j4.wav","1","1","670","True","False"
"c\kid\w\j6.wav","1","1","670","True","False"
"c\kid\w\j7.wav","1","1","670","True","False"
"c\kid\w\jj.wav","1","1","670","True","False"
"c\kid\w\p1.wav","1","1","670","True","False"
"c\kid\w\p2.wav","1","1","670","True","False"
"c\kid\w\p3.wav","2","2","34;67","True","False"
"c\kid\w\p4.wav","2","2","34;67","True","False"
"c\kid\w\sp.wav","1","1","670","True","False"
"c\kid\w\t.wav","1","1","670","True","False"
"c\kim\w\a1.wav","1","1","820","True","False"
"c\kim\w\a2.wav","1","1","820","True","False"
"c\kim\w\a3.wav","1","1","820","True","False"
"c\kim\w\c.wav","2","2","28;507","True","False"
"c\kim\w\d.wav","2","2","28;507","True","False"
"c\kim\w\e1.wav","1","1","820","True","False"
"c\kim\w\j1.wav","1","1","507","True","False"
"c\kim\w\j2.wav","1","1","820","True","False"
"c\kim\w\j3.wav","1","1","820","True","False"
"c\kim\w\j4.wav","1","1","820","True","False"
"c\kim\w\j5.wav","1","1","820","True","False"
"c\kim\w\j6.wav","1","1","820","True","False"
"c\kim\w\j7.wav","1","1","820","True","False"
"c\kim\w\p3.wav","4","2","28;507","True","False"
"c\kim\w\ra.wav","1","1","820","True","False"
"c\kim\w\su.wav","1","1","28","True","False"
"c\kim\w\t1.wav","1","1","28","True","False"
"c\kim\w\t2.wav","1","1","507","True","False"
"c\kim\w\tr.wav","1","1","28","True","False"
"c\kis\w\a1.wav","1","1","416","True","False"
"c\kis\w\a2.wav","1","1","416","True","False"
"c\kis\w\a3.wav","1","1","416","True","False"
"c\kis\w\a4.wav","1","1","416","True","False"
"c\kis\w\a5.wav","1","1","416","True","False"
"c\kis\w\a6.wav","5","5","17;42;91;416;505","True","False"
"c\kis\w\c.wav","3","3","17;42;91","True","False"
"c\kis\w\e1.wav","1","1","17","True","False"
"c\kis\w\j1.wav","1","1","416","True","False"
"c\kis\w\j2.wav","1","1","17","True","False"
"c\kis\w\j3.wav","1","1","416","True","False"
"c\kis\w\j4.wav","1","1","416","True","False"
"c\kis\w\j5.wav","1","1","416","True","False"
"c\kis\w\j6.wav","1","1","416","True","False"
"c\kis\w\j7.wav","1","1","416","True","False"
"c\kis\w\p1.wav","4","4","17;42;91;505","True","False"
"c\kis\w\p2.wav","1","1","416","True","False"
"c\kis\w\p3.wav","1","1","416","True","False"
"c\kis\w\p4.wav","4","4","17;42;91;505","True","False"
"c\kis\w\p5.wav","4","4","17;42;91;505","True","False"
"c\kis\w\r.wav","1","1","416","True","False"
"c\kon\w\a1.wav","1","1","526","True","False"
"c\kon\w\a2.wav","1","1","526","True","False"
"c\kon\w\a3.wav","1","1","526","True","False"
"c\kon\w\c.wav","2","2","54;68","True","False"
"c\kon\w\d.wav","2","2","54;68","True","False"
"c\kon\w\e1.wav","1","1","526","True","False"
"c\kon\w\f.wav","1","1","54","True","False"
"c\kon\w\j1.wav","1","1","68","True","False"
"c\kon\w\j2.wav","1","1","526","True","False"
"c\kon\w\j3.wav","1","1","526","True","False"
"c\kon\w\j4.wav","1","1","526","True","False"
"c\kon\w\j5.wav","1","1","68","True","False"
"c\kon\w\j6.wav","1","1","54","True","False"
"c\kon\w\j7.wav","1","1","526","True","False"
"c\kon\w\p1.wav","1","1","526","True","False"
"c\kon\w\p2.wav","1","1","526","True","False"
"c\kon\w\p3.wav","1","1","68","True","False"
"c\kon\w\p4.wav","1","1","68","True","False"
"c\kon\w\t.wav","1","1","68","True","False"
"c\lee\w\a1.wav","1","1","814","True","False"
"c\lee\w\a2.wav","1","1","7","True","False"
"c\lee\w\a3.wav","1","1","7","True","False"
"c\lee\w\a4.wav","1","1","814","True","False"
"c\lee\w\a5.wav","1","1","814","True","False"
"c\lee\w\a6.wav","1","1","814","True","False"
"c\lee\w\c.wav","2","1","7","True","False"
"c\lee\w\j.wav","1","1","7","True","False"
"c\lee\w\j1.wav","1","1","7","True","False"
"c\lee\w\j2.wav","1","1","7","True","False"
"c\lee\w\j3.wav","1","1","7","True","False"
"c\lee\w\j4.wav","1","1","814","True","False"
"c\lee\w\p1.wav","1","1","7","True","False"
"c\lee\w\p2.wav","1","1","7","True","False"
"c\lee\w\p3.wav","1","1","7","True","False"
"c\lee\w\p4.wav","2","1","7","True","False"
"c\lee\w\r.wav","2","2","7;814","True","False"
"c\min\w\a1.wav","1","1","815","True","False"
"c\min\w\a2.wav","1","1","815","True","False"
"c\min\w\c.wav","3","3","27;427;449","True","False"
"c\min\w\e1.wav","1","1","815","True","False"
"c\min\w\j1.wav","1","1","815","True","False"
"c\min\w\j2.wav","1","1","815","True","False"
"c\min\w\j3.wav","1","1","815","True","False"
"c\min\w\j4.wav","1","1","815","True","False"
"c\min\w\j5.wav","1","1","815","True","False"
"c\min\w\j6.wav","1","1","426","True","False"
"c\miz\w\a1.wav","1","1","429","True","False"
"c\miz\w\a2.wav","1","1","429","True","False"
"c\miz\w\d.wav","2","2","76;428","True","False"
"c\miz\w\j1.wav","1","1","429","True","False"
"c\miz\w\j2.wav","1","1","429","True","False"
"c\miz\w\j3.wav","1","1","429","True","False"
"c\miz\w\j4.wav","1","1","428","True","False"
"c\miz\w\j5.wav","1","1","429","True","False"
"c\miz\w\j6.wav","1","1","429","True","False"
"c\miz\w\j7.wav","1","1","429","True","False"
"c\miz\w\j8.wav","1","1","429","True","False"
"c\miz\w\p1.wav","1","1","429","True","False"
"c\miz\w\p2.wav","1","1","429","True","False"
"c\miz\w\p3.wav","2","2","76;428","True","False"
"c\miz\w\p4.wav","2","2","76;428","True","False"
"c\miz\w\t.wav","1","1","429","True","False"
"c\nar\w\a1.wav","1","1","518","True","False"
"c\nar\w\a2.wav","1","1","518","True","False"
"c\nar\w\a3.wav","1","1","518","True","False"
"c\nar\w\a4.wav","1","1","518","True","False"
"c\nar\w\a5.wav","1","1","518","True","False"
"c\nar\w\a6.wav","1","1","518","True","False"
"c\nar\w\a7.wav","4","4","2;96;99;518","True","False"
"c\nar\w\a8.wav","1","1","518","True","False"
"c\nar\w\a9.wav","1","1","99","True","False"
"c\nar\w\at5.wav","1","1","518","True","False"
"c\nar\w\c.wav","2","2","2;99","True","False"
"c\nar\w\cla.wav","1","1","52","True","False"
"c\nar\w\csp.wav","1","1","96","True","False"
"c\nar\w\e1.wav","1","1","518","True","False"
"c\nar\w\e2.wav","1","1","52","True","False"
"c\nar\w\j0.wav","1","1","518","True","False"
"c\nar\w\j1.wav","1","1","518","True","False"
"c\nar\w\j10.wav","1","1","99","True","False"
"c\nar\w\j11.wav","1","1","99","True","False"
"c\nar\w\j2.wav","1","1","518","True","False"
"c\nar\w\j3.wav","1","1","2","True","False"
"c\nar\w\j4.wav","1","1","518","True","False"
"c\nar\w\j5.wav","1","1","2","True","False"
"c\nar\w\j6.wav","1","1","2","True","False"
"c\nar\w\j7.wav","1","1","518","True","False"
"c\nar\w\j8.wav","1","1","518","True","False"
"c\nar\w\j9.wav","2","1","99","True","False"
"c\nar\w\ju6.wav","1","1","99","True","False"
"c\nar\w\ma.wav","1","1","99","True","False"
"c\nar\w\p1.wav","1","1","518","True","False"
"c\nar\w\p2.wav","1","1","518","True","False"
"c\nar\w\p3.wav","6","3","2;96;99","True","False"
"c\nar\w\p4.wav","2","2","2;99","True","False"
"c\nar\w\rt.wav","1","1","96","True","False"
"c\nar\w\sn1.wav","1","1","518","True","False"
"c\nar\w\sn2.wav","1","1","99","True","False"
"c\nar\w\up.wav","1","1","518","True","False"
"c\nej\w\a1.wav","1","1","809","True","False"
"c\nej\w\a2.wav","1","1","809","True","False"
"c\nej\w\a3.wav","1","1","809","True","False"
"c\nej\w\a4.wav","1","1","18","True","False"
"c\nej\w\c.wav","1","1","18","True","False"
"c\nej\w\d.wav","1","1","18","True","False"
"c\nej\w\j.wav","1","1","18","True","False"
"c\nej\w\j1.wav","1","1","18","True","False"
"c\nej\w\j11.wav","1","1","809","True","False"
"c\nej\w\j12.wav","1","1","809","True","False"
"c\nej\w\j2.wav","1","1","18","True","False"
"c\nej\w\j3.wav","1","1","18","True","False"
"c\nej\w\j4.wav","1","1","18","True","False"
"c\nej\w\j5.wav","1","1","18","True","False"
"c\nej\w\j6.wav","1","1","18","True","False"
"c\nej\w\j7.wav","1","1","809","True","False"
"c\nej\w\j8.wav","1","1","809","True","False"
"c\nej\w\j9.wav","1","1","18","True","False"
"c\nej\w\p1.wav","1","1","18","True","False"
"c\nej\w\p2.wav","2","1","18","True","False"
"c\nej\w\p3.wav","1","1","18","True","False"
"c\nej\w\p4.wav","1","1","18","True","False"
"c\oro\w\a1.wav","1","1","888","True","False"
"c\oro\w\a2.wav","1","1","20","True","False"
"c\oro\w\a3.wav","1","1","888","True","False"
"c\oro\w\a4.wav","1","1","888","True","False"
"c\oro\w\c.wav","1","1","20","True","False"
"c\oro\w\e1.wav","1","1","20","True","False"
"c\oro\w\j1.wav","1","1","20","True","False"
"c\oro\w\j2.wav","1","1","888","True","False"
"c\oro\w\j3.wav","1","1","20","True","False"
"c\oro\w\j4.wav","1","1","20","True","False"
"c\oro\w\j5.wav","1","1","20","True","False"
"c\oro\w\j6.wav","1","1","888","True","False"
"c\oro\w\j7.wav","1","1","20","True","False"
"c\oro\w\p1.wav","2","1","20","True","False"
"c\oro\w\p2.wav","1","1","20","True","False"
"c\oro\w\p3.wav","1","1","888","True","False"
"c\pai\w\a1.wav","1","1","401","True","False"
"c\pai\w\a2.wav","1","1","401","True","False"
"c\pai\w\a3.wav","1","1","401","True","False"
"c\pai\w\c.wav","2","2","401;509","True","False"
"c\pai\w\e1.wav","2","2","401;440","True","False"
"c\pai\w\e2.wav","1","1","401","True","False"
"c\pai\w\e3.wav","1","1","405","True","False"
"c\pai\w\e4.wav","1","1","401","True","False"
"c\pai\w\j.wav","2","2","401;509","True","False"
"c\pai\w\j1.wav","1","1","401","True","False"
"c\pai\w\j2.wav","1","1","401","True","False"
"c\pai\w\j3.wav","1","1","401","True","False"
"c\pai\w\j4.wav","1","1","401","True","False"
"c\pai\w\j5.wav","1","1","401","True","False"
"c\pai\w\j6.wav","1","1","509","True","False"
"c\pai\w\p1.wav","3","2","401;509","True","False"
"c\rai\w\a1.wav","1","1","447","True","False"
"c\rai\w\a2.wav","1","1","447","True","False"
"c\rai\w\a3.wav","1","1","447","True","False"
"c\rai\w\a4.wav","1","1","447","True","False"
"c\rai\w\a5.wav","1","1","447","True","False"
"c\rai\w\c.wav","1","1","447","True","False"
"c\rai\w\e1.wav","1","1","447","True","False"
"c\rai\w\e2.wav","1","1","447","True","False"
"c\rai\w\j1.wav","1","1","447","True","False"
"c\rai\w\j2.wav","1","1","78","True","False"
"c\rai\w\j3.wav","1","1","447","True","False"
"c\rai\w\j4.wav","1","1","447","True","False"
"c\rai\w\j5.wav","1","1","447","True","False"
"c\rai\w\j6.wav","1","1","447","True","False"
"c\rai\w\j7.wav","1","1","447","True","False"
"c\rai\w\p1.wav","1","1","447","True","False"
"c\rai\w\p2.wav","1","1","447","True","False"
"c\rai\w\p3.wav","6","2","78;436","True","False"
"c\rai\w\t.wav","1","1","78","True","False"
"c\rai\w\t2.wav","1","1","436","True","False"
"c\rai\w\tm.wav","1","1","78","True","False"
"c\sai\w\a1.wav","1","1","4","True","False"
"c\sai\w\a2.wav","1","1","4","True","False"
"c\sai\w\a3.wav","1","1","207","True","False"
"c\sai\w\a4.wav","1","1","4","True","False"
"c\sai\w\c.wav","1","1","4","True","False"
"c\sai\w\e1.wav","1","1","207","True","False"
"c\sai\w\e2.wav","1","1","207","True","False"
"c\sai\w\e3.wav","1","1","4","True","False"
"c\sai\w\j1.wav","1","1","207","True","False"
"c\sai\w\j2.wav","1","1","4","True","False"
"c\sai\w\j3.wav","1","1","4","True","False"
"c\sai\w\j4.wav","1","1","207","True","False"
"c\sai\w\j5.wav","1","1","4","True","False"
"c\sai\w\j6.wav","1","1","4","True","False"
"c\sai\w\p1.wav","2","1","4","True","False"
"c\sai\w\p2.wav","1","1","4","True","False"
"c\sai\w\p3.wav","1","1","4","True","False"
"c\sako\w\a1.wav","1","1","805","True","False"
"c\sako\w\a2.wav","1","1","805","True","False"
"c\sako\w\a3.wav","1","1","805","True","False"
"c\sako\w\c.wav","4","4","35;61;80;81","True","False"
"c\sako\w\d.wav","6","6","35;61;80;81;82;83","True","False"
"c\sako\w\da.wav","1","1","805","True","False"
"c\sako\w\j1.wav","1","1","805","True","False"
"c\sako\w\j2.wav","1","1","805","True","False"
"c\sako\w\j3.wav","1","1","805","True","False"
"c\sako\w\j4.wav","1","1","805","True","False"
"c\sako\w\p1.wav","1","1","805","True","False"
"c\sako\w\p2.wav","1","1","805","True","False"
"c\sako\w\p3.wav","6","6","35;61;80;81;82;83","True","False"
"c\sako\w\p4.wav","6","6","35;61;80;81;82;83","True","False"
"c\sako\w\ra.wav","1","1","805","True","False"
"c\sako\w\t.wav","1","1","805","True","False"
"c\sako\w\tr.wav","1","1","805","True","False"
"c\saku\w\a1.wav","1","1","700","True","False"
"c\saku\w\a2.wav","1","1","700","True","False"
"c\saku\w\a3.wav","1","1","700","True","False"
"c\saku\w\a4.wav","1","1","700","True","False"
"c\saku\w\a5.wav","1","1","700","True","False"
"c\saku\w\a6.wav","1","1","700","True","False"
"c\saku\w\c.wav","4","4","1;700;704;705","True","False"
"c\saku\w\j1.wav","1","1","700","True","False"
"c\saku\w\j2.wav","1","1","700","True","False"
"c\saku\w\p1.wav","6","3","1;704;705","True","False"
"c\saku\w\p2.wav","1","1","700","True","False"
"c\saku\w\p3.wav","1","1","700","True","False"
"c\saku\w\r.wav","1","1","700","True","False"
"c\saku\w\sha.wav","1","1","700","True","False"
"c\saku\w\tra.wav","1","1","1","True","False"
"c\saso\w\a1.wav","1","1","6","True","False"
"c\saso\w\a2.wav","1","1","822","True","False"
"c\saso\w\a3.wav","1","1","6","True","False"
"c\saso\w\a4.wav","1","1","822","True","False"
"c\saso\w\c.wav","1","1","6","True","False"
"c\saso\w\e1.wav","1","1","822","True","False"
"c\saso\w\j.wav","2","1","6","True","False"
"c\saso\w\j1.wav","1","1","822","True","False"
"c\saso\w\j2.wav","1","1","6","True","False"
"c\saso\w\j3.wav","1","1","6","True","False"
"c\saso\w\j4.wav","1","1","822","True","False"
"c\saso\w\j5.wav","1","1","822","True","False"
"c\saso\w\p1.wav","1","1","6","True","False"
"c\saso\w\p2.wav","2","1","6","True","False"
"c\saso\w\p3.wav","1","1","6","True","False"
"c\saso\w\p4.wav","2","1","6","True","False"
"c\saso\w\r.wav","1","1","822","True","False"
"c\sasu\w\a1.wav","1","1","440","True","False"
"c\sasu\w\a2.wav","1","1","440","True","False"
"c\sasu\w\a3.wav","1","1","440","True","False"
"c\sasu\w\a4.wav","1","1","98","True","False"
"c\sasu\w\a5.wav","1","1","98","True","False"
"c\sasu\w\a6.wav","1","1","440","True","False"
"c\sasu\w\a7.wav","1","1","98","True","False"
"c\sasu\w\a8.wav","2","2","98;440","True","False"
"c\sasu\w\ama.wav","1","1","98","True","False"
"c\sasu\w\c.wav","2","2","11;98","True","False"
"c\sasu\w\c1.wav","1","1","98","True","False"
"c\sasu\w\chi.wav","1","1","440","True","False"
"c\sasu\w\cla.wav","1","1","38","True","False"
"c\sasu\w\j.wav","1","1","440","True","False"
"c\sasu\w\j1.wav","1","1","440","True","False"
"c\sasu\w\j10.wav","1","1","440","True","False"
"c\sasu\w\j11.wav","1","1","98","True","False"
"c\sasu\w\j12.wav","1","1","98","True","False"
"c\sasu\w\j13.wav","1","1","98","True","False"
"c\sasu\w\j14.wav","1","1","98","True","False"
"c\sasu\w\j15.wav","1","1","440","True","False"
"c\sasu\w\j2.wav","1","1","11","True","False"
"c\sasu\w\j3.wav","1","1","440","True","False"
"c\sasu\w\j4.wav","1","1","440","True","False"
"c\sasu\w\j5.wav","1","1","440","True","False"
"c\sasu\w\j6.wav","1","1","440","True","False"
"c\sasu\w\j7.wav","1","1","11","True","False"
"c\sasu\w\j8.wav","1","1","440","True","False"
"c\sasu\w\j9.wav","1","1","440","True","False"
"c\sasu\w\p1.wav","3","3","11;87;98","True","False"
"c\sasu\w\p2.wav","3","3","11;87;98","True","False"
"c\sasu\w\p3.wav","2","2","11;38","True","False"
"c\sasu\w\p4.wav","1","1","440","True","False"
"c\sasu\w\p5.wav","1","1","440","True","False"
"c\sasu\w\p6.wav","1","1","440","True","False"
"c\sasu\w\p7.wav","1","1","11","True","False"
"c\sasu\w\p8.wav","1","1","440","True","False"
"c\sasu\w\p9.wav","1","1","440","True","False"
"c\sasu\w\r.wav","1","1","11","True","False"
"c\sasu\w\sum.wav","1","1","98","True","False"
"c\sasu\w\t.wav","1","1","440","True","False"
"c\shik\w\a1.wav","1","1","22","True","False"
"c\shik\w\a2.wav","1","1","462","True","False"
"c\shik\w\c.wav","1","1","22","True","False"
"c\shik\w\j1.wav","1","1","22","True","False"
"c\shik\w\j2.wav","1","1","22","True","False"
"c\shik\w\p1.wav","1","1","22","True","False"
"c\shik\w\p2.wav","1","1","462","True","False"
"c\shik\w\t.wav","1","1","22","True","False"
"c\shino\w\a1.wav","1","1","5","True","False"
"c\shino\w\a2.wav","1","1","5","True","False"
"c\shino\w\a3.wav","1","1","228","True","False"
"c\shino\w\c.wav","1","1","5","True","False"
"c\shino\w\e1.wav","1","1","228","True","False"
"c\shino\w\j1.wav","1","1","228","True","False"
"c\shino\w\j2.wav","1","1","228","True","False"
"c\shino\w\j3.wav","1","1","228","True","False"
"c\shino\w\p1.wav","1","1","5","True","False"
"c\shino\w\p2.wav","1","1","5","True","False"
"c\shino\w\p3.wav","1","1","5","True","False"
"c\shis\w\a1.wav","1","1","70","True","False"
"c\shis\w\a2.wav","1","1","70","True","False"
"c\shis\w\c.wav","1","1","70","True","False"
"c\shis\w\e1.wav","1","1","710","True","False"
"c\shis\w\e2.wav","1","1","710","True","False"
"c\shis\w\j1.wav","1","1","710","True","False"
"c\shis\w\j2.wav","1","1","70","True","False"
"c\shis\w\j3.wav","1","1","710","True","False"
"c\shis\w\j4.wav","1","1","710","True","False"
"c\shis\w\j5.wav","1","1","70","True","False"
"c\shis\w\p1.wav","3","2","70;710","True","False"
"c\shis\w\ra.wav","1","1","710","True","False"
"c\shis\w\t.wav","1","1","70","True","False"
"c\sui\w\a1.wav","1","1","421","True","False"
"c\sui\w\a2.wav","1","1","421","True","False"
"c\sui\w\a3.wav","1","1","421","True","False"
"c\sui\w\a4.wav","1","1","421","True","False"
"c\sui\w\a5.wav","1","1","421","True","False"
"c\sui\w\d.wav","1","1","74","True","False"
"c\sui\w\j1.wav","1","1","421","True","False"
"c\sui\w\j2.wav","1","1","74","True","False"
"c\sui\w\j3.wav","1","1","421","True","False"
"c\sui\w\j4.wav","1","1","74","True","False"
"c\sui\w\j5.wav","1","1","74","True","False"
"c\sui\w\j6.wav","1","1","74","True","False"
"c\sui\w\j7.wav","1","1","421","True","False"
"c\sui\w\p1.wav","1","1","74","True","False"
"c\sui\w\p2.wav","1","1","74","True","False"
"c\sui\w\p3.wav","1","1","74","True","False"
"c\sui\w\p4.wav","1","1","74","True","False"
"c\sui\w\p5.wav","1","1","74","True","False"
"c\sui\w\p6.wav","1","1","74","True","False"
"c\sui\w\r.wav","1","1","74","True","False"
"c\sui\w\t.wav","1","1","74","True","False"
"c\tay\w\a1.wav","1","1","439","True","False"
"c\tay\w\a2.wav","1","1","439","True","False"
"c\tay\w\a3.wav","3","3","36;62;439","True","False"
"c\tay\w\d.wav","2","2","36;62","True","False"
"c\tay\w\da.wav","1","1","439","True","False"
"c\tay\w\j1.wav","1","1","439","True","False"
"c\tay\w\j2.wav","1","1","439","True","False"
"c\tay\w\j3.wav","1","1","439","True","False"
"c\tay\w\j4.wav","1","1","36","True","False"
"c\tay\w\p1.wav","1","1","439","True","False"
"c\tay\w\p2.wav","1","1","439","True","False"
"c\tay\w\p3.wav","2","2","36;62","True","False"
"c\tay\w\p4.wav","2","2","36;62","True","False"
"c\tay\w\ra.wav","1","1","439","True","False"
"c\tay\w\tr.wav","1","1","62","True","False"
"c\tem\w\a1.wav","1","1","15","True","False"
"c\tem\w\a2.wav","1","1","804","True","False"
"c\tem\w\a3.wav","1","1","804","True","False"
"c\tem\w\c.wav","1","1","15","True","False"
"c\tem\w\j1.wav","1","1","15","True","False"
"c\tem\w\j2.wav","1","1","15","True","False"
"c\tem\w\j3.wav","1","1","15","True","False"
"c\tem\w\p1.wav","1","1","15","True","False"
"c\tem\w\p2.wav","1","1","15","True","False"
"c\tem\w\p3.wav","1","1","15","True","False"
"c\ten\w\a1.wav","1","1","725","True","False"
"c\ten\w\a2.wav","1","1","725","True","False"
"c\ten\w\a3.wav","1","1","725","True","False"
"c\ten\w\a4.wav","1","1","725","True","False"
"c\ten\w\c.wav","1","1","19","True","False"
"c\ten\w\j1.wav","1","1","725","True","False"
"c\ten\w\p1.wav","1","1","725","True","False"
"c\ten\w\p2.wav","5","5","19;713;723;724;729","True","False"
"c\ten\w\p3.wav","1","1","725","True","False"
"c\tobi\w\a1.wav","1","1","232","True","False"
"c\tobi\w\a2.wav","1","1","232","True","False"
"c\tobi\w\c.wav","2","2","0;53","True","False"
"c\tobi\w\ca.wav","1","1","232","True","False"
"c\tobi\w\j1.wav","1","1","53","True","False"
"c\tobi\w\j2.wav","1","1","0","True","False"
"c\tobi\w\j3.wav","1","1","0","True","False"
"c\tobi\w\j4.wav","1","1","232","True","False"
"c\tobi\w\p1.wav","1","1","232","True","False"
"c\tobi\w\p2.wav","1","1","232","True","False"
"c\tobi\w\p3.wav","2","2","0;53","True","False"
"c\tobi\w\p4.wav","4","2","0;53","True","False"
"c\tobi\w\ra.wav","1","1","232","True","False"
"c\tobi\w\sp.wav","1","1","232","True","False"
"c\tobi\w\t.wav","1","1","232","True","False"
"c\tobir\w\j1.wav","1","1","64","True","False"
"c\tobir\w\j2.wav","1","1","64","True","False"
"c\tobir\w\j4.wav","2","2","64;415","True","False"
"c\tobir\w\j5.wav","1","1","64","True","False"
"c\tobir\w\j6.wav","2","2","64;415","True","False"
"c\tobir\w\j7.wav","1","1","64","True","False"
"c\tobir\w\ja.wav","1","1","459","True","False"
"c\tobir\w\p.wav","1","1","459","True","False"
"c\tobir\w\p1.wav","1","1","64","True","False"
"c\tobir\w\p2.wav","1","1","64","True","False"
"c\tobir\w\p3.wav","1","1","459","True","False"
"c\tobir\w\p4.wav","1","1","459","True","False"
"c\tobir\w\t.wav","1","1","64","True","False"
"c\tsu\w\a1.wav","1","1","237","True","False"
"c\tsu\w\a2.wav","1","1","237","True","False"
"c\tsu\w\c.wav","1","1","513","True","False"
"c\tsu\w\j.wav","1","1","513","True","False"
"c\tsu\w\j1.wav","1","1","513","True","False"
"c\tsu\w\j2.wav","1","1","513","True","False"
"c\tsu\w\j3.wav","1","1","237","True","False"
"c\tsu\w\p1.wav","1","1","513","True","False"
"c\tsu\w\p2.wav","1","1","513","True","False"
"c\tsu\w\p3.wav","1","1","513","True","False"
"c\tsu\w\r.wav","1","1","513","True","False"
"c\tsu\w\t.wav","1","1","513","True","False"
"c\yag\w\a1.wav","1","1","511","True","False"
"c\yag\w\a2.wav","1","1","511","True","False"
"c\yag\w\a3.wav","1","1","511","True","False"
"c\yag\w\c.wav","1","1","510","True","False"
"c\yag\w\e1.wav","1","1","511","True","False"
"c\yag\w\e2.wav","1","1","510","True","False"
"c\yag\w\j1.wav","1","1","510","True","False"
"c\yag\w\j2.wav","1","1","510","True","False"
"c\yag\w\j3.wav","1","1","510","True","False"
"c\yag\w\j4.wav","1","1","510","True","False"
"c\yag\w\j5.wav","1","1","510","True","False"
"c\yag\w\j6.wav","1","1","510","True","False"
"c\yag\w\j7.wav","1","1","510","True","False"
"c\yag\w\p1.wav","3","2","510;511","True","False"
"c\yag\w\t.wav","1","1","510","True","False"
"c\yam\w\a1.wav","1","1","555","True","False"
"c\yam\w\a2.wav","1","1","555","True","False"
"c\yam\w\c.wav","2","1","13","True","False"
"c\yam\w\e1.wav","1","1","13","True","False"
"c\yam\w\j1.wav","1","1","13","True","False"
"c\yam\w\j2.wav","1","1","555","True","False"
"c\yam\w\p1.wav","1","1","555","True","False"
"c\yam\w\p2.wav","1","1","555","True","False"
"c\zab\w\a1.wav","1","1","602","True","False"
"c\zab\w\a2.wav","1","1","602","True","False"
"c\zab\w\a3.wav","1","1","602","True","False"
"c\zab\w\j1.wav","1","1","602","True","False"
"c\zab\w\j2.wav","1","1","602","True","False"
"c\zab\w\j3.wav","1","1","602","True","False"
"c\zab\w\j4.wav","1","1","602","True","False"
"c\zab\w\j5.wav","1","1","602","True","False"
"c\zab\w\p1.wav","1","1","602","True","False"
"c\zab\w\p2.wav","1","1","602","True","False"
"c\zab\w\p3.wav","9","3","49;60;456","True","False"
"custom\1genma\w\a1.wav","2","2","901;903","True","False"
"custom\1genma\w\a2.wav","3","2","901;903","True","False"
"custom\1genma\w\a3.wav","5","2","901;903","True","False"
"custom\1genma\w\a4.wav","10","3","430;901;903","True","False"
"custom\1genma\w\c.wav","2","1","901","True","False"
"custom\1genma\w\j3.wav","3","2","901;903","True","False"
"custom\1genma\w\j4.wav","2","2","901;903","True","False"
"custom\1genma\w\p1.wav","4","2","901;903","True","False"
"custom\1genma\w\p2.wav","4","2","901;903","True","False"
"data/015.wav","3","1","18","True","True"
"data/021.wav","1","1","208","True","True"
"data/028.wav","9","1","75","True","True"
"data/029.wav","21","1","75","True","True"
"data/032.wav","3","1","441","True","False"
"data/033.wav","3","1","441","True","False"
"data\001.wav","17","3","0;53;426","True","False"
"data\002.wav","16","8","25;34;57;67;231;420;498;860","True","True"
"data\003.wav","334","134","0;1;2;3;4;5;7;8;9;10;11;12;13;14;15;16;17;18;19;20;21;22;23;24;25;26;27;28;29;30;31;32;33;34;35;36;37;38;40;41;42;43;44;45;47;48;49;50;51;52;53;56;57;60;61;62;63;64;65;66;67;68;69;70;71;72;73;74;75;76;77;78;80;81;82;83;84;85;87;92;93;94;95;96;97;98;99;226;400;401;410;412;413;415;427;428;430;436;449;456;498;500;501;502;504;505;506;507;509;510;513;604;701;702;704;705;713;723;724;726;727;729;800;802;838;860;861;862;871;872;873;874;901;903","True","True"
"data\004.wav","450","135","0;1;2;3;4;5;7;8;9;10;11;12;13;14;15;16;17;18;19;20;21;22;23;24;25;26;27;28;29;30;31;32;33;34;35;36;37;38;40;41;42;43;44;45;47;48;49;50;51;52;53;56;57;60;61;62;63;64;65;66;67;68;69;70;71;72;73;74;75;76;77;78;80;81;82;83;84;85;87;90;92;93;94;95;96;97;98;99;226;400;401;410;412;413;415;427;428;430;436;449;456;498;500;501;502;504;505;506;507;509;510;513;604;701;702;704;705;713;723;724;726;727;729;800;802;838;860;861;862;871;872;873;874;901;903","True","True"
"data\005.wav","59","26","1;4;9;15;16;17;35;36;52;61;62;71;72;91;220;400;411;509;604;704;705;719;804;809;810;907","True","True"
"data\006.wav","28","23","1;7;21;27;35;37;60;61;66;80;81;99;214;427;428;431;449;456;508;702;704;705;715","True","False"
"data\007.wav","1856","173","0;1;2;3;4;5;6;7;8;9;10;11;12;13;14;15;16;17;18;19;20;21;22;23;24;25;26;27;28;29;30;31;32;33;34;35;36;37;38;39;40;41;42;43;44;45;46;47;48;49;50;51;52;53;54;55;56;57;58;60;61;62;63;64;65;66;67;68;69;70;71;72;73;74;75;76;77;78;80;81;82;83;84;85;86;87;90;91;92;93;94;95;96;97;98;99;124;207;226;236;317;400;401;405;410;411;412;413;415;423;427;428;429;430;436;449;456;462;498;499;500;501;502;504;505;506;507;509;510;513;525;526;602;604;630;701;702;704;705;707;711;712;713;723;724;725;726;727;729;800;804;838;850;851;852;853;854;855;856;857;858;859;860;861;862;870;871;872;873;874;901;902;903","True","True"
"data\008.wav","408","147","0;1;3;4;5;7;8;9;10;11;12;13;14;15;16;17;18;19;20;21;22;23;24;25;26;27;28;29;30;31;32;33;34;35;36;37;38;39;40;41;42;43;45;46;47;48;49;50;51;52;53;54;55;56;57;58;60;61;62;63;64;65;66;67;68;69;70;71;72;73;74;76;77;78;80;81;82;83;84;85;86;90;92;93;94;95;96;97;400;410;412;413;415;427;428;430;436;449;456;462;498;500;501;502;504;505;506;507;509;510;513;604;701;702;704;705;707;711;712;713;723;724;725;726;727;729;800;802;804;850;851;852;853;854;855;856;857;858;859;860;861;871;872;873;874;901;903","True","True"
"data\009.wav","589","152","0;1;2;3;4;5;6;7;8;9;10;11;12;13;14;15;16;17;18;19;20;21;22;23;24;25;26;27;28;29;30;31;32;33;34;35;36;37;38;39;40;41;42;43;44;45;46;47;48;49;50;51;52;53;54;55;56;57;58;60;61;62;63;64;65;66;67;68;69;70;71;72;73;74;75;76;77;78;80;81;82;83;84;85;86;87;90;91;92;93;94;95;96;97;98;99;400;410;412;413;415;427;428;430;436;449;456;498;500;501;502;504;505;506;507;508;509;510;513;604;701;702;704;705;711;712;713;723;724;726;727;729;800;802;850;851;852;853;854;855;856;857;858;859;860;861;871;872;873;874;901;903","True","True"
"data\010.wav","43","7","29;37;66;94;97;506;838","True","True"
"data\012.wav","336","146","0;1;2;3;4;5;6;7;8;9;10;11;12;13;14;15;16;17;18;19;20;21;22;23;24;25;26;27;28;29;30;31;32;33;34;35;36;37;38;40;41;42;43;44;45;47;48;49;50;51;52;53;55;56;57;59;60;61;62;63;64;65;66;67;68;69;70;71;72;73;74;75;76;77;78;80;81;82;83;84;85;86;87;90;91;92;93;94;95;96;97;98;99;400;410;412;413;415;427;428;430;436;449;456;498;500;501;502;504;505;506;507;509;510;513;604;701;702;704;705;713;723;724;726;727;729;800;802;850;851;852;853;854;855;856;857;858;859;860;861;871;872;873;874;901;903","True","True"
"data\013.wav","26","7","22;34;35;61;230;442;702","True","True"
"data\014.wav","288","34","2;4;7;13;16;18;21;27;29;33;35;41;52;61;71;92;96;99;214;230;400;414;417;426;427;449;462;510;518;701;702;760;900;901","True","True"
"data\015.wav","117","22","4;6;17;21;25;29;33;34;35;42;60;61;65;67;80;81;456;498;700;701;702;860","True","True"
"data\016.wav","14","8","7;22;60;76;304;440;456;603","True","True"
"data\017.wav","1060","176","0;1;2;3;4;5;6;7;8;9;10;11;12;13;14;15;16;17;18;19;20;21;22;23;24;25;26;27;28;29;30;31;32;33;34;35;36;37;38;40;41;42;43;44;45;46;47;48;49;50;51;52;53;54;55;56;57;58;59;60;61;62;63;64;65;66;67;68;69;70;71;72;73;74;75;76;77;78;80;81;82;83;84;85;86;87;90;91;92;93;94;95;96;97;98;99;214;220;224;226;227;233;235;236;302;303;315;400;401;405;410;412;413;415;419;420;427;428;429;430;436;440;449;456;498;500;501;502;504;505;506;507;508;509;510;511;513;604;701;702;704;705;706;707;713;715;723;724;726;727;729;800;802;804;838;850;851;852;853;854;855;856;857;858;859;860;861;862;870;871;872;873;874;875;901;903","True","True"
"data\018.wav","51","18","20;34;54;64;65;67;68;230;334;416;421;438;442;702;707;822;875;876","True","True"
"data\019.wav","63","30","6;7;17;18;27;37;41;42;51;60;63;64;66;98;220;230;411;421;423;440;449;456;516;709;711;712;736;822;877;888","True","True"
"data\020.wav","115","47","0;1;4;6;7;21;34;51;60;63;67;69;76;87;93;208;210;211;225;232;251;300;301;303;405;411;422;439;455;456;462;499;525;526;555;619;701;702;704;705;725;808;814;838;875;877;888","True","True"
"data\021.wav","118","46","1;9;12;13;15;28;37;50;65;66;208;229;230;231;237;334;400;402;403;404;409;411;419;420;423;426;428;447;499;507;508;510;518;555;703;704;705;707;708;736;806;820;822;832;838;875","True","True"
"data\025.wav","5","4","29;34;67;700","True","True"
"data\027.wav","3","2","52;515","True","True"
"data\028.wav","205","47","4;8;11;12;14;19;21;27;29;38;40;41;51;52;60;70;73;75;76;78;84;90;95;98;230;410;412;413;418;423;427;428;429;430;436;449;456;509;602;603;701;702;723;815;855;856;888","True","True"
"data\029.wav","133","30","8;11;12;14;23;26;27;29;38;51;52;73;75;95;98;230;410;412;413;417;427;428;429;449;509;604;619;723;855;888","True","True"
"data\030.wav","1","1","9","True","True"
"data\031.wav","21","9","4;16;27;46;50;52;58;63;449","True","True"
"data\032.wav","4","3","24;56;220","True","False"
"data\033.wav","25","20","11;38;40;56;57;60;75;98;220;230;315;401;411;420;440;456;498;509;762;838","True","False"
"data\034.wav","18","5","101;120;121;515;884","True","True"
"data\035.wav","9","4","407;409;555;604","True","True"
"data\036.wav","46","3","409;459;555","True","True"
"data\038.wav","8","3","3;90;124","True","True"
"data\039.wav","2","2","2;33","True","True"
"data\041.wav","6","1","600","True","True"
"data\042.wav","3","1","7","True","True"
"data\043.wav","174","107","0;1;2;3;4;5;7;8;9;10;11;12;13;14;15;16;17;18;19;20;21;22;23;24;25;26;27;28;29;34;35;36;37;38;41;42;45;51;52;53;56;57;60;61;62;63;64;65;66;67;68;69;70;71;72;73;74;75;76;77;78;80;81;84;90;92;93;94;95;97;98;99;230;400;410;419;423;427;428;430;436;449;456;462;498;499;506;507;509;510;513;604;701;702;704;705;713;723;726;727;729;760;815;816;861;900;901","True","True"
"data\046.wav","13","9","18;41;74;406;427;449;525;838;900","True","True"
"data\048.wav","2","2","17;42","True","True"
"data\049.wav","3","3","202;219;862","True","True"
"data\052.wav","144","102","0;1;2;3;4;5;6;7;8;9;10;11;12;13;14;15;16;17;18;19;20;21;22;23;24;25;26;27;28;29;34;35;36;37;38;41;42;45;46;51;52;53;54;56;57;58;60;61;62;63;64;65;66;67;68;69;70;71;72;73;74;75;76;77;78;80;81;83;84;90;91;92;93;94;95;97;98;99;400;427;428;430;436;440;449;456;498;506;507;509;510;513;516;604;701;702;704;705;726;727;838;901","True","True"
"data\053.wav","62","16","2;8;18;21;27;29;41;204;220;302;419;427;449;518;702;704","True","True"
"data\054.wav","161","43","6;7;15;17;19;24;25;37;38;42;49;54;56;57;60;66;68;71;87;94;207;316;334;400;411;419;439;456;498;505;506;525;526;602;619;724;725;832;858;871;872;873;874","True","True"
"data\055.wav","25","9","15;27;70;78;426;427;431;436;449","True","True"
"data\058.wav","5","3","36;62;439","True","True"
"data\059.wav","13","7","20;28;421;432;507;809;810","True","True"
"data\060.wav","18","9","28;32;34;95;230;462;507;850;852","True","True"
"data\061.wav","83","44","1;2;6;8;10;12;14;15;16;18;19;21;22;23;26;28;33;41;45;46;51;58;64;65;84;95;96;204;221;222;405;406;439;441;509;630;702;704;705;706;716;725;875;876","True","True"
"data\063.wav","20","16","4;15;17;28;29;41;42;60;74;75;76;421;456;507;508;509","True","True"
"data\066.wav","2","1","462","True","True"
"data\067.wav","52","17","0;3;9;11;50;63;65;70;71;98;423;430;605;702;710;804;901","True","True"
"data\068.wav","3","2","50;98","True","True"
"data\069.wav","10","10","23;29;37;66;75;411;709;712;726;727","True","True"
"data\070.wav","3","2","9;98","True","True"
"data\071.wav","30","12","9;38;51;63;90;98;223;409;440;715;729;871","True","True"
"data\072.wav","3","1","516","True","True"
"data\073.wav","22","13","3;15;68;72;406;407;516;526;604;719;804;901;907","True","True"
"data\074.wav","1","1","516","True","True"
"data\075.wav","7","4","22;54;68;838","True","True"
"data\077.wav","27","5","21;37;66;77;702","True","True"
"data\078.wav","15","9","2;18;21;41;52;212;414;427;702","True","True"
"data\084.wav","21","1","725","True","True"
"data\089.wav","39","19","38;74;98;220;223;226;236;317;400;459;508;514;518;816;822;875;888;905;906","True","True"
"data\092.wav","28","17","8;13;60;91;226;411;419;441;456;516;518;525;602;619;708;876;900","True","True"
"data\101.wav","8","2","36;62","True","True"
"data\102.wav","16","2","36;62","True","True"
"data\103.wav","145","13","3;11;14;38;75;98;315;440;499;707;761;806;900","True","True"
"data\break.wav","2","1","516","True","True"
"data\effect.wav","6","4","11;75;98;900","True","False"
"data\frog.wav","3","1","715","True","True"
"data\growl.wav","4","3","403;602;760","True","True"
"data\heart.wav","2","2","25;498","True","True"
"data\m_ok.wav","24","13","92;232;406;407;416;419;440;442;459;518;717;862;888","True","False"
"data\wave.wav","4","4","401;416;459;616","True","True"
