cue,formal_pcm_sha256,unity_pcm_sha256,same_pcm_bytes
data/015.wav,59E1E625C54736FFE258629AAC8AA11B9CBF52D84F80C385A013EF4D01E75D13,59E1E625C54736FFE258629AAC8AA11B9CBF52D84F80C385A013EF4D01E75D13,True
data/021.wav,07F03DAEEB8BC4F5A6F68BB2EC1EACF0CFB50C4404256D84324350B74B2DE95A,2ED31E89D63F1415AA2D02FC794FA16EDCBBCC5BE516242A7CF8F82DAB04E19C,False
data/028.wav,43F526201F5BE090E149B917DC32B535D2C141F9D4DF1A6C28CB9582AE7D15FD,4E4DD9D1545E9FEC177CC240F0E860496F0248BE9B5C0A73DFA1178857B585E8,False
data/029.wav,95A459C3892FCFA25A8484FEE9F1D3554D1CE292688E68928A57871D9FE88073,95A459C3892FCFA25A8484FEE9F1D3554D1CE292688E68928A57871D9FE88073,True
data\002.wav,A5A0B51A2BF8C2AEA7312AA234F64DF4F3D50591179005BE6BE33D6017CD4170,1BA7A4F8D74454B9AD7C4CFC5A9C3A7DF9D8106ADF99C1D9B8DFE58A281A3C39,False
data\003.wav,9DF1C977C5D312C03368D6FD8F0D7A860CA91E77177AC3E897691F1513E2DC68,9DF1C977C5D312C03368D6FD8F0D7A860CA91E77177AC3E897691F1513E2DC68,True
data\004.wav,4D55DEB8F1136E02AD4BD9CB0412EB041E3EED989979BD01C972FF41C8FEC274,4D55DEB8F1136E02AD4BD9CB0412EB041E3EED989979BD01C972FF41C8FEC274,True
data\005.wav,84448F859162593FD6A3535C2D2F7A1F4E024E47D7C3EF713D602EB95F28CA61,6AB2C09FD95962CBC9E093B6D836EECBEEA397F265680D4770138C213DCD28D1,False
data\007.wav,1A4317C153D6DC3652F55BA29167989069178AB9B8A58811390F2A3DBDD74D4F,1A4317C153D6DC3652F55BA29167989069178AB9B8A58811390F2A3DBDD74D4F,True
data\008.wav,4B5C51A96348C02EE54387FBA5A48BDB61A2907D6E8D6D15146D1F61F8EF08D6,4B5C51A96348C02EE54387FBA5A48BDB61A2907D6E8D6D15146D1F61F8EF08D6,True
data\009.wav,87AA8980AF519C75FCD647EA67DC04F6D91A37F5A4B4B183D351B3D532FF8015,87AA8980AF519C75FCD647EA67DC04F6D91A37F5A4B4B183D351B3D532FF8015,True
data\010.wav,02EB99803C23AD8D3587E4CFB366606A08E999E3E985255331422922EEDE4909,02EB99803C23AD8D3587E4CFB366606A08E999E3E985255331422922EEDE4909,True
data\012.wav,457C15D607A2254E1EA7433F9E3AECFD8FC2CE76A8854A830B5DB38896F2B6FB,457C15D607A2254E1EA7433F9E3AECFD8FC2CE76A8854A830B5DB38896F2B6FB,True
data\013.wav,F96ED9CA6168BA587EBF59DC5D3053BE2B51903BEC3796CBFC524DD8AB2B29C4,F96ED9CA6168BA587EBF59DC5D3053BE2B51903BEC3796CBFC524DD8AB2B29C4,True
data\014.wav,281BF835CA349A445CC304DE41E1D64AF241217F2182F4187DD8A5982F81E565,4C8C8653B2B6EFA7E865A9E8E283BD0FCEE5822727C1801E7DB2A366924EA303,False
data\015.wav,59E1E625C54736FFE258629AAC8AA11B9CBF52D84F80C385A013EF4D01E75D13,59E1E625C54736FFE258629AAC8AA11B9CBF52D84F80C385A013EF4D01E75D13,True
data\016.wav,50A75E61ACBF4CD2A985CAD642E2B2901EF1835661441BBB2ED3818046121A6C,50A75E61ACBF4CD2A985CAD642E2B2901EF1835661441BBB2ED3818046121A6C,True
data\017.wav,772F9459859C61D04F2C24FB38BE4D9FB9BA0781E0FB00069640414F0F303FD6,772F9459859C61D04F2C24FB38BE4D9FB9BA0781E0FB00069640414F0F303FD6,True
data\018.wav,B39D06FA9475ED5E621FF68122817F76D86506E900F1B1BD748878CCC85A751D,47FFF074E5B5AB8D49A400308AA577E6055DEF36EB8AB7B637B53B08DE5ED3BF,False
data\019.wav,98230E87E4B57DE4D76FBD0D6A2171D60DB89E040AE232CC1D067A14A9D43E35,F01A519E5BDF1B6778753A84E60EAB79BF12B63D5E071C1EC10E29DC779FB68E,False
data\020.wav,C7823ECFE4282ED7464E29F7B02FF4FA3FC24D05395EFFB672367E7CF504E9F2,066F17068CEB28E54A5477689024FBF468A71C8597A38958D34E535766BF3411,False
data\021.wav,07F03DAEEB8BC4F5A6F68BB2EC1EACF0CFB50C4404256D84324350B74B2DE95A,2ED31E89D63F1415AA2D02FC794FA16EDCBBCC5BE516242A7CF8F82DAB04E19C,False
data\025.wav,28073158A952BE7280D28212E944E7F169FD7B2ECDBD14E62CFB046B6DC36F65,28073158A952BE7280D28212E944E7F169FD7B2ECDBD14E62CFB046B6DC36F65,True
data\027.wav,9ADC5E85B25637281027124FC7739F58684D18C5941F6B0A441F3B46BEA5824C,9ADC5E85B25637281027124FC7739F58684D18C5941F6B0A441F3B46BEA5824C,True
data\028.wav,43F526201F5BE090E149B917DC32B535D2C141F9D4DF1A6C28CB9582AE7D15FD,4E4DD9D1545E9FEC177CC240F0E860496F0248BE9B5C0A73DFA1178857B585E8,False
data\029.wav,95A459C3892FCFA25A8484FEE9F1D3554D1CE292688E68928A57871D9FE88073,95A459C3892FCFA25A8484FEE9F1D3554D1CE292688E68928A57871D9FE88073,True
data\030.wav,3581CAA193B55C9D243BA691D66495D28F69CE96287A3A717844C349960AD9BB,E679BFFD689876F1A61AA97365F85F9EA3459E51AB1BF4A8F5F0562B7CABABE3,False
data\031.wav,4894D8C0C5CE655D6244DBA17385F4CB510EC9E94870768BD84EB59BA51CED26,C0B611ACC1A7AA5F0D3F85D9547178FE2ADC90FE7F84B6C5B1E30126498DF6DE,False
data\034.wav,AE6FB2579744C03A9E5F70D9896A648563CE3BC159530C98B94317F91FB2E9DA,AE6FB2579744C03A9E5F70D9896A648563CE3BC159530C98B94317F91FB2E9DA,True
data\035.wav,AAE5DD0460F205C82DCB5FD327B6E76E7DAB84DB5CA3C1B7F13D34A695C79352,FE276E1B8AA9330952C271121959CF56383B0A1D365391191594C2389031BA45,False
data\036.wav,EDCD4CDC69ABD4AB294927FD8C0F1D7A4C2DAA230CC40B46908FF40BE435D69C,DF2181E7F7BA8D13A94D0A3B42528243B3665AA6F9659B1507B9823D14731144,False
data\038.wav,5ACE5B8D87178A57DDF997B557D2A48050833358CE8BEBF4ED74E0CE412D0FCE,5ACE5B8D87178A57DDF997B557D2A48050833358CE8BEBF4ED74E0CE412D0FCE,True
data\039.wav,063EE1A7B7BCEFB2FBE9B062E77C9DDBF99C6ECFAD6002EA02BFC7DDEC5874F9,063EE1A7B7BCEFB2FBE9B062E77C9DDBF99C6ECFAD6002EA02BFC7DDEC5874F9,True
data\041.wav,71140A8DB6F0742A26DE2BF0A24521B4656EA270183301804CE4434BC2A8C721,71140A8DB6F0742A26DE2BF0A24521B4656EA270183301804CE4434BC2A8C721,True
data\042.wav,386607650E01154A6A8FC4E8216FFD6F00E301883C258853030ADC2618257EA7,386607650E01154A6A8FC4E8216FFD6F00E301883C258853030ADC2618257EA7,True
data\043.wav,D3705296112E6B1715677BF19B5CBE9B473C292EAD5E6CE9F20722EE63F42A11,F2CB5625B474AED49A64F77910D24823360C64183960CBDEF944BB92B97A502C,False
data\046.wav,C481E6D23821DA6D9FB46B9A2172971E934BFD1B2CC4CAD2538B3CA14000FFE0,90067E3733AD15A38E7A674E0F8B5168D2CE1F6EEB7834DF50556A4035FA68CC,False
data\048.wav,59A71ADFCB8A108B15EBF4F077D26FB97B73EE6260E26262713D40E13C49FBE2,5E9AE8FB01E86131AE692E4D490F3DCD92FAEFB76AE3E16FC8B533D3D09C19B6,False
data\049.wav,E18426555E4D524692AF998907D811FDDA78C6D220D33873C0EFAB8F300740A4,DF6ABA9750CB916FF67054993545DD8F8C9EBA724B9AB5EC960C12EBA390695C,False
data\052.wav,5A2FD40438D91D1163E7E326930530AA3C3A6ADD401D0EB69CDAEA5CED8AB540,5A2FD40438D91D1163E7E326930530AA3C3A6ADD401D0EB69CDAEA5CED8AB540,True
data\053.wav,9E3172B28D2FF5CD5B4D017AD25B94DA1613C39CC7A9767CC8BB4EE1B5193DCE,9E3172B28D2FF5CD5B4D017AD25B94DA1613C39CC7A9767CC8BB4EE1B5193DCE,True
data\054.wav,99F1349734A11938379D4DEE1B0DC38D3FFC7D43BDF70F31E0FDF2EECEBA5BE7,06F7C0144BF5419C2C9387A485C17C1CED6ECA277F6A36FF5FAD2BB73C16B7D6,False
data\055.wav,613618BCBAD5F155C96D189CB2E4E9841B15B8BC2FE6C11CC7C60522FC782879,83CC16C1DCD8C8E918F5D2E23E7CFBED6DEE97591F58590BADA5DD486E3C247F,False
data\058.wav,8FE83A4BA90335BB7F62279F73EB84A0A2A0A6F2C20CF433ACCDF4A0175B707F,743757B3D03160E47C76D6BAEB7F102AA7AEE5DF0FEBFCDAD640DC3D55CBE50F,False
data\059.wav,2A73DA2D4115FC2C283E2F54DC4C3C756491E237191BA56918BF8B791B450DE1,653BC60A09EF66EDC9BD708E50FC572CCC632EDF2AC076FBFB6E960F4CC18EB1,False
data\060.wav,57E063CD979FE05442B35A5A47EC2FD3466C3608A5D0E76BC32F8E9B34EBAC33,57E063CD979FE05442B35A5A47EC2FD3466C3608A5D0E76BC32F8E9B34EBAC33,True
data\061.wav,4681726D0DCB2383A9B59267C4B55502024C37FE7F909585053D01AE44DCFC76,4681726D0DCB2383A9B59267C4B55502024C37FE7F909585053D01AE44DCFC76,True
data\063.wav,771B26E0237FC85C1FBC1FD7405B2D6CA3AE4AE5362A6152E3275C6F3C749798,985F6002934848DB7B3F684E090FE25E914A8BEC113168F07A5BBB2F8247A85A,False
data\066.wav,FB7FDA6F2191B7234BF762995B9B6B4B6DFD1B2DBA63A6E0B5AAE3FD1E154D47,A6BD8907463404652EEE94FB3D07862EBE4A14793E513A59BFA6058860CC4A0C,False
data\067.wav,AD209620B3A4C332B6B6814299CD8720211DC5CD025441905E20D6272DD24D3F,8ED90A01FDEB5318FEC6BCF3E34CC836385AFEFF18ACDD6D9EDD6D526AF495BA,False
data\068.wav,18D3843CCE0627D89F15FCEF0330857A286E94ACBDB6AF65F1718D4B0B50B1B9,DCC4BED623CC018D8D236C03BEAAF206F86575743930E0CC4490857B5512283D,False
data\069.wav,926008D3F57EC0C25CB9867E1F7B67169FD72A864F000DEC300A932DCE71915E,926008D3F57EC0C25CB9867E1F7B67169FD72A864F000DEC300A932DCE71915E,True
data\070.wav,60782A997260B8B7809670D1E142243FCA5B2E29361CEE43A02C5601A2ABEB1C,A3A9A418791D0C7F1076AED7C06A77CB659900A4C16E58FEAC213B33B1A06951,False
data\071.wav,2BE9484564E79B165055F2BDF9DB61F292AC93ACB6E18A287FAE2770FE24739F,30AB61D09939D60589039753CE83AF432681DE7491A05D78D145A74FA54691C6,False
data\072.wav,1C7FAC03C7A7A9AF1E69801A86D4D009B840F9C9B03B22059739DD71D5653E71,936FD061FEF064A52F557DDA975F6EF3BBF715BD626781032EDF6BF92D4E7A97,False
data\073.wav,CE09EADF671E3F3BBD4B1B0CFEE18E5D748E8860136F4F85AE4CDA7FB72A9581,8DB7B11385556F41B326508F5EA4E2A5BA35217E135C949F8B540037B8AF0657,False
data\074.wav,72AA117B428D01EBF934D81EA56E1022374F860CC1893EB697F4C502FD9C13FC,72AA117B428D01EBF934D81EA56E1022374F860CC1893EB697F4C502FD9C13FC,True
data\075.wav,762DBB67AEEFDB9FD5300076651FE72B8E1CBA70D60A12E86630A6D8B0AC0753,A6BD8907463404652EEE94FB3D07862EBE4A14793E513A59BFA6058860CC4A0C,False
data\077.wav,6C981B0EA31865F09B0DF9B35835C0B263EC373CE32802260A8A39E4E19431ED,1EB161CE5EF75ECC78A3013AE82DDE91A226A42885C5AEEC937D560A65354FFF,False
data\078.wav,B2C9A46EC782A37F0F1AEBEAA749EC8DC2D5DE12DB2FAD9B192C761A83F13F0E,3150732A644B8341E0641741C66BA36BFDD3D897E2D0E286E4529852A1D94E39,False
data\084.wav,643149EBF8BDBCB7F5D305A574D077D46641CA2DCA5CC8ACA0C7621D9F361BA0,CB5562760D14AB132FFA799743B410540EB4767F29E1801B9CFD2357BB7009D1,False
data\089.wav,14E9561F2C6D9022492BA846B984FDACFF30C06021BF064F20B128172449347F,6A7905E7D5B8A05543FE66657A9217104722F5F9BAFB403577CFB1EAEC419B45,False
data\092.wav,FAF92736DA743AA15EC56A40C42DF74A1678E525F0541E52683C174AFBE6AFA7,B15134218343C884E124CFBBBDFB6B5098F9E879BCD546DD183988B75180E860,False
data\101.wav,EC1715A4F4E961F1D7DE0FED9F924E69BD34D851916B103A4A694C6A451765DD,EC1715A4F4E961F1D7DE0FED9F924E69BD34D851916B103A4A694C6A451765DD,True
data\102.wav,2424F3E23857673BDA43E44F27BB5F053CAC4273C982A0FDDED31DB2B51CF800,68959927A1CF8A959B736553BE339F1322FAB883F7CC129DA4F238BC184302B8,False
data\103.wav,446AF96141B151E5AF2C4FA2E871F9A1A09835245B77E9895D331E7E044FBF09,416E717CE7DE561983035C10B2686CB0A8F7A3C941FABF92785DC28BA28EB686,False
data\break.wav,F1E557892E83A6249A7A17F6D2DCF2B354E002BF566BFB2A8E605A2E704B9C44,0C521ABC2486907377F9468F3053BE2619B0C9CEC20D49BCBE1890001B47F5BE,False
data\frog.wav,892C13FD8530AEBF23AE2E25998DB623E00456F74A1C5D17573D8163D7F5DD66,1B438FD5524ECCBA6001EFA5E3185B3CDB7E4032CACE092A82A120741202B1AB,False
data\growl.wav,14B4EA1F8CE83D2B235015B9E2537908FCA609103912C3B7A663290C9F540B56,F2821C421ACF89905190E7432391B3A588EAE785AFE23D670666FEA6E3C60460,False
data\heart.wav,378E7790A019EB5EDB160D28B841EA1E383248F4A62485AE5ACDBFD38CF6D886,E4A74C5F932F00BCF76B7076B16C9FF1938092609F1CC765F4F97BA7DAAB3B28,False
data\wave.wav,5C7E34F1C479D128BAE1BBE1F79418D38C990E4E84AE08EF1EA6E682D05EACF9,9828D07B0E5C92B9FDD8ADE154CD1ED0D374B44ABE520F4D5458C83BE5794ADA,False
