cue,formal_format,formal_channels,formal_sample_width_bytes,formal_sample_rate,formal_frame_count,formal_duration_ms,unity_format,unity_channels,unity_sample_width_bytes,unity_sample_rate,unity_frame_count,unity_duration_ms,same_duration_ms
data/015.wav,PCM,1,2,44100,7153,162.2,PCM,1,2,44100,7153,162.2,True
data/021.wav,PCM,1,1,38400,34310,893.49,PCM,1,1,38400,34310,893.49,True
data/028.wav,PCM,1,1,22050,15060,682.993,PCM,1,2,22050,16138,731.882,False
data/029.wav,PCM,1,1,22050,9589,434.875,PCM,1,1,22050,9589,434.875,True
data\002.wav,PCM,1,1,32000,9257,289.281,PCM,1,2,32000,11789,368.406,False
data\003.wav,PCM,1,2,22050,4857,220.272,PCM,1,2,22050,4857,220.272,True
data\004.wav,PCM,1,2,22050,5536,251.066,PCM,1,2,22050,5536,251.066,True
data\005.wav,PCM,1,1,22050,21584,978.866,PCM,1,2,22050,21584,978.866,True
data\007.wav,PCM,1,2,22050,2099,95.193,PCM,1,2,22050,2099,95.193,True
data\008.wav,PCM,1,2,22050,3144,142.585,PCM,1,2,22050,3144,142.585,True
data\009.wav,PCM,1,2,22050,7441,337.46,PCM,1,2,22050,7441,337.46,True
data\010.wav,PCM,1,1,44000,11449,260.205,PCM,1,1,44000,11449,260.205,True
data\012.wav,PCM,1,2,22050,2085,94.558,PCM,1,2,22050,2085,94.558,True
data\013.wav,PCM,1,2,22050,5384,244.172,PCM,1,2,22050,5384,244.172,True
data\014.wav,PCM,1,1,44100,19318,438.05,PCM,1,2,44100,24268,550.295,False
data\015.wav,PCM,1,2,44100,7153,162.2,PCM,1,2,44100,7153,162.2,True
data\016.wav,PCM,1,1,22100,8158,369.14,PCM,1,1,22100,8158,369.14,True
data\017.wav,PCM,1,1,22050,15106,685.079,PCM,1,1,22050,15106,685.079,True
data\018.wav,PCM,1,1,22050,11935,541.27,PCM,1,2,22050,11935,541.27,True
data\019.wav,PCM,1,1,22050,14817,671.973,PCM,1,2,22050,15650,709.751,False
data\020.wav,PCM,1,1,22050,16413,744.354,PCM,1,2,22050,16776,760.816,False
data\021.wav,PCM,1,1,38400,34310,893.49,PCM,1,1,38400,34310,893.49,True
data\025.wav,PCM,1,2,21000,4240,201.905,PCM,1,2,21000,4240,201.905,True
data\027.wav,PCM,1,2,22050,7963,361.134,PCM,1,2,22050,7963,361.134,True
data\028.wav,PCM,1,1,22050,15060,682.993,PCM,1,2,22050,16138,731.882,False
data\029.wav,PCM,1,1,22050,9589,434.875,PCM,1,1,22050,9589,434.875,True
data\030.wav,PCM,1,1,22000,22152,1006.909,PCM,1,1,22000,22152,1006.909,True
data\031.wav,PCM,1,1,22050,22729,1030.794,PCM,1,2,22050,24763,1123.039,False
data\034.wav,PCM,1,2,22050,9378,425.306,PCM,1,2,22050,9378,425.306,True
data\035.wav,PCM,1,1,22050,12372,561.088,PCM,1,2,22050,16882,765.624,False
data\036.wav,PCM,1,1,20200,17092,846.139,PCM,1,2,20200,20880,1033.663,False
data\038.wav,PCM,1,1,10000,798,79.8,PCM,1,1,10000,798,79.8,True
data\039.wav,PCM,1,1,11025,2647,240.091,PCM,1,1,11025,2647,240.091,True
data\041.wav,PCM,1,2,22050,8133,368.844,PCM,1,2,22050,8133,368.844,True
data\042.wav,PCM,1,2,11300,5470,484.071,PCM,1,2,11300,5470,484.071,True
data\043.wav,PCM,1,1,22050,13641,618.639,PCM,1,2,22050,13641,618.639,True
data\046.wav,PCM,1,1,22050,12160,551.474,PCM,1,2,22050,13274,601.995,False
data\048.wav,PCM,1,1,22050,9980,452.608,PCM,1,2,22050,12552,569.252,False
data\049.wav,PCM,1,1,22050,32908,1492.426,PCM,1,2,22050,32908,1492.426,True
data\052.wav,PCM,1,1,11025,9660,876.19,PCM,1,1,11025,9660,876.19,True
data\053.wav,PCM,1,1,11025,5746,521.179,PCM,1,1,11025,5746,521.179,True
data\054.wav,PCM,1,1,22000,20159,916.318,PCM,1,2,22000,22676,1030.727,False
data\055.wav,PCM,1,1,22050,19675,892.29,PCM,1,2,22050,21352,968.345,False
data\058.wav,PCM,1,1,16000,15550,971.875,PCM,1,2,16000,15550,971.875,True
data\059.wav,PCM,1,1,22050,22204,1006.984,PCM,1,2,22050,23886,1083.265,False
data\060.wav,PCM,1,2,22050,9237,418.912,PCM,1,2,22050,9237,418.912,True
data\061.wav,PCM,1,1,10989,6462,588.043,PCM,1,1,10989,6462,588.043,True
data\063.wav,PCM,1,1,11025,12798,1160.816,PCM,1,2,11025,12798,1160.816,True
data\066.wav,PCM,1,1,22050,11617,526.848,PCM,1,2,22050,11617,526.848,True
data\067.wav,PCM,1,1,22050,31170,1413.605,PCM,1,2,22050,31170,1413.605,True
data\068.wav,PCM,1,1,22050,26731,1212.29,PCM,1,2,22050,26731,1212.29,True
data\069.wav,PCM,1,2,22050,2566,116.372,PCM,1,2,22050,2566,116.372,True
data\070.wav,PCM,1,1,22050,36003,1632.789,PCM,1,2,22050,36003,1632.789,True
data\071.wav,PCM,1,1,22050,40504,1836.916,PCM,1,2,22050,40504,1836.916,True
data\072.wav,PCM,1,1,22050,16344,741.224,PCM,1,2,22050,16344,741.224,True
data\073.wav,PCM,1,1,22050,56248,2550.93,PCM,1,2,22050,56248,2550.93,True
data\074.wav,PCM,1,1,22050,16344,741.224,PCM,1,1,22050,16344,741.224,True
data\075.wav,PCM,1,1,22050,11617,526.848,PCM,1,2,22050,11617,526.848,True
data\077.wav,PCM,1,1,22050,19870,901.134,PCM,1,2,22050,21500,975.057,False
data\078.wav,PCM,1,1,22050,54104,2453.696,PCM,1,2,22050,54104,2453.696,True
data\084.wav,PCM,1,1,22000,10013,455.136,PCM,1,2,22000,11497,522.591,False
data\089.wav,PCM,1,1,22050,24050,1090.703,PCM,1,1,22050,24050,1090.703,True
data\092.wav,PCM,1,1,22050,17447,791.247,PCM,1,2,22050,19656,891.429,False
data\101.wav,PCM,1,2,16000,7060,441.25,PCM,1,2,16000,7060,441.25,True
data\102.wav,PCM,1,1,16000,35777,2236.062,PCM,1,2,16000,35777,2236.062,True
data\103.wav,PCM,1,1,22050,23715,1075.51,PCM,2,2,22050,23715,1075.51,True
data\break.wav,PCM,1,1,22050,30208,1369.977,PCM,1,2,22050,30208,1369.977,True
data\frog.wav,PCM,1,1,22050,9068,411.247,PCM,1,1,22050,9068,411.247,True
data\growl.wav,PCM,1,1,11025,17808,1615.238,PCM,1,1,11025,17808,1615.238,True
data\heart.wav,PCM,1,1,44100,142478,3230.794,PCM,2,2,44100,142478,3230.794,True
data\wave.wav,PCM,1,1,18000,52688,2927.111,PCM,1,2,18000,52688,2927.111,True
