"source","destination","contentSha256","metaGuid","metaSha256"
"Assets/NTSD/Scripts/Simulation/Ai/AiCharacterDecisionModule.cs","Assets/NTSD/Scripts/Simulation/Ai/Kernel/AiCharacterDecisionModule.cs","6091ee70d89bfe08a055f4e0f2dffdaab2bd530056553240ff068288cd372174","0d798be3d11344ac9890fbc6648a70ac","682b89e73ac73e90d96ba19bfc7fbc3a9d88b520c3952ee600d402dc2389cdbe"
"Assets/NTSD/Scripts/Simulation/Ai/AiDecisionKernel.cs","Assets/NTSD/Scripts/Simulation/Ai/Kernel/AiDecisionKernel.cs","9d5b82cd6cb77d72ec5717dc72d1706edf17633d44898a460b282aa67a0a72ef","e403147dbd65430a995d771b463d78f4","27cc6d8d3671666befb4bf73bcbd075c379644bd783d6683969c3464fa389e74"
"Assets/NTSD/Scripts/Simulation/Ai/AiDecisionRandomStream.cs","Assets/NTSD/Scripts/Simulation/Ai/Kernel/AiDecisionRandomStream.cs","8396ddf6646244eca0fb327b220bb1be0c5e7fdc6b1a55b027690ac1f3b986a9","6e3678b7c3ef45c3a846ee20ff2c187a","b41419face754649f56f44761344ba8be78f2bdd70c570c542079fe08049aaa2"
"Assets/NTSD/Scripts/Simulation/Ai/AiDecisionSnapshot.cs","Assets/NTSD/Scripts/Simulation/Ai/Snapshots/AiDecisionSnapshot.cs","5cad3470d5bbec890fbc18e79f58ba4eb7ff30b22a6cdd9d11ee9abc41a6de91","b934d4e3c84d48a490d452e7bd15cd2f","48e7e1875c353c58a92cf8fe002f33d4f6cb7725c8e36fb56119d498617be521"
"Assets/NTSD/Scripts/Simulation/Ai/AiSensingKernel.cs","Assets/NTSD/Scripts/Simulation/Ai/Kernel/AiSensingKernel.cs","3c5d038786c3c155bc69fe9c5ad3caeaf08f75c810f5c9c49ad59be4e9d80302","e5d1f2a625e3425f86ef091a95edba1a","eda8ab838c5128b00d3863acfc5a5cdacebb2f4c21693b45344abf17832f0c28"
"Assets/NTSD/Scripts/Simulation/Ai/AiSensingSnapshot.cs","Assets/NTSD/Scripts/Simulation/Ai/Snapshots/AiSensingSnapshot.cs","16b00a76c2e1fc452c82ac4585a4376d4ce81f6457b6ee51cf54074c200946a1","24d254860ef3426c95b00313652f4b11","fda57b13ad49d89bb4c9b8e7916c3fbba6f8975c649f5f24e7b3ae52e4dec4d6"
"Assets/NTSD/Scripts/Simulation/BattleAiExecutionProfile.cs","Assets/NTSD/Scripts/Simulation/Ai/Runtime/BattleAiExecutionProfile.cs","ec822b215f5f50e38588fea82b84a3226d0c5e575bed7bb76d921ea79011c8f7","f44f191120d6476c9aa63dbb73559e34","0735a896719a10249e9b770b1de124070e335e198fa81bfc81db460fd8676239"
"Assets/NTSD/Scripts/Simulation/BattleBloodPointCatalog.cs","Assets/NTSD/Scripts/Simulation/DataContracts/BloodPoint/BattleBloodPointCatalog.cs","90914128a1ff941b3f51a00912e058b23ca77ffc0f0d829a4114480aa6f34e09","16280c68e7ed430aa5b94f6b94979989","18be9298542c2691a1c4254ddc0972bccb21db1507fd76f21efad85c124c3727"
"Assets/NTSD/Scripts/Simulation/BattleBloodPointValue.cs","Assets/NTSD/Scripts/Simulation/DataContracts/BloodPoint/BattleBloodPointValue.cs","d9cb2c04e5bf1efbaabb04d1fa6b9fb967f432384dba87ab219f685e7a79dd67","6ae354aa18404669b508385bd6e9ee51","c36c687495e5351aa7171ec748c69102ee56608677b51c6d0eb53267969d83c8"
"Assets/NTSD/Scripts/Simulation/BattleBodyBoxValue.cs","Assets/NTSD/Scripts/Simulation/DataContracts/BodyBox/BattleBodyBoxValue.cs","4a7c78ce626ae62b2a163a52d07c3acf16cbd90a1cd594a979bbf02e04f02a1c","cdb74b723c4f4f08934e57ff791d3ac1","3aaf53d2e6ff5289e073c0ccb1b16052088c15439e10a91a5f706b06f04082d2"
"Assets/NTSD/Scripts/Simulation/BattleBodyBoxValueAdapter.cs","Assets/NTSD/Scripts/Simulation/DataContracts/BodyBox/BattleBodyBoxValueAdapter.cs","5c3f0a10d8ab10541ddcbfb7fe97f9d8ec4f0bbba316bdcecae133546dfc3ba6","f7acb42cc672435e81a17bed12558865","e64116731be51a9dfe8f1d699599655340b400b4b4f1f9298cce8a932bc2a61e"
"Assets/NTSD/Scripts/Simulation/BattleCatchPointCatalog.cs","Assets/NTSD/Scripts/Simulation/DataContracts/CatchPoint/BattleCatchPointCatalog.cs","894ca928eecc71e00c56b77be74dc3669322bfc12a09770db4a3e243614fe134","d8ea4f7d50c442af9dd8c806f091ca9c","c374201c1ea6dc9ab8add7c7a946e3d250a9bd139ebae84dbe6d70bc5c0209ee"
"Assets/NTSD/Scripts/Simulation/BattleCatchPointValue.cs","Assets/NTSD/Scripts/Simulation/DataContracts/CatchPoint/BattleCatchPointValue.cs","0f99f50e791f298e03c2b6ad795434dd997dabf94ec454d9bfbd8fdcd61b1251","32d8766cd8aa4a98a0fdbcc8ee599b44","9e5cb3e5c2cb8d5c458afe79a5301840f90eaa9ff4ae2f2d8653ea6a64eaa9b2"
"Assets/NTSD/Scripts/Simulation/BattleCatchPointValueAdapter.cs","Assets/NTSD/Scripts/Simulation/DataContracts/CatchPoint/BattleCatchPointValueAdapter.cs","f96cf7239e5fc363c95b5ca2b543b46ce0022e1b78ee6fb284b8ef7d5164c429","a56c567142b14476a29125a8a383bf12","7f5e2c2c5096bfeda060d8125f65ef5219de017547dffd82c6eb9e84ecfb1236"
"Assets/NTSD/Scripts/Simulation/BattleEarlyFrameAdvanceModule.cs","Assets/NTSD/Scripts/Simulation/Passes/EarlyFrameAdvance/BattleEarlyFrameAdvanceModule.cs","e792ffa2c67dc84dd44e0678dd8ad1371f1d4d7d33380fa0693cff6e8e40f0be","8eb3f6b7222a4c239ec220b7e4e6bb91","134bb706c2d29d26127f4444a89240460138759854eb00aeadf5f8367a42bdc3"
"Assets/NTSD/Scripts/Simulation/BattleFunctionKeyInputLatch.cs","Assets/NTSD/Scripts/Simulation/Input/BattleFunctionKeyInputLatch.cs","e9aaf8e4a18905ff5e6b092b171e945589990969b501a73a77d44aa6e854dade","62eae54c9ec744c6af5aa99113eae2df","142d851a9a4139a24205b01bd795df8c6ac4b248302ad71565f2bab60d771d3a"
"Assets/NTSD/Scripts/Simulation/BattleInteractionPipeline.cs","Assets/NTSD/Scripts/Simulation/Passes/Interaction/BattleInteractionPipeline.cs","351d556286d25bf264b11dc59d6fab235bb26a977532c863a724ce1644339cb8","94afef5a8ff34ca8a9459511ff24d29a","1a1ab72870f6462251faa23e19d2f869791d106aa7f45e7ce95d533a241575da"
"Assets/NTSD/Scripts/Simulation/BattleLateEntityLifecycleModule.cs","Assets/NTSD/Scripts/Simulation/Passes/LateLifecycle/BattleLateEntityLifecycleModule.cs","e90ce3edcb4399fe02afd00de3d755eb4ed309f4b91663027173c103ed9c2eca","f692c9e971d641b8b392547876b2b573","24443873f912f4fd9cdd6de6f39d99b7d2a99272a93d0d4dc7e0d5827557a6a7"
"Assets/NTSD/Scripts/Simulation/BattleLockstepChecksumModule.cs","Assets/NTSD/Scripts/Simulation/Lockstep/Checksum/BattleLockstepChecksumModule.cs","a02bff33781e28463635fb83701a3fb03b55134a02b484e5267e88f44672c1c6","9e5d7ba961d84f7ead12251073922d5c","ee63899e7d472e79abdb8f4badcfab40bb659adfaa1262db29c546990cf1a4e4"
"Assets/NTSD/Scripts/Simulation/BattleLogicEntityFactory.cs","Assets/NTSD/Scripts/Simulation/Runtime/BattleLogicEntityFactory.cs","ed58013bdc503107407c8176676ffd68219a21ffdeee64136cdab884a5e0eb76","9d3b5ff2a7164a789bb7b7ce09b5b8a7","fc23a60d37882f04e5561a2e22056b15322549ecc58f0f0193849abdce033d4f"
"Assets/NTSD/Scripts/Simulation/BattleLogicObjectPointRuntime.cs","Assets/NTSD/Scripts/Simulation/Runtime/BattleLogicObjectPointRuntime.cs","1f358a8d29c0f1145878102142f4a58c142ee142fbb6c14324441f832736ca9e","71cc802a8a864f478e64d953ed8ed6c6","d8f11a5138528ce9398d519dc2f1266c9586b58053fbb6daaa44a11d386968ef"
"Assets/NTSD/Scripts/Simulation/BattleLogicReferencePool.cs","Assets/NTSD/Scripts/Simulation/Runtime/BattleLogicReferencePool.cs","e8dfda0104e468ffae64f727f6f125d3f801a35c37c7347f7fd261cfce5a74b7","932417a19a9743f5977530f80848ffdc","8f78b7eb55fb33f238a3741cb143153720f32105a963273a49ad7fbdda3d4369"
"Assets/NTSD/Scripts/Simulation/BattleManagedMemoryBoundary.cs","Assets/NTSD/Scripts/Simulation/Runtime/BattleManagedMemoryBoundary.cs","346c3cd12ca521ca0cc3f7a76bb89cb3d0c6a4787db1133dba749f991719f203","61be14002a5b43d2bf35276252b88384","6a47be27044e995319b97ce2d7b93af6cc07d21608c0e199423c51ab0f530844"
"Assets/NTSD/Scripts/Simulation/BattleMatchConfigRuntimeAdapter.cs","Assets/NTSD/Scripts/Simulation/Runtime/BattleMatchConfigRuntimeAdapter.cs","c9da1dbbbb882315e4bc9b790681cd764bf0da5ba1d68a36b2f259ee34b70c3b","3fe43d7ee2b44fa5a8ae09ff7cb4690f","e115160bc40ccdecc576b9d973ef6c8d6e7f264d400b804fd4506a77922f38ff"
"Assets/NTSD/Scripts/Simulation/BattleObjectPointValue.cs","Assets/NTSD/Scripts/Simulation/DataContracts/ObjectPoint/BattleObjectPointValue.cs","dbbe4b1dc525000dd8e994c4a116f80752ca599fa896d84eb8c81ffe72907a3b","adae239912994380bb5f7dca7b7efc90","4305b7d06776a299e05bbc624dea27a9034a682c33664373e3c4554761374ee7"
"Assets/NTSD/Scripts/Simulation/BattleObjectPointValueAdapter.cs","Assets/NTSD/Scripts/Simulation/DataContracts/ObjectPoint/BattleObjectPointValueAdapter.cs","b9875a839af105aead162ebadcd2956d8aac9ffc3b5ea05df90ba74809710042","dc212ef1cf95465381738d6bfa814389","56aadc17c49af9b683d6e76363bba4f980c77350607d5607bfcba3e9129c8cf6"
"Assets/NTSD/Scripts/Simulation/BattleOid5152RuntimeModule.cs","Assets/NTSD/Scripts/Simulation/Passes/Oid5152/BattleOid5152RuntimeModule.cs","51c9ca9db6321819d47b2145745012396b0515cf1817d80455116a0063e27465","1d60f684e7ab48a181a4cdf0308f20cb","94da96a0507260b7b7cf649d23107f3c40a4e469f5f6d4514f53daf9bdcc3997"
"Assets/NTSD/Scripts/Simulation/BattleParitySnapshot.cs","Assets/NTSD/Scripts/Simulation/Lockstep/Checksum/BattleParitySnapshot.cs","d6bdb621b431206b889c21dc0f31146f8daf86bce1d600eb2eb180b75e411aa2","cb83b2bb003e49c7bf93c0466c1b1022","47a3aaf26658fd7b1a360d75309b259395479b161c73f863284e704dec64fbf9"
"Assets/NTSD/Scripts/Simulation/BattleRandomWeaponDropModule.cs","Assets/NTSD/Scripts/Simulation/Passes/RandomWeapon/BattleRandomWeaponDropModule.cs","5bf28e4cfd1c6b066890fe4ea457d9883f258dfdd66f6bbd710c1f942450bdef","e7ef8355e667451c8df86985218f4ee4","99880a3afd0145473b23a61621425cf307cf2239434ef6c73fb972cb84cc7deb"
"Assets/NTSD/Scripts/Simulation/BattleRespawnModule.cs","Assets/NTSD/Scripts/Simulation/Passes/Respawn/BattleRespawnModule.cs","8ee471eee690d07e3f51d3f0502085979cdd15d688323b2a271bfce7ffd0d782","9075b9419b8a4518a1cbce35afd4c66e","5fd0c99b07704cf085e767cdb6348a906e25139d6dee8a24a2fb2de338a31a17"
"Assets/NTSD/Scripts/Simulation/BattleRuntimeAllocationGate.cs","Assets/NTSD/Scripts/Simulation/Runtime/BattleRuntimeAllocationGate.cs","4e8bc3417f2df884b81947520830f247846774f98d96ee17d9dcfef8ff6235f3","99b7fb9c99cf4a6b9d1b723bdd36cf85","f5e3d3728f38ae3ae7247a9153f0b984a736b128ff5c9bc107bbe5009ec2534f"
"Assets/NTSD/Scripts/Simulation/BattleRuntimeDataCatalog.cs","Assets/NTSD/Scripts/Simulation/Runtime/BattleRuntimeDataCatalog.cs","45fe7a7596b1834e0d578e4e26dcb4c2668fcbe00dc342ee44e015f407d1fa79","6c249786b3c64fc78039f751600e2efe","b9e047cd20e957e7e29bc98104655796d736d8bb1ca8736d2977b4008b0d16c6"
"Assets/NTSD/Scripts/Simulation/BattleRuntimeLifecycle.cs","Assets/NTSD/Scripts/Simulation/Runtime/BattleRuntimeLifecycle.cs","9e05a73fde4c25b098c575b1da4af001693724caca434c0aef58734765c5a047","73f479439fed478486edc09706765b56","6042c115f2cff7d3d26938980d319b95d43e97ddfd461d24a6c4727c4fd1e114"
"Assets/NTSD/Scripts/Simulation/BattleRuntimeProfile.cs","Assets/NTSD/Scripts/Simulation/Runtime/BattleRuntimeProfile.cs","475bd0bf6ff0d83337db8bb3bedef06d30329e4b5118b5662ef4056f79a3f1cb","7193dfdf31aa48d19a9b7aa5ca114b7a","11e1530f9c6a5bad4dea7a53278dba5304cd6d44e8c93fc62bb275e7712d7f73"
"Assets/NTSD/Scripts/Simulation/BattleRuntimeState.cs","Assets/NTSD/Scripts/Simulation/Runtime/BattleRuntimeState.cs","d419857a5249772067e6eb5aa6b73cabcda1951902caf585d32618fa190d7cec","3ed8a432b75ba8848ab0b0c8e5587e7c","e624e85696ce631b0f9de156aa7ecafd08c29f1ace0744782a085e494ca08720"
"Assets/NTSD/Scripts/Simulation/BattleSimulationWorkerBoundary.cs","Assets/NTSD/Scripts/Simulation/Host/BattleSimulationWorkerBoundary.cs","cd5ee42c16150b395b38e9dbdd764f468db99992009a5c6283bb5a1c7beb74a6","e72a242ffab244e489d4cc554920432a","f7a4be7ad6c042811b6c1b358f036e5dc649adc74f77bce4d998cf8600ad70c9"
"Assets/NTSD/Scripts/Simulation/BattleStageCampaignLoader.cs","Assets/NTSD/Scripts/Simulation/Stage/BattleStageCampaignLoader.cs","ee9579a6d673845301c979f07fa40d85104b2507515eb86a76a7271c76c28d5d","d62f5a801cef0404f9c64a215de7a7ec","18c06abebf0a0963d24437c9cdefa7c04b6acdd7ba61a804ab8e9c7d324c1c16"
"Assets/NTSD/Scripts/Simulation/BattleStageCampaignValueAdapter.cs","Assets/NTSD/Scripts/Simulation/Stage/BattleStageCampaignValueAdapter.cs","343b6b663a9667e38ff9e0c4735ab151c4fcdf799515826e3453f908c7589930","96faf00fb2e14168bbbd54a76952dca1","92a3170d3b14a43c403a2dfa4170671f09cf330ac77c4ddd535be87cc4eb08cc"
"Assets/NTSD/Scripts/Simulation/BattleWeaponPointValue.cs","Assets/NTSD/Scripts/Simulation/DataContracts/WeaponPoint/BattleWeaponPointValue.cs","c05d45c30fbd306e90b05be5e34890d4463a36c4e7dbfe7a753208183f4ea291","9e0ad24930fb4500b527cb6b39144b5f","11cb6199c68ccc0ff033001c65796ade418857cc3215762fa94ce42faf497081"
"Assets/NTSD/Scripts/Simulation/BattleWeaponPointValueAdapter.cs","Assets/NTSD/Scripts/Simulation/DataContracts/WeaponPoint/BattleWeaponPointValueAdapter.cs","9ef1d51fadfd095f7f794395aedbe14e04f7460712480b688d5573a2b461b29e","7d4fd3cb1ccf48fa8dbad0af5999f14c","68b60c2a19e1a648c8b9577f232a081ade0be6be6d210015c31ef12b361bedf8"
"Assets/NTSD/Scripts/Simulation/Ecs/BattleAiInputWriter.cs","Assets/NTSD/Scripts/Simulation/Ecs/Writers/BattleAiInputWriter.cs","66c64156d0c2a390a367443fd117b5ad08257848093981bc65bd4308c30f23ce","7c2ab9f658b94c1b8fb445c24d1154bb","e04b44dba03a382b4fec0220ebc36521c43555446d275a4980815e5e1c059436"
"Assets/NTSD/Scripts/Simulation/Ecs/BattleAiUnifiedRowPublisher.cs","Assets/NTSD/Scripts/Simulation/Ecs/Core/BattleAiUnifiedRowPublisher.cs","a6f3bfc249a0463a0896a8e6c6845c53b500e75be35b9a748eb6dc46c4e8800f","96e4a9ea7be3417cb053230d3db774e5","d8e124c0b7d57fce110fc623b5cf86def46c18c9a44d6a4c21d5feb5ab937379"
"Assets/NTSD/Scripts/Simulation/Ecs/BattleBoundaryWriter.cs","Assets/NTSD/Scripts/Simulation/Ecs/Writers/BattleBoundaryWriter.cs","a0e1e328b1d0d95b8fc7deac66ef049d55c153fbc65d73751dac13aad4b1b5be","7c8e4b3a1d9f42c3a6810fe2bd745906","51f8d7660bc81c6277a0d49bd95a2e220a32ae50f52b1725ee2cf1b4fbbe93cd"
"Assets/NTSD/Scripts/Simulation/Ecs/BattleCharacterActionWriter.cs","Assets/NTSD/Scripts/Simulation/Ecs/Writers/BattleCharacterActionWriter.cs","c1eaa41e6b69e0791fe00c6544750fc1fc68dac776f90f4c8596e6a2736e9eb0","d53f97d20ab74aac9a17021a15346172","4bf914a3c278c8150fadf358dd59511caed432a20a8e701d6fc3a8f9074e7f7d"
"Assets/NTSD/Scripts/Simulation/Ecs/BattleCharacterInputActionResolver.cs","Assets/NTSD/Scripts/Simulation/Ecs/Core/BattleCharacterInputActionResolver.cs","ab2addf58a1cc50eedd7321185d138353d96db2915f7e90e8a2b76f902f67aea","392106ec2581416885210599c803236f","3277a3b94892cacb1d746f0aa7c9bb8f75befb79bc318e2e9dd92cb86e4c3e67"
"Assets/NTSD/Scripts/Simulation/Ecs/BattleCharacterInputStore.cs","Assets/NTSD/Scripts/Simulation/Ecs/Stores/BattleCharacterInputStore.cs","059a92e01af715e078c1ad156e77af02b43591cb7b6e7be9165a730e399f4f4a","209fcce34ecb4f84a7d6cb3704a8af6b","dfcb2626cbd6519853c4fcb876c2930e5c226603719f0637b80d6808e8934804"
"Assets/NTSD/Scripts/Simulation/Ecs/BattleCharacterInputWriter.cs","Assets/NTSD/Scripts/Simulation/Ecs/Writers/BattleCharacterInputWriter.cs","9ebb6a4b5972075a9af73b83b9ce0d312188a7b69d11f4e986460cd783a52eb7","9e758fb83c4d4971a6a006e833279af9","e2476be28f62499eb05206c147e4ba0e17fee9b0bcb19a608e72ca47b96639c9"
"Assets/NTSD/Scripts/Simulation/Ecs/BattleCpointWriter.cs","Assets/NTSD/Scripts/Simulation/Ecs/Writers/BattleCpointWriter.cs","7ca8baf636a30b2137c243dc99957d96578a90810de7201545daa06dc99cac89","2c1f371ce02e4d4f9f6dc20568218ea7","242ec79b7fd8f5905cd5cae0a59ddca8de6595a2ff1842553db394437f27be48"
"Assets/NTSD/Scripts/Simulation/Ecs/BattleDamageWriter.cs","Assets/NTSD/Scripts/Simulation/Ecs/Writers/BattleDamageWriter.cs","efcb609cebdc5e810fd34c3a44b744e50fec43b8be01014ae7a7874b97d0c825","ee45a213d27c46e693ec9a7f93c5e557","d3f13fa1a39b9294f0369ceefe88dbb81bacd4341dced3874864fc4a132deddc"
"Assets/NTSD/Scripts/Simulation/Ecs/BattleEcsCharacterFrameAdvancePass.cs","Assets/NTSD/Scripts/Simulation/Ecs/Passes/BattleEcsCharacterFrameAdvancePass.cs","81c7e62530f42138e112c0985e36d50c8ff980f40550971820b669dc26371f64","d329479a3f9e47d0a28e9882a281f7dc","2830cf11b8cd90e4a58139371c42d0f708a70fc27871a3428c08fbb225efee6b"
"Assets/NTSD/Scripts/Simulation/Ecs/BattleEcsCharacterFrameTickPass.cs","Assets/NTSD/Scripts/Simulation/Ecs/Passes/BattleEcsCharacterFrameTickPass.cs","bf7b1b05c8ac753d9c2ef2795b4e40b0854ae947cf2688243214df5da553123a","b9b15a6dc46f493e9e251ea03ee77447","9ce7d4bd88821c6e6019c5f3f5640d44933626738f9f6ab31c6580907cdf99e1"
"Assets/NTSD/Scripts/Simulation/Ecs/BattleEcsCharacterInputPass.cs","Assets/NTSD/Scripts/Simulation/Ecs/Passes/BattleEcsCharacterInputPass.cs","1dd4ce0369d03ad03c75a2d18fece76e83f923af959ded1bafd5041f0ddf1d7e","8f6e74ea12f54b4a90be5cf6ea0ccf17","83526f1ea5861a6dfb030e1f50fbc872a15e6e3b723cb21a388c32d344507cb4"
"Assets/NTSD/Scripts/Simulation/Ecs/BattleEcsCharacterPostFrameTailPass.cs","Assets/NTSD/Scripts/Simulation/Ecs/Passes/BattleEcsCharacterPostFrameTailPass.cs","23c9cce1c4da0c7084886c52c9208f9981409b3589c9ff1782ce3c56929e5b80","1ca4359d8dd44fde9cfe91d925975d16","6be9792f67dd62f9370defdca14ccc6e08fc897edcd05b511f35b0e8db96bfa9"
"Assets/NTSD/Scripts/Simulation/Ecs/BattleEcsCharacterPreFrameBoundsPass.cs","Assets/NTSD/Scripts/Simulation/Ecs/Passes/BattleEcsCharacterPreFrameBoundsPass.cs","2c7b73293ec328d1e9214738b60846fa76356232d85c44d326e87179ca83f214","60e3aa19f6ac4517b89d75ecb41feff8","b36e9015b54429299a28024f72e36e2d5c2f8e260e9cb254f50bbf5ff4754c6f"
"Assets/NTSD/Scripts/Simulation/Ecs/BattleEcsCharacterRecoveryPass.cs","Assets/NTSD/Scripts/Simulation/Ecs/Passes/BattleEcsCharacterRecoveryPass.cs","4903bd2a8fff0ff32d803365513ac99a5a362ac91d05eab760b57359fc76f90f","91aa7e2b1115487bb79a98b93536e830","40177248cbbdb6d1c926918c5f6d18c12a60f8e8e58478806f3c77951d989f96"
"Assets/NTSD/Scripts/Simulation/Ecs/BattleEcsCharacterStageZPass.cs","Assets/NTSD/Scripts/Simulation/Ecs/Passes/BattleEcsCharacterStageZPass.cs","796e7862e5586026e9f43d4a4b21b9170882ff902e21232c4b0e1f5a7a472cec","561c0d38fb34427d88ff7671486f25a2","ec2e3e5a914a4fe0e5fd01a7dc3c6f8fd8ddb620cf22466ed3a61ab4bb0328e9"
"Assets/NTSD/Scripts/Simulation/Ecs/BattleEcsContainers.cs","Assets/NTSD/Scripts/Simulation/Ecs/Core/BattleEcsContainers.cs","9ac7370b8757449bcec1860b9518a69dbe74071dca1b34f72f5a4039271f86cf","822ef707d4314549bd0f16145bf0006e","7e88178695808bc3d95c6c8139705c405e829ff03ec73d1a4a39a465a4eb5d6d"
"Assets/NTSD/Scripts/Simulation/Ecs/BattleEcsCooldownPass.cs","Assets/NTSD/Scripts/Simulation/Ecs/Passes/BattleEcsCooldownPass.cs","d17831b7a30384471ae12f15a5c13c3e90c5ac5a473d4a1f0c8c7cc352fce5f0","68652fd5be5348758d26682be794ea9f","d1d517797c43755c3488a3b32aa4b8aa16dc0948a7d0d2500d1f83f5d7ff8bff"
"Assets/NTSD/Scripts/Simulation/Ecs/BattleEcsFramePostProcessPass.cs","Assets/NTSD/Scripts/Simulation/Ecs/Passes/BattleEcsFramePostProcessPass.cs","be88a81413533b16350cb376405f0a2e1fbb97005908ebdcd6d059ba54c35f42","02de637b33814ffeb388d1f256971323","260acf6c195cbe7d7896d3a1a4ddd5cf78d4b0caf8f3f9c964d96271e2407848"
"Assets/NTSD/Scripts/Simulation/Ecs/BattleEcsHitExecutionPlan.cs","Assets/NTSD/Scripts/Simulation/Ecs/Hit/BattleEcsHitExecutionPlan.cs","465eeb0aee732f47ebef68dff6bf96e14e46208386d48e1def56ed72848c80fc","4f0c454a6ef14fd5a85c992f09760dd8","db3a3153226ccafebd0a054bbaf7e0c7a0acb4c8bc7b39c8c20cf48faa65f735"
"Assets/NTSD/Scripts/Simulation/Ecs/BattleEcsPositiveLinkValidationPass.cs","Assets/NTSD/Scripts/Simulation/Ecs/Passes/BattleEcsPositiveLinkValidationPass.cs","2d78506dddb12ab67368c98e374bec2fff086c4cd7007d36fcd8df0a44cc578b","1eb72bf4455a70c459cb2cc4bb3a8060","ca900291c6c767d7867b9e2b11df6b4d04bb610662528d81970933d153c5e417"
"Assets/NTSD/Scripts/Simulation/Ecs/BattleEcsShadowModule.cs","Assets/NTSD/Scripts/Simulation/Ecs/Core/BattleEcsShadowModule.cs","d60467f225b45540cc9857d85ecc3aee1b81f40aa41fd0764a2d11b825d26c3d","31de9bc7c9b74691880483353f55e402","583fc791d545631491b5245c4cc163190cd46be2243063678a6fdf10564a4eb3"
"Assets/NTSD/Scripts/Simulation/Ecs/BattleEcsWorld.cs","Assets/NTSD/Scripts/Simulation/Ecs/Core/BattleEcsWorld.cs","b787988cd900cc35a087f4b6f9d05d37895d945d8873aafd99cac55fdbfa2086","b5a42fc834bf4ae9a0546e8643e12e80","209fd3ce0b3f3d94c0408c52ccf8c3452b6df35e17a14d36b50e70f09f0ac0de"
"Assets/NTSD/Scripts/Simulation/Ecs/BattleFrameMotionStore.cs","Assets/NTSD/Scripts/Simulation/Ecs/Stores/BattleFrameMotionStore.cs","040526dbb072ad2c51d9886ebfb37da62950078d5a34dedfa7ca4130ae2ec0e3","a7eb0fdbf2f345c5b610a3817cb415eb","e33afff04810101a1b0958e575ab6209a548020e01882195c3bf460b38fe82f7"
"Assets/NTSD/Scripts/Simulation/Ecs/BattleFrameMotionWriter.cs","Assets/NTSD/Scripts/Simulation/Ecs/Writers/BattleFrameMotionWriter.cs","bca276d3ac693acb0f2a777d536da5bdcd225b9f0cc2aea8e2168ee9d9ce2b34","6358a179696445e0a6a6041ad2570306","96fe2e931201e37496e342a6e3751c455346815338b6ca7c8d4f11272cd8dde6"
"Assets/NTSD/Scripts/Simulation/Ecs/BattleHeldObjectWriter.cs","Assets/NTSD/Scripts/Simulation/Ecs/Writers/BattleHeldObjectWriter.cs","3e8f91c6e31b29b72440acd44cc988fde788ce0daf954d4c5ff25da8be51755c","9b6c1ba54afc43e39819b31b89f3a8c4","0ffdea969ab2a59bec38fd7a8e30a070c546f277b3ad5860a32eb020d0b4d209"
"Assets/NTSD/Scripts/Simulation/Ecs/BattleIdentityStore.cs","Assets/NTSD/Scripts/Simulation/Ecs/Stores/BattleIdentityStore.cs","8b19517e48e7277fa2fe91d15c81539f6197514bb9d4fd6812cae53ac43c7f5e","c74013e8d9a84d129d82c62945b05f24","1176c046daebf0131e5ea3ef37dabcef230c54a1261d1b203148c5644a2e040f"
"Assets/NTSD/Scripts/Simulation/Ecs/BattleInteractionWriter.cs","Assets/NTSD/Scripts/Simulation/Ecs/Writers/BattleInteractionWriter.cs","bb3c7c761dbef7529b473f53e1c3c357708a717ea52729ae27132e23e59732ce","70f61cddce8241f0a32d5d665aa9f8b2","b9bb73a95c160d477b69cc772b40539f366e1d67a57582d71c4752ce8e26addd"
"Assets/NTSD/Scripts/Simulation/Ecs/BattleProductionOwnershipInventory.cs","Assets/NTSD/Scripts/Simulation/Ecs/Core/BattleProductionOwnershipInventory.cs","4efa002a7175666bd4949966bb9779598b5cf87c380f095ae7262caf2b182203","806d840c42c943ef9e4a8a48ce73d2fd","d8c7bfdb13983dd791312b86fe980baa40b6bfa2c930986176b17cd817a54c8e"
"Assets/NTSD/Scripts/Simulation/Ecs/BattleRelationLinkStore.cs","Assets/NTSD/Scripts/Simulation/Ecs/Stores/BattleRelationLinkStore.cs","b075e9ef1470b72d20f651002e84dc827bc5378c87a0fc7a81607a8afdae2eb5","6ab4ffef2843453c8f5289f6975e3432","d804eae740af31f671d229ca849886a5f2639e93a8dace0595c4a2fe7704c33a"
"Assets/NTSD/Scripts/Simulation/Ecs/BattleRelationLinkWriter.cs","Assets/NTSD/Scripts/Simulation/Ecs/Writers/BattleRelationLinkWriter.cs","5a71718491e103c427a2e825c2c96ad55b737d2fc0611e5693a4c7cefcfb9815","637dbd92798444599b3e226b2e201e36","8e0a17ee3086c227ac8db6162c1767098351640a357a0af5298a176438f13c7c"
"Assets/NTSD/Scripts/Simulation/Ecs/BattleResultsOutcomeHostWriter.cs","Assets/NTSD/Scripts/Simulation/Ecs/Results/BattleResultsOutcomeHostWriter.cs","58c256e69e936a0c63736258eb83fbe0dab3157a91ff9972babc3d548b0b3930","5d0d4c7c061e44ab8ad6ac731b54c0d2","23249668d9bc212fff94993d4c40940a55838b48874d0856aa49c8f7a5e1db70"
"Assets/NTSD/Scripts/Simulation/Ecs/BattleResultsReserveHostWriter.cs","Assets/NTSD/Scripts/Simulation/Ecs/Results/BattleResultsReserveHostWriter.cs","4727df196c91afd24748c1dbf99ad992f7f6d0bbcbd0e05774d6baf1d5b9f814","af334c59caea44f79162609d890d00c9","d086496fad423cc5f596f1089d11f9b35b055d81d9e762d59da07b5002dbda04"
"Assets/NTSD/Scripts/Simulation/Ecs/BattleResultsWriter.cs","Assets/NTSD/Scripts/Simulation/Ecs/Results/BattleResultsWriter.cs","ce2b8b5164811839594e47a02887a28cc401360ab01b022e408c300138540e1b","2a1c26af91bf4d619a2f1a4ce9db6b1b","334290f4debe19b74d052f6e979f1f43c534d9dd0b9a3310336f8b33174b802f"
"Assets/NTSD/Scripts/Simulation/Ecs/BattleStructuralWriter.cs","Assets/NTSD/Scripts/Simulation/Ecs/Writers/BattleStructuralWriter.cs","7dd8d021c8a8edc8dfc58def195f6666c6d6929fdccadcaa5d34f3d7b747f33e","1fd650d02de64c77bb80225cdca9fa74","e23ed19257bc545202cf452d98ff1bb9fd03b380f0e96aabfb13cede788e0152"
"Assets/NTSD/Scripts/Simulation/Ecs/BattleVitalStore.cs","Assets/NTSD/Scripts/Simulation/Ecs/Stores/BattleVitalStore.cs","347b51ef39c26d3e63e50d16e24b7e1044d03484d9e60e53373a791d4ed4543d","8160576ed5f044da8f9850e333fdd4b5","8f74d1b828c5b18bfe4f9a8fef97fee6222db5369c9533e63e278223493bf1d7"
"Assets/NTSD/Scripts/Simulation/Ecs/BattleVitalWriter.cs","Assets/NTSD/Scripts/Simulation/Ecs/Writers/BattleVitalWriter.cs","1392543711edc1e119bbfe6840c8a938f9f35bdd35840f7eed9b05e504f56fc1","2efcc4cb670f4e62bc6212f9158ed187","4ad22b39b67e60b284232113f75394c4ef77b34f27b5a4615d38e2234df9540a"
"Assets/NTSD/Scripts/Simulation/ISimObject.cs","Assets/NTSD/Scripts/Simulation/Core/ISimObject.cs","7437557044dd1c8abe13a43b56cf3e01051d7f15f1c26a06759537f832522917","7008a1d9e7f844e4fa98e486e35b2525","bcfd17c1a58c717a04a417f664cd6fb750a576e259e5af44b287926af4f40d0b"
"Assets/NTSD/Scripts/Simulation/ISimTickable.cs","Assets/NTSD/Scripts/Simulation/Core/ISimTickable.cs","bd55dcf560e2be6bff2137d0dc51342d5dbfc6d4d76e3971781c99c8c0c83ee5","efe6cde0468dd5a41ae46b1da3e35a2a","4984ae1381457e396bdedf8432a3b577e670ba2ec775d8812d29e379031825cc"
"Assets/NTSD/Scripts/Simulation/Lockstep/BattleLockstepSession.cs","Assets/NTSD/Scripts/Simulation/Lockstep/Session/BattleLockstepSession.cs","b7e70ada3fd1c1541d002652ccea919bd1eb48064d1289a9097f21ff5f33d276","9d16dfd7d9904124901d32cd5b7a27cd","8e3c08ecb22870bb8d000c1801937ce238f6f3e2270e3b8c95a14c140a065482"
"Assets/NTSD/Scripts/Simulation/Lockstep/BattleStateSnapshot.cs","Assets/NTSD/Scripts/Simulation/Lockstep/Snapshot/BattleStateSnapshot.cs","b70373b6b526d077efcda6580df68ed3c123cdfd31f779a8083b1b329d18e929","a9455349d7e24dbda067a51f134b93ac","5573a91fd94b6728c110838ac2354801f9736acc43ec80cc636285940429fd38"
"Assets/NTSD/Scripts/Simulation/Lockstep/BattleStateSnapshotRestore.cs","Assets/NTSD/Scripts/Simulation/Lockstep/Snapshot/BattleStateSnapshotRestore.cs","06a1fa46eca5e907da90fac6b545241cd132641e7bb1180505e8d7aa0f68a3e7","65ee58f2b03841b697b42a2cdb2c191d","af2782affc0b017350751adf3272505caabeddd34c242047caee117641d451d9"
"Assets/NTSD/Scripts/Simulation/Lockstep/BattleWorldCharacterShellSnapshot.cs","Assets/NTSD/Scripts/Simulation/Lockstep/Snapshot/BattleWorldCharacterShellSnapshot.cs","f89f6aec23a953a17eb37fc0abbda260fc412f3955a20cba85d1492fda858b41","77c08fc215684887b2e10dc1b50b854e","5b6bd9f84b25a5c25189130d46c88f8b42d76bcdf9fa2c8e8cf634aef0ddad37"
"Assets/NTSD/Scripts/Simulation/Lockstep/BattleWorldCoreScalarSnapshot.cs","Assets/NTSD/Scripts/Simulation/Lockstep/Snapshot/BattleWorldCoreScalarSnapshot.cs","84150de2d6b41c9df2eded04e507d4ff2a827b623ef1b97f99cf12c5572ae9b6","95f12c10b04f43cd971875b83932aa75","25259d1c44b692c1d02b275df076131bec8d47266f50f6725f13b1d6bc7cc5ef"
"Assets/NTSD/Scripts/Simulation/Lockstep/BattleWorldEntityBaseShellSnapshot.cs","Assets/NTSD/Scripts/Simulation/Lockstep/Snapshot/BattleWorldEntityBaseShellSnapshot.cs","9add8f97e50c16601ffd0a7d6ead9cb1531290631ea179e1ec64129e75b810f7","f14a3c3a63894a4e973e8f7b7f96117f","831abb3887248ad3da6851a492fd6b610dea42f4674e4ae8ae17b436fbc8f65a"
"Assets/NTSD/Scripts/Simulation/Lockstep/BattleWorldEntityRuntimeSnapshot.cs","Assets/NTSD/Scripts/Simulation/Lockstep/Snapshot/BattleWorldEntityRuntimeSnapshot.cs","44e0aa21cfd6220c78570216a4fe915bf50e82cc034cc2dda0836fbe280a0f5a","14e1227f784e4b85bd35bb2c15283912","27b725c1a6c02a686dfcc0cb31d74ee377482759a52aab9e2277bcc07184d1c8"
"Assets/NTSD/Scripts/Simulation/Lockstep/BattleWorldLivingShellSnapshot.cs","Assets/NTSD/Scripts/Simulation/Lockstep/Snapshot/BattleWorldLivingShellSnapshot.cs","99e45001f5dbee86c0adcaf1f5c7cc93ff5e4acbf04318e56dcd971d28f033eb","a02ed683c9044f2c9eb9038614813033","3f5942c0788a57e9610faf00013b06d81681fbb6b389cbedbac3c8b73af9c451"
"Assets/NTSD/Scripts/Simulation/Lockstep/BattleWorldPendingEventSnapshot.cs","Assets/NTSD/Scripts/Simulation/Lockstep/Snapshot/BattleWorldPendingEventSnapshot.cs","5879ee1b1cd6b86dec9a91d8e08437799fa7add6c4b971a5f2d54b32844ec7d7","4a98a8fe1e6c42ac9bacac65a596e9e7","1bcf2489957e5113276fcec4663be16cd0984b447226c99181b323ef407a80c1"
"Assets/NTSD/Scripts/Simulation/Lockstep/BattleWorldRestSnapshot.cs","Assets/NTSD/Scripts/Simulation/Lockstep/Snapshot/BattleWorldRestSnapshot.cs","5d49a890bc327117dfcbc9f6399111d47f3a74dcb610cc1165ca6752019a8f72","75e25071ffcb4601a16f8121d186ee7e","5008b2c2a25266ebf41a74963b6aac04f5c13b96209976952518a321ed032861"
"Assets/NTSD/Scripts/Simulation/Lockstep/BattleWorldRosterResultsSnapshot.cs","Assets/NTSD/Scripts/Simulation/Lockstep/Snapshot/BattleWorldRosterResultsSnapshot.cs","61e2c4ef2c4b886052cae00d2b87c855dc3833f0efdc94cba0d02aea0b37821b","b6e1673fa7bd4473bfec41f63ce02e53","5eb20f9a9d17d28b1e97f5384cfecbf64fb3562122fcc41a929f93599d55a0ed"
"Assets/NTSD/Scripts/Simulation/Lockstep/BattleWorldRuntimeSlotSnapshot.cs","Assets/NTSD/Scripts/Simulation/Lockstep/Snapshot/BattleWorldRuntimeSlotSnapshot.cs","12c0591f3f70510d9e9ad01b5cf854aa6e5632134da853383687c464628055ee","0f27e2ce324d4fc785e2b6f46fb29d66","763b9ea6bdf85bb154ce24818a8b4b15e9885c7e7374a5e0c7b9bf0645120bd7"
"Assets/NTSD/Scripts/Simulation/Lockstep/BattleWorldSpecialOtherShellSnapshot.cs","Assets/NTSD/Scripts/Simulation/Lockstep/Snapshot/BattleWorldSpecialOtherShellSnapshot.cs","9375a557a9050eb6d8baf35fd1e4c4aee096943a607c583078f14532128939de","c3000b7cb99946a0bda0547ca7843039","e3314d3515483a17c20c4ab5dcf4dad481a12b46bd34bf6375a8cb1e49c73bc4"
"Assets/NTSD/Scripts/Simulation/Lockstep/BattleWorldStageSpawnSnapshot.cs","Assets/NTSD/Scripts/Simulation/Lockstep/Snapshot/BattleWorldStageSpawnSnapshot.cs","848fba3b92c7cb17055d7e0fe19087f60e41dc0136db888f8f8d38fce2f21a4d","264080316e074f5c8f3e33139949ef94","9a3fe62a2c58453a6f7f1b3b46f6d08c434fdefead06b882b545204db8475eeb"
"Assets/NTSD/Scripts/Simulation/Lockstep/BattleWorldWeaponShellSnapshot.cs","Assets/NTSD/Scripts/Simulation/Lockstep/Snapshot/BattleWorldWeaponShellSnapshot.cs","450c02ed3a00019af92bf5ad09e9b01d0e56b2e3867525832a166ec6877b37c2","5b200540ea8d427c945734ce6a886f17","e9d97c45c4b807b90ec95852cede75fb2f6e80c12b779c4fafd6678db88dabac"
"Assets/NTSD/Scripts/Simulation/Lockstep/InProcessBattleKernelHost.cs","Assets/NTSD/Scripts/Simulation/Lockstep/Session/InProcessBattleKernelHost.cs","a78bf03fb0fdf3804b9b8dca5c62007fc002f9975664ffe45e4b21ab9c2920d2","bd8dce963c2c4ff6976f5ac733d0f7d5","a9f4db0b97b277ac576cb30860628bfff858aee6bdc8ed8770c404fe1847c0f6"
"Assets/NTSD/Scripts/Simulation/Lockstep/InProcessBattleWorldBootstrap.cs","Assets/NTSD/Scripts/Simulation/Lockstep/Session/InProcessBattleWorldBootstrap.cs","1ea0fc9e6b79c259fe92ce1ff5e27dcaccf85bf2b426ad4d354b076298bba9db","72c685bb48c7474fb80e6b16f1bca001","138d074a84794dff2b1528440ea5f9ad6f7a357c3f9278bf1a082b5d48512e0f"
"Assets/NTSD/Scripts/Simulation/Lockstep/InProcessLockstepAuthoritySession.cs","Assets/NTSD/Scripts/Simulation/Lockstep/Session/InProcessLockstepAuthoritySession.cs","dc57676b4ee18073bcff9ba559fd09fa99cbb9876dc96df3a9335a481541439f","1db7d484e2a740cdad34ad8c97d3e115","9ee7e82d9e5fab606c10735326ab8d7473adfa994c86ab20e6b015b562af0467"
"Assets/NTSD/Scripts/Simulation/Lockstep/InProcessLockstepChecksumWitness.cs","Assets/NTSD/Scripts/Simulation/Lockstep/Checksum/InProcessLockstepChecksumWitness.cs","e23c0bd352f75398bcec212b4e3e0657ff2f05b5ee236cb443f91908feda63c2","cbc63183a10bd884cbc457dadbf2168c","d3a69b094b50028df4cff32ab7bc6f7462777d97270478f5241bf42e9b9d681e"
"Assets/NTSD/Scripts/Simulation/Lockstep/LockstepChecksumHistoryRing.cs","Assets/NTSD/Scripts/Simulation/Lockstep/History/LockstepChecksumHistoryRing.cs","9dd2cd609a8508097239ccdf57c093a814daba00c1f4ef93a850c3e77965b80c","d26d51d2cf624012a352c7cad446fb25","178801ff42f430e10522f5f966993693cd0ca34b5bb9a2ee9b0ddfdd74c468da"
"Assets/NTSD/Scripts/Simulation/Lockstep/LockstepFrameHistoryRing.cs","Assets/NTSD/Scripts/Simulation/Lockstep/History/LockstepFrameHistoryRing.cs","16fcf71835f630f802acb47a4b50bbe4d457bb667d3529d8c594186fe74f308d","5a5c71983b944db7ac6579c7b9ab3e74","9dcf18fa9011d56b7e5f1e5f4cfd0e39b46f26b96b633c20fca0302d3e58c122"
"Assets/NTSD/Scripts/Simulation/Lockstep/LockstepFramePacket.cs","Assets/NTSD/Scripts/Simulation/Lockstep/Session/LockstepFramePacket.cs","a6be63efffb9fa8aced6a3e5fb541efb19ce22416b3fd5b074ee3efe5859aaf2","18ad09c6c8894273bb23a5b155ef1f5f","0018793fe74cffe33a20797cb40990208a71c02f3a0cc428734a8ad19b883a18"
"Assets/NTSD/Scripts/Simulation/Lockstep/LockstepReplayJournal.cs","Assets/NTSD/Scripts/Simulation/Lockstep/Replay/LockstepReplayJournal.cs","8c0c326f673b2849c5e4f6cfd947579d150ca991f25b987d7064f078f51747e2","b184bf4f3d7b4b0591dfd1a9f1ccb376","2f8a10b8ce76f8ce28a3e2db5207d97524c74f8920df582ab77d854f09ea4280"
"Assets/NTSD/Scripts/Simulation/Lockstep/LockstepSessionIdentity.cs","Assets/NTSD/Scripts/Simulation/Lockstep/Session/LockstepSessionIdentity.cs","b745cd4026f19028b7395bc8bd61ca43911299e6034437b87475e30dd95e073b","05ab2ef2090d47bd879d6f1a1405948e","46114e1efbda5a1c55be30be6ebbb3658f0542839241ce1731566ebfdf69bbea"
"Assets/NTSD/Scripts/Simulation/Lockstep/LockstepSnapshotRing.cs","Assets/NTSD/Scripts/Simulation/Lockstep/History/LockstepSnapshotRing.cs","5568dc4a67347164c13d9f8aa2798774ec59356d2318141d65c67202c9c20753","c4b95dc670b64a9f93d2c78bdac9840f","86b487146881d4fc3845e6081fd0bd7039c475199749941a7fe473d388d5ce1c"
"Assets/NTSD/Scripts/Simulation/Lockstep/LockstepStartBarrier.cs","Assets/NTSD/Scripts/Simulation/Lockstep/Session/LockstepStartBarrier.cs","847e4c35ec36365a11d336195e23842e1ed287006b1374762a39ea7ff4918fd2","0e07a4072f9f48c791884e6eb266ea89","a371340ff25813c4bb038334049a9c72eafdfe3a4b84f309cb6c1e001d0b33bb"
"Assets/NTSD/Scripts/Simulation/Lockstep/LockstepSyncMessages.cs","Assets/NTSD/Scripts/Simulation/Lockstep/Session/LockstepSyncMessages.cs","50689ef95ff5f361644f32a0b15a8a9f6e229dae44ae7c7e9f21ba057cef3e41","1b14f629ffe242ee89e36ebb5aea9051","3b98f856fb590a4e98c507b405abbce2fb5c5b6981f72fde93b070b594edf315"
"Assets/NTSD/Scripts/Simulation/Lockstep/StrictDelayedInputBuffer.cs","Assets/NTSD/Scripts/Simulation/Lockstep/Session/StrictDelayedInputBuffer.cs","837dd0ebbd9ea78fd67b8127841ba038bb0ce0e4568b8d42751aa22abb8e2e92","6293325b8b9e43b293ed21f4c1ecf770","e0c1c4f955a7f857d3bcc4a3d0849237934f8eb86ff7e375a76a87b81c1133c9"
"Assets/NTSD/Scripts/Simulation/NTSDBattleTickSystem.cs","Assets/NTSD/Scripts/Simulation/Core/NTSDBattleTickSystem.cs","d7b587b0ccd3ce6bb3149c9cab78735aabd37321b4c89caa606e381b8aff957a","aeaa8786ddc05df49a9b937519b98b05","6309e51f4f64fd610542d160d26c742ae65c757c9b66a0a7838cb9e9bafb7e78"
"Assets/NTSD/Scripts/Simulation/NTSDEntityRuntime.cs","Assets/NTSD/Scripts/Simulation/Core/NTSDEntityRuntime.cs","a76964667b3d05402404283969c4c2fa657752d98d43ec610cd6e1b7f7b4e37d","df0d1847d35f5964e84eb957af4e793e","9851c901745f39e98691c408ec4e2904ee349eda98d7e94323e9265967a8286b"
"Assets/NTSD/Scripts/Simulation/NTSDGlobal.cs","Assets/NTSD/Scripts/Simulation/Core/NTSDGlobal.cs","30f1619dd43d5d095460f8280f43730bbecf32425cf8d6273fee0b06ee858ca4","d17ff1efb99047b1b13a55f77d8120db","6362feb0ccf6ad95c48fbce4a2748a253be11a823fc082eba49d0dca96fbea3c"
"Assets/NTSD/Scripts/Simulation/NTSDSpec.cs","Assets/NTSD/Scripts/Simulation/Core/NTSDSpec.cs","8080d806b4840e818090d96911f03cb66b99ae738f17158578a30b51354a8771","2f564d544c1940128465d1d319b3ae80","ba1fc28ea01f865fe3ab43d7ea9af5a07281922b8eb6411427ac6e501c4e4339"
"Assets/NTSD/Scripts/Simulation/RuntimeCharacterConfigResolver.cs","Assets/NTSD/Scripts/Simulation/Runtime/RuntimeCharacterConfigResolver.cs","bfd83adb8cf291e757b75d7ee34b03e2f1c5dd6a272fc7a123d9e4e595429762","a71f12c65ae4445e8d6592ec0b8cc6ef","941ad6dd38e2108c756ba5ee6f3ca0a792eb476ed7ab2b7f18b0c790971996a9"
"Assets/NTSD/Scripts/Simulation/RuntimeSlotTable.cs","Assets/NTSD/Scripts/Simulation/Runtime/RuntimeSlotTable.cs","1d7df342a888eb29c61606b651fb03c055c7ba2a40f91741f88a7425d3eb969f","f19700de79cf4f6aa5506b0f257f8eac","1f804c304eed9f9d739cdd807b4cd568f99445d6980333c03ccbd107c4ecc9c8"
"Assets/NTSD/Scripts/Simulation/SimContext.cs","Assets/NTSD/Scripts/Simulation/Core/SimContext.cs","2910060858364f6c7e75308d789eb75c92440210d608e0fbd1281beee079c9ba","711f12cca536c5743b80bf37f6970306","1f5d66e985eff52cee1769379daeaf14cf759d1cea0273aff0a4dd6f9e5b4b34"
"Assets/NTSD/Scripts/Simulation/SimOrderConstants.cs","Assets/NTSD/Scripts/Simulation/Core/SimOrderConstants.cs","74e473a266357f07f7e8eba558ffea838e6668c02a74a942f51df0cf3c0e89b3","e837c0e9c03f66b40a2c71c2122eaf85","6663efa93a296c398925b8cdd0091ce2d29ae1f8c2b8dd9280b2805001ae4c11"
"Assets/NTSD/Scripts/Simulation/SimulationAiDecisionModule.cs","Assets/NTSD/Scripts/Simulation/Ai/Runtime/SimulationAiDecisionModule.cs","59f9cfe091fc13090f83bad13b6bc12ddd83d985bf8cea97acae3f76485d80b5","243fc3ecc34a426292e4b487fdd84e06","e972def08f00ddc61f4d2dff2b339be865934dd8b02f91321dc59873f3b156fa"
"Assets/NTSD/Scripts/Simulation/SimulationAiDecisionTypes.cs","Assets/NTSD/Scripts/Simulation/Ai/Runtime/SimulationAiDecisionTypes.cs","8979d6791662af817ad2e3ca34a773576685432edd75a10fddcf6460c0a2ebb9","5a824e34ad0d40648fe450f8a29032d1","6d58a58216d8ce90bbb7886895a0ff97c094276623cc11c44ac23683444eeb65"
"Assets/NTSD/Scripts/Simulation/SimulationAiInputModule.cs","Assets/NTSD/Scripts/Simulation/Ai/Runtime/SimulationAiInputModule.cs","d7c22e605fcaebbbb7fc0efb58295ff6413777403cd71008c236d22dfb622b05","29893fac2b9743f5bc671fa1439f4fc5","978a64e6c35580543fea968c9fd43bea7f3b33b3153bec551bb18ab356cecf00"
"Assets/NTSD/Scripts/Simulation/SimulationAiRuntime.cs","Assets/NTSD/Scripts/Simulation/Ai/Runtime/SimulationAiRuntime.cs","09b70762d77a4d749e87ea4d8e8985991b2218a5c320a96ac299d767fd1b626d","33e25679906c4a6d811995ebeaebf4b1","6f03c0cfbea393ecfc76e628a70c36e03c11738e945793348329405716f4f2b3"
"Assets/NTSD/Scripts/Simulation/SimulationAiSensingModule.cs","Assets/NTSD/Scripts/Simulation/Ai/Runtime/SimulationAiSensingModule.cs","a1bad03b55a103ee6a4ce8bfa200672e68d9dd4efdc7b05240a0345c17b15303","6d8d4e001d94418a861d69856c1e4383","b6ff6b6e0f87d7805c187261badaa38133361e04f281a90e863ad5a8b98c3a1f"
"Assets/NTSD/Scripts/Simulation/SimulationAiSensingTypes.cs","Assets/NTSD/Scripts/Simulation/Ai/Runtime/SimulationAiSensingTypes.cs","9c3f024d11015d2b2c831d97801f0212c98be036aa8919b3988671392627aec4","f247c72768784e65a705ce61befa8821","f8c52b13116147f4569154fb820bc1029ec63638319f5672bfe41245a76d5074"
"Assets/NTSD/Scripts/Simulation/SimulationBattleBufferModule.cs","Assets/NTSD/Scripts/Simulation/Runtime/SimulationBattleBufferModule.cs","91d964a2b664fe72a75ff00b7b87bcf2602697707a6b1950cf23e6ed40f3b46b","8b43d417f26b4b5889cc1b692a699633","93633cb737f835ef27fe8fbc8036c3aa7f801f95767e22a7272469e3568965d9"
"Assets/NTSD/Scripts/Simulation/SimulationConstants.cs","Assets/NTSD/Scripts/Simulation/Core/SimulationConstants.cs","df2d2e6cf8fe90fc7184ff481e17762f635b2510adac0ccfdf263b7edfe20488","029b0b68f1409214d9df8cca91d8d8ac","6b1d11df7f1b944ba0a16975a2fbe371bd27695ff686614cf18590698f086676"
"Assets/NTSD/Scripts/Simulation/SimulationDiagnosticsModule.cs","Assets/NTSD/Scripts/Simulation/Diagnostics/SimulationDiagnosticsModule.cs","14cbb83c5762923fb9773b66042b8e0ab4a61c37ad47cae6a61501793d06ab39","b92347c75be94cc6984c82b8d1a88a13","299b5f6360913d75ee7ca0a68107d25d4ca8516c138c84d8c5349e5d8d2d94a6"
"Assets/NTSD/Scripts/Simulation/SimulationEntityTraversal.cs","Assets/NTSD/Scripts/Simulation/Core/SimulationEntityTraversal.cs","d06c3951ad48b3cd12c590ea04617f7d709cf8e6f336077b5e03940c945be5a0","66d90bfbb9174562a496c0a36c247a0a","454bdd3949cb4f2d1ea2d3c660bdc35f64a0bbc213f119c301ba8f4d48367c5f"
"Assets/NTSD/Scripts/Simulation/SimulationFrameInputModule.cs","Assets/NTSD/Scripts/Simulation/Input/SimulationFrameInputModule.cs","ee6ab562fa1c41bef8cce9c3870db613f66a9693db90c4152fc25eb25c0fb5e5","8ab119db6a954f86bb3c68498bfcb05e","36fcb3fa32670d44e411050463ef7cb558dcb37430d75e883812c3c202081f24"
"Assets/NTSD/Scripts/Simulation/SimulationObjectBucketRegistry.cs","Assets/NTSD/Scripts/Simulation/Runtime/SimulationObjectBucketRegistry.cs","d8a1ab06b1aa745a3e498358ea7a5f432bc328ff8455c390103e78cb151d7adc","9fe0f7fc5038444c83101cd862eb7124","eb9fd82cdab6725741969183c4b5ef25e68af305c816261ce4017c5a566028c3"
"Assets/NTSD/Scripts/Simulation/SimulationPassPipeline.cs","Assets/NTSD/Scripts/Simulation/Core/SimulationPassPipeline.cs","4add868053f5bccfef316870fb5472e30e30fb81901e0c5e18c97a1845680add","1819aa42e3d24ea8902ee3f07657cef0","f4f0eedcab03069b8ca4dfff892229389501b78c7e42ff0a0be224f8389d7e76"
"Assets/NTSD/Scripts/Simulation/SimulationQueryAndLinkModule.cs","Assets/NTSD/Scripts/Simulation/Passes/Interaction/SimulationQueryAndLinkModule.cs","bbab5e6b31f79f5829e16366c58c3fc19e604efc2467227bf57259afcb12fad3","4496ea07704742c7b0628ac0a9036cfa","91f0a867e657c992fd9f0988e5bde7b88744834316adc2fea8637c9e90c48b73"
"Assets/NTSD/Scripts/Simulation/SimulationRandomWeaponDropBuffer.cs","Assets/NTSD/Scripts/Simulation/Passes/RandomWeapon/SimulationRandomWeaponDropBuffer.cs","930616ca5b1ab68cca7818ee04662b6429fbc21ba0fe1065795d818df6b552c5","e3e1f315250f4a4e8113258676465865","a3ede65f5d65c5dd67037f3b6d7f33f71c6711dcba54b994f19b79e2b19d1acb"
"Assets/NTSD/Scripts/Simulation/SimulationRegistryModule.cs","Assets/NTSD/Scripts/Simulation/Runtime/SimulationRegistryModule.cs","d434334d6c5b45ec1878d3551e726f4c0de74af09366b29d9bfe5b966cadc4df","806806f731bf4f4fa7a4b11204993456","b0052746ac16013ef308878f87cfccdb5cce6d27d81cbe015f4ed27f78ce1de3"
"Assets/NTSD/Scripts/Simulation/SimulationRuntimeCapacityModule.cs","Assets/NTSD/Scripts/Simulation/Runtime/SimulationRuntimeCapacityModule.cs","068729e76cab35baba05294530a14aa922ed2d8eb57f667fb64acac9d1ad28d6","195b52a4ccad4f73816e660c6607125c","4a85abd0d936b69dd106086b0f8c988e530980baba4672bd75618ff4c9d78b18"
"Assets/NTSD/Scripts/Simulation/SimulationStageRenderModule.cs","Assets/NTSD/Scripts/Simulation/Stage/SimulationStageRenderModule.cs","a4a28be3a5087dab1f84a3a69214bc7a15133b34209b83c0e5caa9c0bea4a406","5db4b2a1167175146a51a0951fac3fad","4a59c4e27b14a59e624e6f0fd8e86652c04883407e5bd8bdf6d03eeca3bfdced"
"Assets/NTSD/Scripts/Simulation/SimulationStageWaveModule.cs","Assets/NTSD/Scripts/Simulation/Stage/SimulationStageWaveModule.cs","aea6ba22ea060d28ead28b08ec6dd85bad0a3c80e2007eb91f1497711825b0f2","b7497152ccffda74893f8bd6b4185e9e","03564011d2741d8453144a552f03569b44347575e7c1222530ab6f19a5566a42"
"Assets/NTSD/Scripts/Simulation/SimulationTickDriver.cs","Assets/NTSD/Scripts/Simulation/Host/SimulationTickDriver.cs","87d28f0a71bf24ff9146bba12a305521142d05f2ed79e1d7813a663e3ceff710","6392531a33a75194899cede44f0e1677","9468b3ad2e9db2f7f6205be88b0813816f8cb8e35ecd36f97aa756192c6a7636"
"Assets/NTSD/Scripts/Simulation/SimulationTickHostPolicy.cs","Assets/NTSD/Scripts/Simulation/Host/SimulationTickHostPolicy.cs","1958f02927dd5f944453fb0b04181482bede37690493a6ad663acfedc1179b4f","e7021f6003554e46ad1284005f601a71","9caf55211b4d3f643079f52615f1013676ce50ba2736717b4dc2fa830fa097d6"
"Assets/NTSD/Scripts/Simulation/SimulationWorld.DetailTimingDiagnostics.cs","Assets/NTSD/Scripts/Simulation/Diagnostics/SimulationWorld.DetailTimingDiagnostics.cs","9b7a960befed7e5b04e69b45ecb8f306824b0ce83feb5fb2cec07fea69e3c13d","7c8b19d4d6b64d9ca1c28d0dcf6ed81a","902600d9a34ce0904e15daaa1eae34ece12e06db8247148cea84e8972eab4e02"
"Assets/NTSD/Scripts/Simulation/SimulationWorld.cs","Assets/NTSD/Scripts/Simulation/Core/SimulationWorld.cs","bbff3434651490b4eaa10036592afed001d9e14d848a7e2df477dcbce221f380","87b29e29151e3ef4a87fd96e0b000f1c","3a29f08740c5ede1432151c735f086e9efee2c91740d47f4636b4d226be7636a"
"Assets/NTSD/Scripts/Simulation/SimulationWorldHooks.cs","Assets/NTSD/Scripts/Simulation/Core/SimulationWorldHooks.cs","24e441370e591fe4235de3d4e7a7623a397058f027793d5cf5b5105c3e49e382","8f0a9ab2fd25485982e1caa1b42c6304","367ceb8a30ddfe76b9fcfb86c488d7de4b1e54ba1ea8d998f6fef4a3eff5ee6b"
"Assets/NTSD/Scripts/Simulation/SimulationWorldMutationTracker.cs","Assets/NTSD/Scripts/Simulation/Core/SimulationWorldMutationTracker.cs","6596f6f101c01d7703d67a701036697c135b74cfbb8f642b408d1da5512a74ff","bd8f2a31b2ab478baa22ba3d72669c79","d625af37fae39843782bb6a6905ef23b588ee91636025a403f8fe2de2ef9686b"
"Assets/NTSD/Scripts/Simulation/StageSpawnRuntimeBufferPool.cs","Assets/NTSD/Scripts/Simulation/Stage/StageSpawnRuntimeBufferPool.cs","fc89509f3eb48685eabba378cb31e29ed5d59fa03d46499df323cd8262cdcbb9","7beae150741849b0a06f1be1d2f128e4","53c04f07e7ec2fcff98db557cd107b098f2ddbbd9800bd555f488512507a9b8e"
"Assets/NTSD/Scripts/Simulation/StageSpawnTaskConfigurator.cs","Assets/NTSD/Scripts/Simulation/Stage/StageSpawnTaskConfigurator.cs","4ffa0fc9e5c1c46d8b879ff7324cc981dea2b0cbee34660f912abd52db009075","c702f710039a4c1cacdbd0905b3ac36f","4eff006fe70ff695b5ee5d52fd3ff1fc3d75cdc6117c494b4710caadb1a54bea"

