target_x,target_z,tick,input,actor_action,owned_oid434,child_slot,child_action,child_candidates_to_target,target_hp,target_action
515,650,1,defend,0,0,-1,-1,0,500,0
515,650,2,defend,110,0,-1,-1,0,500,0
515,650,3,right,110,0,-1,-1,0,500,0
515,650,4,right,110,0,-1,-1,0,500,1
515,650,5,jump,110,0,-1,-1,0,500,1
515,650,6,jump,240,0,-1,-1,0,500,1
515,650,7,none,239,0,-1,-1,0,500,1
515,650,8,none,239,0,-1,-1,0,500,2
515,650,9,none,241,0,-1,-1,0,500,2
515,650,10,none,241,0,-1,-1,0,500,2
515,650,11,none,242,0,-1,-1,0,500,2
515,650,12,none,242,0,-1,-1,0,500,3
515,650,13,none,243,0,-1,-1,0,500,3
515,650,14,none,243,0,-1,-1,0,500,3
515,650,15,none,244,0,-1,-1,0,500,3
515,650,16,none,244,0,-1,-1,0,500,0
515,650,17,none,245,0,-1,-1,0,500,0
515,650,18,none,245,0,-1,-1,0,500,0
515,650,19,none,246,0,-1,-1,0,500,0
515,650,20,none,246,0,-1,-1,0,500,1
515,650,21,none,247,0,-1,-1,0,500,1
515,650,22,none,247,0,-1,-1,0,500,1
515,650,23,none,248,0,-1,-1,0,500,1
515,650,24,none,248,0,-1,-1,0,500,2
515,650,25,none,249,0,-1,-1,0,500,2
515,650,26,none,249,0,-1,-1,0,500,2
515,650,27,none,250,0,-1,-1,0,500,2
515,650,28,none,250,0,-1,-1,0,500,3
515,650,29,none,251,0,-1,-1,0,500,3
515,650,30,none,251,0,-1,-1,0,500,3
515,650,31,none,252,0,-1,-1,0,500,3
515,650,32,none,252,0,-1,-1,0,500,0
515,650,33,none,253,0,-1,-1,0,500,0
515,650,34,none,253,0,-1,-1,0,500,0
515,650,35,none,254,1,51,35,0,500,0
515,650,36,attack,254,1,51,35,1,500,1
515,650,37,attack,0,1,51,35,1,500,1
515,650,38,none,0,1,51,21,0,500,1
515,650,39,none,0,1,51,21,0,500,1
515,650,40,none,0,1,51,21,0,500,2
515,650,41,none,1,1,51,21,0,500,2
515,650,42,none,1,1,51,21,0,500,2
515,650,43,none,1,1,51,21,0,500,2
515,650,44,none,1,1,51,21,0,500,3
515,650,45,none,2,1,51,21,0,500,3
515,650,46,none,2,1,51,21,0,500,3
515,650,47,none,2,1,51,21,0,500,3
515,650,48,none,2,1,51,21,0,500,0
515,650,49,none,3,1,51,21,0,500,0
515,650,50,none,3,1,51,21,0,500,0
515,650,51,none,3,1,51,21,0,500,0
515,650,52,none,3,1,51,21,0,500,1
515,650,53,none,0,1,51,21,0,500,1
515,650,54,none,0,1,51,21,0,500,1
515,650,55,none,0,1,51,21,0,500,1
520,650,1,defend,0,0,-1,-1,0,500,0
520,650,2,defend,110,0,-1,-1,0,500,0
520,650,3,right,110,0,-1,-1,0,500,0
520,650,4,right,110,0,-1,-1,0,500,1
520,650,5,jump,110,0,-1,-1,0,500,1
520,650,6,jump,240,0,-1,-1,0,500,1
520,650,7,none,239,0,-1,-1,0,500,1
520,650,8,none,239,0,-1,-1,0,500,2
520,650,9,none,241,0,-1,-1,0,500,2
520,650,10,none,241,0,-1,-1,0,500,2
520,650,11,none,242,0,-1,-1,0,500,2
520,650,12,none,242,0,-1,-1,0,500,3
520,650,13,none,243,0,-1,-1,0,500,3
520,650,14,none,243,0,-1,-1,0,500,3
520,650,15,none,244,0,-1,-1,0,500,3
520,650,16,none,244,0,-1,-1,0,500,0
520,650,17,none,245,0,-1,-1,0,500,0
520,650,18,none,245,0,-1,-1,0,500,0
520,650,19,none,246,0,-1,-1,0,500,0
520,650,20,none,246,0,-1,-1,0,500,1
520,650,21,none,247,0,-1,-1,0,500,1
520,650,22,none,247,0,-1,-1,0,500,1
520,650,23,none,248,0,-1,-1,0,500,1
520,650,24,none,248,0,-1,-1,0,500,2
520,650,25,none,249,0,-1,-1,0,500,2
520,650,26,none,249,0,-1,-1,0,500,2
520,650,27,none,250,0,-1,-1,0,500,2
520,650,28,none,250,0,-1,-1,0,500,3
520,650,29,none,251,0,-1,-1,0,500,3
520,650,30,none,251,0,-1,-1,0,500,3
520,650,31,none,252,0,-1,-1,0,500,3
520,650,32,none,252,0,-1,-1,0,500,0
520,650,33,none,253,0,-1,-1,0,500,0
520,650,34,none,253,0,-1,-1,0,500,0
520,650,35,none,254,1,51,35,0,500,0
520,650,36,attack,254,1,51,35,1,500,1
520,650,37,attack,0,1,51,35,1,500,1
520,650,38,none,0,1,51,21,0,500,1
520,650,39,none,0,1,51,21,0,500,1
520,650,40,none,0,1,51,21,0,500,2
520,650,41,none,1,1,51,21,0,500,2
520,650,42,none,1,1,51,21,0,500,2
520,650,43,none,1,1,51,21,0,500,2
520,650,44,none,1,1,51,21,0,500,3
520,650,45,none,2,1,51,21,0,500,3
520,650,46,none,2,1,51,21,0,500,3
520,650,47,none,2,1,51,21,0,500,3
520,650,48,none,2,1,51,21,0,500,0
520,650,49,none,3,1,51,21,0,500,0
520,650,50,none,3,1,51,21,0,500,0
520,650,51,none,3,1,51,21,0,500,0
520,650,52,none,3,1,51,21,0,500,1
520,650,53,none,0,1,51,21,0,500,1
520,650,54,none,0,1,51,21,0,500,1
520,650,55,none,0,1,51,21,0,500,1
525,650,1,defend,0,0,-1,-1,0,500,0
525,650,2,defend,110,0,-1,-1,0,500,0
525,650,3,right,110,0,-1,-1,0,500,0
525,650,4,right,110,0,-1,-1,0,500,1
525,650,5,jump,110,0,-1,-1,0,500,1
525,650,6,jump,240,0,-1,-1,0,500,1
525,650,7,none,239,0,-1,-1,0,500,1
525,650,8,none,239,0,-1,-1,0,500,2
525,650,9,none,241,0,-1,-1,0,500,2
525,650,10,none,241,0,-1,-1,0,500,2
525,650,11,none,242,0,-1,-1,0,500,2
525,650,12,none,242,0,-1,-1,0,500,3
525,650,13,none,243,0,-1,-1,0,500,3
525,650,14,none,243,0,-1,-1,0,500,3
525,650,15,none,244,0,-1,-1,0,500,3
525,650,16,none,244,0,-1,-1,0,500,0
525,650,17,none,245,0,-1,-1,0,500,0
525,650,18,none,245,0,-1,-1,0,500,0
525,650,19,none,246,0,-1,-1,0,500,0
525,650,20,none,246,0,-1,-1,0,500,1
525,650,21,none,247,0,-1,-1,0,500,1
525,650,22,none,247,0,-1,-1,0,500,1
525,650,23,none,248,0,-1,-1,0,500,1
525,650,24,none,248,0,-1,-1,0,500,2
525,650,25,none,249,0,-1,-1,0,500,2
525,650,26,none,249,0,-1,-1,0,500,2
525,650,27,none,250,0,-1,-1,0,500,2
525,650,28,none,250,0,-1,-1,0,500,3
525,650,29,none,251,0,-1,-1,0,500,3
525,650,30,none,251,0,-1,-1,0,500,3
525,650,31,none,252,0,-1,-1,0,500,3
525,650,32,none,252,0,-1,-1,0,500,0
525,650,33,none,253,0,-1,-1,0,500,0
525,650,34,none,253,0,-1,-1,0,500,0
525,650,35,none,254,1,51,35,0,500,0
525,650,36,attack,254,1,51,35,1,500,1
525,650,37,attack,0,1,51,35,1,500,1
525,650,38,none,0,1,51,21,0,500,1
525,650,39,none,0,1,51,21,0,500,1
525,650,40,none,0,1,51,21,0,500,2
525,650,41,none,1,1,51,21,0,500,2
525,650,42,none,1,1,51,21,0,500,2
525,650,43,none,1,1,51,21,0,500,2
525,650,44,none,1,1,51,21,0,500,3
525,650,45,none,2,1,51,21,0,500,3
525,650,46,none,2,1,51,21,0,500,3
525,650,47,none,2,1,51,21,0,500,3
525,650,48,none,2,1,51,21,0,500,0
525,650,49,none,3,1,51,21,0,500,0
525,650,50,none,3,1,51,21,0,500,0
525,650,51,none,3,1,51,21,0,500,0
525,650,52,none,3,1,51,21,0,500,1
525,650,53,none,0,1,51,21,0,500,1
525,650,54,none,0,1,51,21,0,500,1
525,650,55,none,0,1,51,21,0,500,1
530,650,1,defend,0,0,-1,-1,0,500,0
530,650,2,defend,110,0,-1,-1,0,500,0
530,650,3,right,110,0,-1,-1,0,500,0
530,650,4,right,110,0,-1,-1,0,500,1
530,650,5,jump,110,0,-1,-1,0,500,1
530,650,6,jump,240,0,-1,-1,0,500,1
530,650,7,none,239,0,-1,-1,0,500,1
530,650,8,none,239,0,-1,-1,0,500,2
530,650,9,none,241,0,-1,-1,0,500,2
530,650,10,none,241,0,-1,-1,0,500,2
530,650,11,none,242,0,-1,-1,0,500,2
530,650,12,none,242,0,-1,-1,0,500,3
530,650,13,none,243,0,-1,-1,0,500,3
530,650,14,none,243,0,-1,-1,0,500,3
530,650,15,none,244,0,-1,-1,0,500,3
530,650,16,none,244,0,-1,-1,0,500,0
530,650,17,none,245,0,-1,-1,0,500,0
530,650,18,none,245,0,-1,-1,0,500,0
530,650,19,none,246,0,-1,-1,0,500,0
530,650,20,none,246,0,-1,-1,0,500,1
530,650,21,none,247,0,-1,-1,0,500,1
530,650,22,none,247,0,-1,-1,0,500,1
530,650,23,none,248,0,-1,-1,0,500,1
530,650,24,none,248,0,-1,-1,0,500,2
530,650,25,none,249,0,-1,-1,0,500,2
530,650,26,none,249,0,-1,-1,0,500,2
530,650,27,none,250,0,-1,-1,0,500,2
530,650,28,none,250,0,-1,-1,0,500,3
530,650,29,none,251,0,-1,-1,0,500,3
530,650,30,none,251,0,-1,-1,0,500,3
530,650,31,none,252,0,-1,-1,0,500,3
530,650,32,none,252,0,-1,-1,0,500,0
530,650,33,none,253,0,-1,-1,0,500,0
530,650,34,none,253,0,-1,-1,0,500,0
530,650,35,none,254,1,51,35,0,500,0
530,650,36,attack,254,1,51,35,0,500,1
530,650,37,attack,0,1,51,35,0,500,1
530,650,38,none,0,1,51,21,0,500,1
530,650,39,none,0,1,51,21,0,500,1
530,650,40,none,0,1,51,21,0,500,2
530,650,41,none,1,1,51,21,0,500,2
530,650,42,none,1,1,51,21,0,500,2
530,650,43,none,1,1,51,21,0,500,2
530,650,44,none,1,1,51,21,0,500,3
530,650,45,none,2,1,51,21,0,500,3
530,650,46,none,2,1,51,21,0,500,3
530,650,47,none,2,1,51,21,0,500,3
530,650,48,none,2,1,51,21,0,500,0
530,650,49,none,3,1,51,21,0,500,0
530,650,50,none,3,1,51,21,0,500,0
530,650,51,none,3,1,51,21,0,500,0
530,650,52,none,3,1,51,21,0,500,1
530,650,53,none,0,1,51,21,0,500,1
530,650,54,none,0,1,51,21,0,500,1
530,650,55,none,0,1,51,21,0,500,1
535,650,1,defend,0,0,-1,-1,0,500,0
535,650,2,defend,110,0,-1,-1,0,500,0
535,650,3,right,110,0,-1,-1,0,500,0
535,650,4,right,110,0,-1,-1,0,500,1
535,650,5,jump,110,0,-1,-1,0,500,1
535,650,6,jump,240,0,-1,-1,0,500,1
535,650,7,none,239,0,-1,-1,0,500,1
535,650,8,none,239,0,-1,-1,0,500,2
535,650,9,none,241,0,-1,-1,0,500,2
535,650,10,none,241,0,-1,-1,0,500,2
535,650,11,none,242,0,-1,-1,0,500,2
535,650,12,none,242,0,-1,-1,0,500,3
535,650,13,none,243,0,-1,-1,0,500,3
535,650,14,none,243,0,-1,-1,0,500,3
535,650,15,none,244,0,-1,-1,0,500,3
535,650,16,none,244,0,-1,-1,0,500,0
535,650,17,none,245,0,-1,-1,0,500,0
535,650,18,none,245,0,-1,-1,0,500,0
535,650,19,none,246,0,-1,-1,0,500,0
535,650,20,none,246,0,-1,-1,0,500,1
535,650,21,none,247,0,-1,-1,0,500,1
535,650,22,none,247,0,-1,-1,0,500,1
535,650,23,none,248,0,-1,-1,0,500,1
535,650,24,none,248,0,-1,-1,0,500,2
535,650,25,none,249,0,-1,-1,0,500,2
535,650,26,none,249,0,-1,-1,0,500,2
535,650,27,none,250,0,-1,-1,0,500,2
535,650,28,none,250,0,-1,-1,0,500,3
535,650,29,none,251,0,-1,-1,0,500,3
535,650,30,none,251,0,-1,-1,0,500,3
535,650,31,none,252,0,-1,-1,0,500,3
535,650,32,none,252,0,-1,-1,0,500,0
535,650,33,none,253,0,-1,-1,0,500,0
535,650,34,none,253,0,-1,-1,0,500,0
535,650,35,none,254,1,51,35,0,500,0
535,650,36,attack,254,1,51,35,0,500,1
535,650,37,attack,0,1,51,35,0,500,1
535,650,38,none,0,1,51,21,0,500,1
535,650,39,none,0,1,51,21,0,500,1
535,650,40,none,0,1,51,21,0,500,2
535,650,41,none,1,1,51,21,0,500,2
535,650,42,none,1,1,51,21,0,500,2
535,650,43,none,1,1,51,21,0,500,2
535,650,44,none,1,1,51,21,0,500,3
535,650,45,none,2,1,51,21,0,500,3
535,650,46,none,2,1,51,21,0,500,3
535,650,47,none,2,1,51,21,0,500,3
535,650,48,none,2,1,51,21,0,500,0
535,650,49,none,3,1,51,21,0,500,0
535,650,50,none,3,1,51,21,0,500,0
535,650,51,none,3,1,51,21,0,500,0
535,650,52,none,3,1,51,21,0,500,1
535,650,53,none,0,1,51,21,0,500,1
535,650,54,none,0,1,51,21,0,500,1
535,650,55,none,0,1,51,21,0,500,1
540,650,1,defend,0,0,-1,-1,0,500,0
540,650,2,defend,110,0,-1,-1,0,500,0
540,650,3,right,110,0,-1,-1,0,500,0
540,650,4,right,110,0,-1,-1,0,500,1
540,650,5,jump,110,0,-1,-1,0,500,1
540,650,6,jump,240,0,-1,-1,0,500,1
540,650,7,none,239,0,-1,-1,0,500,1
540,650,8,none,239,0,-1,-1,0,500,2
540,650,9,none,241,0,-1,-1,0,500,2
540,650,10,none,241,0,-1,-1,0,500,2
540,650,11,none,242,0,-1,-1,0,500,2
540,650,12,none,242,0,-1,-1,0,500,3
540,650,13,none,243,0,-1,-1,0,500,3
540,650,14,none,243,0,-1,-1,0,500,3
540,650,15,none,244,0,-1,-1,0,500,3
540,650,16,none,244,0,-1,-1,0,500,0
540,650,17,none,245,0,-1,-1,0,500,0
540,650,18,none,245,0,-1,-1,0,500,0
540,650,19,none,246,0,-1,-1,0,500,0
540,650,20,none,246,0,-1,-1,0,500,1
540,650,21,none,247,0,-1,-1,0,500,1
540,650,22,none,247,0,-1,-1,0,500,1
540,650,23,none,248,0,-1,-1,0,500,1
540,650,24,none,248,0,-1,-1,0,500,2
540,650,25,none,249,0,-1,-1,0,500,2
540,650,26,none,249,0,-1,-1,0,500,2
540,650,27,none,250,0,-1,-1,0,500,2
540,650,28,none,250,0,-1,-1,0,500,3
540,650,29,none,251,0,-1,-1,0,500,3
540,650,30,none,251,0,-1,-1,0,500,3
540,650,31,none,252,0,-1,-1,0,500,3
540,650,32,none,252,0,-1,-1,0,500,0
540,650,33,none,253,0,-1,-1,0,500,0
540,650,34,none,253,0,-1,-1,0,500,0
540,650,35,none,254,1,51,35,0,500,0
540,650,36,attack,254,1,51,35,0,500,1
540,650,37,attack,0,1,51,35,0,500,1
540,650,38,none,0,1,51,21,0,500,1
540,650,39,none,0,1,51,21,0,500,1
540,650,40,none,0,1,51,21,0,500,2
540,650,41,none,1,1,51,21,0,500,2
540,650,42,none,1,1,51,21,0,500,2
540,650,43,none,1,1,51,21,0,500,2
540,650,44,none,1,1,51,21,0,500,3
540,650,45,none,2,1,51,21,0,500,3
540,650,46,none,2,1,51,21,0,500,3
540,650,47,none,2,1,51,21,0,500,3
540,650,48,none,2,1,51,21,0,500,0
540,650,49,none,3,1,51,21,0,500,0
540,650,50,none,3,1,51,21,0,500,0
540,650,51,none,3,1,51,21,0,500,0
540,650,52,none,3,1,51,21,0,500,1
540,650,53,none,0,1,51,21,0,500,1
540,650,54,none,0,1,51,21,0,500,1
540,650,55,none,0,1,51,21,0,500,1
545,650,1,defend,0,0,-1,-1,0,500,0
545,650,2,defend,110,0,-1,-1,0,500,0
545,650,3,right,110,0,-1,-1,0,500,0
545,650,4,right,110,0,-1,-1,0,500,1
545,650,5,jump,110,0,-1,-1,0,500,1
545,650,6,jump,240,0,-1,-1,0,500,1
545,650,7,none,239,0,-1,-1,0,500,1
545,650,8,none,239,0,-1,-1,0,500,2
545,650,9,none,241,0,-1,-1,0,500,2
545,650,10,none,241,0,-1,-1,0,500,2
545,650,11,none,242,0,-1,-1,0,500,2
545,650,12,none,242,0,-1,-1,0,500,3
545,650,13,none,243,0,-1,-1,0,500,3
545,650,14,none,243,0,-1,-1,0,500,3
545,650,15,none,244,0,-1,-1,0,500,3
545,650,16,none,244,0,-1,-1,0,500,0
545,650,17,none,245,0,-1,-1,0,500,0
545,650,18,none,245,0,-1,-1,0,500,0
545,650,19,none,246,0,-1,-1,0,500,0
545,650,20,none,246,0,-1,-1,0,500,1
545,650,21,none,247,0,-1,-1,0,500,1
545,650,22,none,247,0,-1,-1,0,500,1
545,650,23,none,248,0,-1,-1,0,500,1
545,650,24,none,248,0,-1,-1,0,500,2
545,650,25,none,249,0,-1,-1,0,500,2
545,650,26,none,249,0,-1,-1,0,500,2
545,650,27,none,250,0,-1,-1,0,500,2
545,650,28,none,250,0,-1,-1,0,500,3
545,650,29,none,251,0,-1,-1,0,500,3
545,650,30,none,251,0,-1,-1,0,500,3
545,650,31,none,252,0,-1,-1,0,500,3
545,650,32,none,252,0,-1,-1,0,500,0
545,650,33,none,253,0,-1,-1,0,500,0
545,650,34,none,253,0,-1,-1,0,500,0
545,650,35,none,254,1,51,35,0,500,0
545,650,36,attack,254,1,51,35,0,500,1
545,650,37,attack,0,1,51,35,0,500,1
545,650,38,none,0,1,51,21,0,500,1
545,650,39,none,0,1,51,21,0,500,1
545,650,40,none,0,1,51,21,0,500,2
545,650,41,none,1,1,51,21,0,500,2
545,650,42,none,1,1,51,21,0,500,2
545,650,43,none,1,1,51,21,0,500,2
545,650,44,none,1,1,51,21,0,500,3
545,650,45,none,2,1,51,21,0,500,3
545,650,46,none,2,1,51,21,0,500,3
545,650,47,none,2,1,51,21,0,500,3
545,650,48,none,2,1,51,21,0,500,0
545,650,49,none,3,1,51,21,0,500,0
545,650,50,none,3,1,51,21,0,500,0
545,650,51,none,3,1,51,21,0,500,0
545,650,52,none,3,1,51,21,0,500,1
545,650,53,none,0,1,51,21,0,500,1
545,650,54,none,0,1,51,21,0,500,1
545,650,55,none,0,1,51,21,0,500,1
550,650,1,defend,0,0,-1,-1,0,500,0
550,650,2,defend,110,0,-1,-1,0,500,0
550,650,3,right,110,0,-1,-1,0,500,0
550,650,4,right,110,0,-1,-1,0,500,1
550,650,5,jump,110,0,-1,-1,0,500,1
550,650,6,jump,240,0,-1,-1,0,500,1
550,650,7,none,239,0,-1,-1,0,500,1
550,650,8,none,239,0,-1,-1,0,500,2
550,650,9,none,241,0,-1,-1,0,500,2
550,650,10,none,241,0,-1,-1,0,500,2
550,650,11,none,242,0,-1,-1,0,500,2
550,650,12,none,242,0,-1,-1,0,500,3
550,650,13,none,243,0,-1,-1,0,500,3
550,650,14,none,243,0,-1,-1,0,500,3
550,650,15,none,244,0,-1,-1,0,500,3
550,650,16,none,244,0,-1,-1,0,500,0
550,650,17,none,245,0,-1,-1,0,500,0
550,650,18,none,245,0,-1,-1,0,500,0
550,650,19,none,246,0,-1,-1,0,500,0
550,650,20,none,246,0,-1,-1,0,500,1
550,650,21,none,247,0,-1,-1,0,500,1
550,650,22,none,247,0,-1,-1,0,500,1
550,650,23,none,248,0,-1,-1,0,500,1
550,650,24,none,248,0,-1,-1,0,500,2
550,650,25,none,249,0,-1,-1,0,500,2
550,650,26,none,249,0,-1,-1,0,500,2
550,650,27,none,250,0,-1,-1,0,500,2
550,650,28,none,250,0,-1,-1,0,500,3
550,650,29,none,251,0,-1,-1,0,500,3
550,650,30,none,251,0,-1,-1,0,500,3
550,650,31,none,252,0,-1,-1,0,500,3
550,650,32,none,252,0,-1,-1,0,500,0
550,650,33,none,253,0,-1,-1,0,500,0
550,650,34,none,253,0,-1,-1,0,500,0
550,650,35,none,254,1,51,35,0,500,0
550,650,36,attack,254,1,51,35,0,500,1
550,650,37,attack,0,1,51,35,0,500,1
550,650,38,none,0,1,51,21,0,500,1
550,650,39,none,0,1,51,21,0,500,1
550,650,40,none,0,1,51,21,0,500,2
550,650,41,none,1,1,51,21,0,500,2
550,650,42,none,1,1,51,21,0,500,2
550,650,43,none,1,1,51,21,0,500,2
550,650,44,none,1,1,51,21,0,500,3
550,650,45,none,2,1,51,21,0,500,3
550,650,46,none,2,1,51,21,0,500,3
550,650,47,none,2,1,51,21,0,500,3
550,650,48,none,2,1,51,21,0,500,0
550,650,49,none,3,1,51,21,0,500,0
550,650,50,none,3,1,51,21,0,500,0
550,650,51,none,3,1,51,21,0,500,0
550,650,52,none,3,1,51,21,0,500,1
550,650,53,none,0,1,51,21,0,500,1
550,650,54,none,0,1,51,21,0,500,1
550,650,55,none,0,1,51,21,0,500,1
520,640,1,defend,0,0,-1,-1,0,500,0
520,640,2,defend,110,0,-1,-1,0,500,0
520,640,3,right,110,0,-1,-1,0,500,0
520,640,4,right,110,0,-1,-1,0,500,1
520,640,5,jump,110,0,-1,-1,0,500,1
520,640,6,jump,240,0,-1,-1,0,500,1
520,640,7,none,239,0,-1,-1,0,500,1
520,640,8,none,239,0,-1,-1,0,500,2
520,640,9,none,241,0,-1,-1,0,500,2
520,640,10,none,241,0,-1,-1,0,500,2
520,640,11,none,242,0,-1,-1,0,500,2
520,640,12,none,242,0,-1,-1,0,500,3
520,640,13,none,243,0,-1,-1,0,500,3
520,640,14,none,243,0,-1,-1,0,500,3
520,640,15,none,244,0,-1,-1,0,500,3
520,640,16,none,244,0,-1,-1,0,500,0
520,640,17,none,245,0,-1,-1,0,500,0
520,640,18,none,245,0,-1,-1,0,500,0
520,640,19,none,246,0,-1,-1,0,500,0
520,640,20,none,246,0,-1,-1,0,500,1
520,640,21,none,247,0,-1,-1,0,500,1
520,640,22,none,247,0,-1,-1,0,500,1
520,640,23,none,248,0,-1,-1,0,500,1
520,640,24,none,248,0,-1,-1,0,500,2
520,640,25,none,249,0,-1,-1,0,500,2
520,640,26,none,249,0,-1,-1,0,500,2
520,640,27,none,250,0,-1,-1,0,500,2
520,640,28,none,250,0,-1,-1,0,500,3
520,640,29,none,251,0,-1,-1,0,500,3
520,640,30,none,251,0,-1,-1,0,500,3
520,640,31,none,252,0,-1,-1,0,500,3
520,640,32,none,252,0,-1,-1,0,500,0
520,640,33,none,253,0,-1,-1,0,500,0
520,640,34,none,253,0,-1,-1,0,500,0
520,640,35,none,254,1,51,35,0,500,0
520,640,36,attack,254,1,51,35,1,500,1
520,640,37,attack,0,1,51,35,1,500,1
520,640,38,none,0,1,51,21,0,500,1
520,640,39,none,0,1,51,21,0,500,1
520,640,40,none,0,1,51,21,0,500,2
520,640,41,none,1,1,51,21,0,500,2
520,640,42,none,1,1,51,21,0,500,2
520,640,43,none,1,1,51,21,0,500,2
520,640,44,none,1,1,51,21,0,500,3
520,640,45,none,2,1,51,21,0,500,3
520,640,46,none,2,1,51,21,0,500,3
520,640,47,none,2,1,51,21,0,500,3
520,640,48,none,2,1,51,21,0,500,0
520,640,49,none,3,1,51,21,0,500,0
520,640,50,none,3,1,51,21,0,500,0
520,640,51,none,3,1,51,21,0,500,0
520,640,52,none,3,1,51,21,0,500,1
520,640,53,none,0,1,51,21,0,500,1
520,640,54,none,0,1,51,21,0,500,1
520,640,55,none,0,1,51,21,0,500,1
530,640,1,defend,0,0,-1,-1,0,500,0
530,640,2,defend,110,0,-1,-1,0,500,0
530,640,3,right,110,0,-1,-1,0,500,0
530,640,4,right,110,0,-1,-1,0,500,1
530,640,5,jump,110,0,-1,-1,0,500,1
530,640,6,jump,240,0,-1,-1,0,500,1
530,640,7,none,239,0,-1,-1,0,500,1
530,640,8,none,239,0,-1,-1,0,500,2
530,640,9,none,241,0,-1,-1,0,500,2
530,640,10,none,241,0,-1,-1,0,500,2
530,640,11,none,242,0,-1,-1,0,500,2
530,640,12,none,242,0,-1,-1,0,500,3
530,640,13,none,243,0,-1,-1,0,500,3
530,640,14,none,243,0,-1,-1,0,500,3
530,640,15,none,244,0,-1,-1,0,500,3
530,640,16,none,244,0,-1,-1,0,500,0
530,640,17,none,245,0,-1,-1,0,500,0
530,640,18,none,245,0,-1,-1,0,500,0
530,640,19,none,246,0,-1,-1,0,500,0
530,640,20,none,246,0,-1,-1,0,500,1
530,640,21,none,247,0,-1,-1,0,500,1
530,640,22,none,247,0,-1,-1,0,500,1
530,640,23,none,248,0,-1,-1,0,500,1
530,640,24,none,248,0,-1,-1,0,500,2
530,640,25,none,249,0,-1,-1,0,500,2
530,640,26,none,249,0,-1,-1,0,500,2
530,640,27,none,250,0,-1,-1,0,500,2
530,640,28,none,250,0,-1,-1,0,500,3
530,640,29,none,251,0,-1,-1,0,500,3
530,640,30,none,251,0,-1,-1,0,500,3
530,640,31,none,252,0,-1,-1,0,500,3
530,640,32,none,252,0,-1,-1,0,500,0
530,640,33,none,253,0,-1,-1,0,500,0
530,640,34,none,253,0,-1,-1,0,500,0
530,640,35,none,254,1,51,35,0,500,0
530,640,36,attack,254,1,51,35,0,500,1
530,640,37,attack,0,1,51,35,0,500,1
530,640,38,none,0,1,51,21,0,500,1
530,640,39,none,0,1,51,21,0,500,1
530,640,40,none,0,1,51,21,0,500,2
530,640,41,none,1,1,51,21,0,500,2
530,640,42,none,1,1,51,21,0,500,2
530,640,43,none,1,1,51,21,0,500,2
530,640,44,none,1,1,51,21,0,500,3
530,640,45,none,2,1,51,21,0,500,3
530,640,46,none,2,1,51,21,0,500,3
530,640,47,none,2,1,51,21,0,500,3
530,640,48,none,2,1,51,21,0,500,0
530,640,49,none,3,1,51,21,0,500,0
530,640,50,none,3,1,51,21,0,500,0
530,640,51,none,3,1,51,21,0,500,0
530,640,52,none,3,1,51,21,0,500,1
530,640,53,none,0,1,51,21,0,500,1
530,640,54,none,0,1,51,21,0,500,1
530,640,55,none,0,1,51,21,0,500,1
520,660,1,defend,0,0,-1,-1,0,500,0
520,660,2,defend,110,0,-1,-1,0,500,0
520,660,3,right,110,0,-1,-1,0,500,0
520,660,4,right,110,0,-1,-1,0,500,1
520,660,5,jump,110,0,-1,-1,0,500,1
520,660,6,jump,240,0,-1,-1,0,500,1
520,660,7,none,239,0,-1,-1,0,500,1
520,660,8,none,239,0,-1,-1,0,500,2
520,660,9,none,241,0,-1,-1,0,500,2
520,660,10,none,241,0,-1,-1,0,500,2
520,660,11,none,242,0,-1,-1,0,500,2
520,660,12,none,242,0,-1,-1,0,500,3
520,660,13,none,243,0,-1,-1,0,500,3
520,660,14,none,243,0,-1,-1,0,500,3
520,660,15,none,244,0,-1,-1,0,500,3
520,660,16,none,244,0,-1,-1,0,500,0
520,660,17,none,245,0,-1,-1,0,500,0
520,660,18,none,245,0,-1,-1,0,500,0
520,660,19,none,246,0,-1,-1,0,500,0
520,660,20,none,246,0,-1,-1,0,500,1
520,660,21,none,247,0,-1,-1,0,500,1
520,660,22,none,247,0,-1,-1,0,500,1
520,660,23,none,248,0,-1,-1,0,500,1
520,660,24,none,248,0,-1,-1,0,500,2
520,660,25,none,249,0,-1,-1,0,500,2
520,660,26,none,249,0,-1,-1,0,500,2
520,660,27,none,250,0,-1,-1,0,500,2
520,660,28,none,250,0,-1,-1,0,500,3
520,660,29,none,251,0,-1,-1,0,500,3
520,660,30,none,251,0,-1,-1,0,500,3
520,660,31,none,252,0,-1,-1,0,500,3
520,660,32,none,252,0,-1,-1,0,500,0
520,660,33,none,253,0,-1,-1,0,500,0
520,660,34,none,253,0,-1,-1,0,500,0
520,660,35,none,254,1,51,35,0,500,0
520,660,36,attack,254,1,51,35,1,500,1
520,660,37,attack,0,1,51,35,1,500,1
520,660,38,none,0,1,51,21,0,500,1
520,660,39,none,0,1,51,21,0,500,1
520,660,40,none,0,1,51,21,0,500,2
520,660,41,none,1,1,51,21,0,500,2
520,660,42,none,1,1,51,21,0,500,2
520,660,43,none,1,1,51,21,0,500,2
520,660,44,none,1,1,51,21,0,500,3
520,660,45,none,2,1,51,21,0,500,3
520,660,46,none,2,1,51,21,0,500,3
520,660,47,none,2,1,51,21,0,500,3
520,660,48,none,2,1,51,21,0,500,0
520,660,49,none,3,1,51,21,0,500,0
520,660,50,none,3,1,51,21,0,500,0
520,660,51,none,3,1,51,21,0,500,0
520,660,52,none,3,1,51,21,0,500,1
520,660,53,none,0,1,51,21,0,500,1
520,660,54,none,0,1,51,21,0,500,1
520,660,55,none,0,1,51,21,0,500,1
