0	
1	2d312e303030303030
2	2d31302e303030303030
3	2d31302e323939393939
4	2d313130
5	2d31322e303030303030
6	2d313230
7	2d31332e303030303030
8	2d31332e3430303030
9	2d31332e383030303030
10	2d31342e303030303030
11	2d31342e323939393939
12	2d31352e303030303030
13	2d31352e323939393939
14	2d31362e303030303030
15	2d31362e323939393939
16	2d31362e353030303030
17	2d31362e373939393939
18	2d31372e303030303030
19	2d31372e323939393939
20	2d31382e323939393939
21	2d31382e353939393939
22	2d322e303030303030
23	2d32302e323939393939
24	2d32332e303030303030
25	2d32362e323939393939
26	2d3630
27	30
28	302e303030303030
29	31
30	312e303030303030
31	312e333230303030
32	312e353030303030
33	3130
34	31302e303030303030
35	313030
36	313035
37	313037
38	31303830
39	313039
40	31303935
41	3131
42	31312e303030303030
43	313130
44	31313030
45	313131
46	313132
47	31313231
48	313133
49	313134
50	313135
51	313137
52	313138
53	313139
54	3132
55	313230
56	313231
57	31323135
58	313233
59	313234
60	313235
61	313236
62	313237
63	313238
64	313239
65	3133
66	31332e303030303030
67	31332e353030303030
68	313330
69	31333030
70	313333
71	313334
72	313335
73	313338
74	31333834
75	313339
76	3134
77	31342e303030303030
78	31342e333030303030
79	31342e353030303030
80	313430
81	313434
82	313435
83	313436
84	313438
85	31343833
86	313439
87	3135
88	31352e303030303030
89	31352e353030303030
90	313530
91	313532
92	313535
93	313536
94	313538
95	313539
96	3136
97	31362e303030303030
98	31362e323030303030
99	31362e353030303030
100	31362e373030303030
101	313630
102	31363030
103	313635
104	313636
105	313639
106	3137
107	31372e303030303030
108	31372e343030303030
109	31372e353030303030
110	313730
111	313732
112	313733
113	313734
114	313735
115	313737
116	313739
117	3138
118	31382e303030303030
119	313830
120	313831
121	313835
122	313836
123	3139
124	31392e3030303030
125	31392e303030303030
126	31392e333030303030
127	31392e353030303030
128	313930
129	313931
130	313932
131	31393230
132	313933
133	313934
134	313935
135	313937
136	313939
137	31393939
138	32
139	322e303030303030
140	322e333030303030
141	322e353030303030
142	3230
143	32302e303030303030
144	323030
145	32303030
146	323035
147	323036
148	323039
149	3231
150	323130
151	323132
152	323133
153	323135
154	323139
155	323230
156	323231
157	323232
158	323233
159	323234
160	323237
161	323239
162	3233
163	32332e303030303030
164	323330
165	323331
166	323332
167	323335
168	323337
169	323339
170	32342e3030303030
171	32342e303030303030
172	323430
173	323431
174	323435
175	323438
176	323439
177	3235
178	32352e303030303030
179	323530
180	323532
181	323535
182	323536
183	32362e303030303030
184	323630
185	323633
186	323635
187	323639
188	3237
189	323732
190	323735
191	323739
192	3238
193	323830
194	323836
195	323838
196	323839
197	3239
198	323930
199	323931
200	323933
201	323939
202	33
203	332e303030303030
204	332e333030303030
205	332e373030303030
206	332e373530303030
207	3330
208	33302e3030303030
209	33302e303030303030
210	33303030
211	333031
212	333036
213	333038
214	333130
215	333131
216	333132
217	333133
218	333134
219	333136
220	333137
221	333138
222	333139
223	3332
224	333230
225	333232
226	333238
227	333339
228	3334
229	333433
230	333435
231	333436
232	3335
233	333530
234	333531
235	333538
236	3336
237	333630
238	333631
239	333634
240	333639
241	3337
242	333732
243	3338
244	333834
245	333835
246	333836
247	333931
248	333935
249	333939
250	34
251	342e303030303030
252	342e333030303030
253	3430
254	343030
255	34303030
256	343031
257	343034
258	343037
259	343130
260	343134
261	343139
262	343230
263	343235
264	343238
265	343339
266	3434
267	343430
268	343438
269	34352e303030303030
270	343530
271	343533
272	343538
273	343630
274	343639
275	3437
276	343738
277	343739
278	3438
279	3439
280	35
281	352e303030303030
282	3530
283	353030
284	3531
285	353130
286	353136
287	353236
288	353334
289	353439
290	3535
291	353530
292	353533
293	3536
294	353630
295	353631
296	353633
297	353637
298	353639
299	3538
300	3539
301	36
302	362e303030303030
303	3630
304	363030
305	363034
306	363239
307	3633
308	363339
309	3635
310	363532
311	363739
312	363830
313	363839
314	3639
315	363939
316	37
317	3730
318	373030
319	373038
320	373139
321	3732
322	373231
323	373235
324	373331
325	3735
326	373536
327	3736
328	373634
329	373731
330	3738
331	3739
332	373937
333	373939
334	38
335	382e303030303030
336	3830
337	383030
338	383038
339	3831
340	3832
341	3834
342	3835
343	3836
344	383638
345	3838
346	383830
347	3839
348	39
349	3930
350	3931
351	3932
352	393237
353	3933
354	3934
355	3935
356	393530
357	3936
358	3937
359	3939
360	416e6b6f
361	416e6b6f28436c6f6e6529
362	4173756d61
363	436869796f
364	436c61795a6f6d626965
365	436c61795a6f6d62696532
366	44616e7a6f
367	44616e7a6f28556e7365616c656429
368	44656964617261
369	44656964617261284269726429
370	456e656d79
371	4761617261
372	47656e6d61
373	47656e6d6128436c6f6e6529
374	476f6c656d
375	476f6c656d32
376	477572656e
377	477572656e28436c6f6e6529
378	48616b75
379	48616e
380	48616e28536d6f6b6529
381	486173686972616d61
382	486173686972616d6128436c6f6e6529
383	486173686972616d61285361676529
384	486179617465
385	48617961746528436c6f6e6529
386	48617961746528436c6f6e653229
387	4861796174652848696464656e29
388	486964616e
389	48696e617461
390	486972757a656e
391	486972757a656e28436c6f6e6529
392	487567655f6e696e
393	487567655f6e696e32
394	487567655f6e696e33
395	48756e7465725f4e696e
396	49646c6531
397	49646c6532
398	4972756b61
399	4972756b6128436c6f6e6529
400	497461636869
401	4a697261697961
402	4a69726169796128536167654d6f646529
403	4a697261697961287072652d534d6f646529
404	4a69726f626f
405	4a69726f626f2843533229
406	4a75676f
407	4a75676f2843533229
408	4b616275746f
409	4b616b61736869
410	4b616b757a75
411	4b616e6b75726f
412	4b616e6b75726f507570706574
413	4b6172696e
414	4b696261
415	4b69646f6d617275
416	4b69646f6d6172752843533229
417	4b696c6c6572626565
418	4b696d696d61726f
419	4b696d696d61726f2843533229
420	4b6973616d65
421	4b6973616d6528436c6f6e6529
422	4b6973616d6553
423	4b6f6e616e
424	4b6f6e616e416e67656c
425	4d61736b416972
426	4d61736b46697265
427	4d61736b5468756e646572
428	4d61736b5761746572
429	4d696768745f477579
430	4d696768745f47757928364729
431	4d696768745f47757928384729
432	4d696e61746f
433	4d696e61746f284b434d29
434	4d696e61746f28536167654d6f646529
435	4d697a756b69
436	4d697a756b69435332
437	4e4344656964617261
438	4e4344656964617261284269726429
439	4e434b616b757a75
440	4e434b6973616d65
441	4e435361736f7269
442	4e617275746f
443	4e617275746f28315429
444	4e617275746f28345429
445	4e617275746f28436c6f6e6529
446	4e617275746f2853436c6f6e6529
447	4e617275746f28536167654d6f646529
448	4e656a69
449	4f726f6368696d617275
450	5061696e28416e696d616c29
451	5061696e284465766129
452	50616b6b756d
453	507570706574
454	50757070657431
455	5075707065743130
456	50757070657432
457	50757070657433
458	50757070657434
459	50757070657435
460	50757070657436
461	50757070657437
462	50757070657438
463	50757070657439
464	52454b616b757a75
465	5261696b616765
466	5261696b61676554
467	526f636b5f4c6565
468	536169
469	53616b6f6e
470	53616b6f6e26556b6f6e
471	53616b6f6e26556b6f6e2843533229
472	53616b6f6e2843533229
473	53616b757261
474	53616b7572614352
475	53616b7572614e6f7468696e67
476	53616e645f4372656174757265
477	5361736f7269
478	536173756b65
479	536173756b652843533229
480	536173756b65284d5329
481	536173756b65284d535329
482	5368696b616d617275
483	5368696e6f
484	536869737569
485	536e616b65
486	537065637461746f72
487	537472696b65725f4e696e
488	5375696765747375
489	546179757961
490	5461797579612843533229
491	54656d617269
492	54656e74656e
493	54656e74656e28426c61646529
494	54656e74656e28506f6c6529
495	54656e74656e285361676529
496	54656e74656e2853776f72647329
497	546575636869
498	5469676572546f6269
499	546f6269
500	546f626972616d61
501	546f626972616d6128436c6f6e6529
502	546f6e746f6e
503	5473756e616465
504	54737572756769
505	556b6f6e
506	556b6f6e2843533229
507	596167757261
508	59616d61746f
509	59616d61746f28436c6f6e6529
510	596f726f69
511	5a6162757a61
512	5a6162757a6128436c6f6e6529
513	5a6162757a612844656d6f6e29
514	615c616d615c616d612e706e67
515	615c616d615c616d61322e706e67
516	615c626c61635c626c61632e706e67
517	615c626c61635c626c6163322e706e67
518	615c626c61735c626c61732e706e67
519	615c626c655c626c652e706e67
520	615c6368615c6368612e706e67
521	615c6368615c636861322e706e67
522	615c636c615c636c612e706e67
523	615c636c615c636c61322e706e67
524	615c636c615c636c61332e706e67
525	615c636c615c636c61342e706e67
526	615c636c615c666c612e706e67
527	615c6669725c6669722e706e67
528	615c6669725c666972322e706e67
529	615c6669725c666972332e706e67
530	615c6669725c6669727a2e706e67
531	615c6669725c6669727a322e706e67
532	615c6669725c666c612e706e67
533	615c666c615c666c612e706e67
534	615c66726f5c66726f2e706e67
535	615c67726f5c67726f2e706e67
536	615c67726f5c67726f322e706e67
537	615c6865615c6865612e706e67
538	615c6b616d5c6b616d2e706e67
539	615c6b616d5c6b616d322e706e67
540	615c6b61745c6b61742e706e67
541	615c6b61745c6b6174302e706e67
542	615c6b61745c6b6174322e706e67
543	615c6b61745c6b6174332e706e67
544	615c6c69675c6c69672e706e67
545	615c6d65675c6d65672e706e67
546	615c706f665c676f642e706e67
547	615c706f665c706f662e706e67
548	615c706f665c706f66322e706e67
549	615c706f665c706f66332e706e67
550	615c706f665c706f66342e706e67
551	615c7075725c7075722e706e67
552	615c726f635c726f632e706e67
553	615c736e615c736e612e706e67
554	615c736e615c736e616f726f2e706e67
555	615c736e615c736e617361732e706e67
556	615c7370695c7370692e706e67
557	615c7472615c7472612e706e67
558	615c77616c5c77616c2e706e67
559	615c7761745c6d697374732e706e67
560	615c7761745c6d69737473322e706e67
561	615c7761745c6d69737473332e706e67
562	615c7761745c6d69737473342e706e67
563	615c7761745c7761742e706e67
564	615c7761745c776174322e706e67
565	615c7761745c776174332e706e67
566	615c7761745c776174622e706e67
567	615c7761745c776174652e706e67
568	615c77696e5c77696e2e706e67
569	615c7a7a7a5c7a7a7a2e706e67
570	635c305c7370652e706e67
571	635c305c7370655f732e706e67
572	635c616e6b5c615c61746b2e706e67
573	635c616e6b5c615c6b6174312e706e67
574	635c616e6b5c615c6b6174322e706e67
575	635c616e6b5c615c6b6174332e706e67
576	635c616e6b5c615c7061722e706e67
577	635c616e6b5c615c73312e706e67
578	635c616e6b5c615c73322e706e67
579	635c616e6b5c615c736e612e706e67
580	635c616e6b5c616e6b312e706e67
581	635c616e6b5c616e6b322e706e67
582	635c616e6b5c616e6b332e706e67
583	635c616e6b5c616e6b342e706e67
584	635c616e6b5c73736e6b2e706e67
585	635c6173755c615c617368312e706e67
586	635c6173755c615c617368322e706e67
587	635c6173755c615c617368332e706e67
588	635c6173755c615c666c79312e706e67
589	635c6173755c617375312e706e67
590	635c6173755c617375322e706e67
591	635c6173755c617375332e706e67
592	635c6173755c617375342e706e67
593	635c6265655c615c6566666563742e706e67
594	635c6265655c615c656666656374322e706e67
595	635c6265655c615c77696e64332e706e67
596	635c6265655c6265652e706e67
597	635c6265655c626565322e706e67
598	635c6368695c615c6368612e706e67
599	635c6368695c615c7075702e706e67
600	635c6368695c615c707570322e706e67
601	635c6368695c615c7261732e706e67
602	635c6368695c615c7365616c2e706e67
603	635c6368695c615c7375632e706e67
604	635c6368695c6368692e706e67
605	635c6368695c70757031302e706e67
606	635c6368695c70757031612e706e67
607	635c6368695c70757031622e706e67
608	635c6368695c707570322e706e67
609	635c6368695c707570332e706e67
610	635c6368695c707570342e706e67
611	635c6368695c707570352e706e67
612	635c6368695c707570362e706e67
613	635c6368695c707570372e706e67
614	635c6368695c707570382e706e67
615	635c6368695c707570392e706e67
616	635c64616e5c615c697a61312e706e67
617	635c64616e5c615c697a61322e706e67
618	635c64616e5c615c6d61726b2e706e67
619	635c64616e5c615c77696e312e706e67
620	635c64616e5c615c77696e322e706e67
621	635c64616e5c615c77696e332e706e67
622	635c64616e5c615c77696e342e706e67
623	635c64616e5c615c77696e352e706e67
624	635c64616e5c615c77696e362e706e67
625	635c64616e5c64616e312e706e67
626	635c64616e5c64616e332e706e67
627	635c64616e5c64616e72312e706e67
628	635c64616e5c64616e72332e706e67
629	635c64616e5c64616e72342e706e67
630	635c6465695c615c636c612e706e67
631	635c6465695c615c636c61302e706e67
632	635c6465695c615c636c61312e706e67
633	635c6465695c615c636c61322e706e67
634	635c6465695c615c67726f2e706e67
635	635c6465695c615c7a6f6d2e706e67
636	635c6465695c615c7a6f6d312e706e67
637	635c6465695c6269722e706e67
638	635c6465695c6465692e706e67
639	635c6465695c6e63622e706e67
640	635c6465695c6e63642e706e67
641	635c6465695c7a6f6d2e706e67
642	635c6465695c7a6f6d322e706e67
643	635c6761615c615c636c6f2e706e67
644	635c6761615c615c636c6f322e706e67
645	635c6761615c615c636f662e706e67
646	635c6761615c615c6761742e706e67
647	635c6761615c615c73616e2e706e67
648	635c6761615c615c73616e322e706e67
649	635c6761615c615c756c74312e706e67
650	635c6761615c615c756c74322e706e67
651	635c6761615c615c756c74332e706e67
652	635c6761615c615c756c74342e706e67
653	635c6761615c615c756c74352e706e67
654	635c6761615c6761612e706e67
655	635c6775725c615c616c742e706e67
656	635c6775725c615c62616c6c2e706e67
657	635c6775725c615c64726167322e706e67
658	635c6775725c615c6761742e706e67
659	635c6775725c615c677572736c6173682e706e67
660	635c6775725c615c70696c6c61312e706e67
661	635c6775725c615c73706561722e706e67
662	635c6775725c615c7472612e706e67
663	635c6775725c615c776174342e706e67
664	635c6775725c63646172742e706e67
665	635c6775725c6775722e706e67
666	635c6775795c615c312e706e67
667	635c6775795c615c332e706e67
668	635c6775795c615c62616c2e706e67
669	635c6775795c615c6472612e706e67
670	635c6775795c615c6669722e706e67
671	635c6775795c615c736d6f2e706e67
672	635c6775795c615c7370612e706e67
673	635c6775795c6765692e706e67
674	635c6775795c676569322e706e67
675	635c6775795c676569332e706e67
676	635c6775795c6773692e706e67
677	635c6775795c677369322e706e67
678	635c6775795c677369332e706e67
679	635c6775795c677369342e706e67
680	635c6775795c6775792e706e67
681	635c6775795c677579322e706e67
682	635c6775795c677579332e706e67
683	635c6775795c677579342e706e67
684	635c68616b5c615c6d69722e706e67
685	635c68616b5c615c6d6972322e706e67
686	635c68616b5c615c746f722e706e67
687	635c68616b5c68616b2e706e67
688	635c68616e5c615c737465312e706e67
689	635c68616e5c68616e312e706e67
690	635c68616e5c68616e322e706e67
691	635c68616e5c68616e332e706e67
692	635c68616e5c736d6f312e706e67
693	635c6861735c615c61746b2e706e67
694	635c6861735c615c61746b322e706e67
695	635c6861735c615c61746b332e706e67
696	635c6861735c615c666c6f2e706e67
697	635c6861735c615c6761742e706e67
698	635c6861735c615c70696c2e706e67
699	635c6861735c615c736d6f2e706e67
700	635c6861735c6861732e706e67
701	635c6861735c686173322e706e67
702	635c6861735c7361672e706e67
703	635c6861735c736167322e706e67
704	635c6861795c615c626c6f312e706e67
705	635c6861795c615c626c6f322e706e67
706	635c6861795c615c626c6f332e706e67
707	635c6861795c615c736c61312e706e67
708	635c6861795c615c736c61322e706e67
709	635c6861795c615c736c61332e706e67
710	635c6861795c615c736c61342e706e67
711	635c6861795c615c736c61352e706e67
712	635c6861795c615c736c61362e706e67
713	635c6861795c615c736c61372e706e67
714	635c6861795c615c736c61382e706e67
715	635c6861795c686179312e706e67
716	635c6861795c686179322e706e67
717	635c6861795c686179332e706e67
718	635c6861795c686179532e706e67
719	635c6861795c68617953322e706e67
720	635c6861795c68617953332e706e67
721	635c6869645c615c7265612e706e67
722	635c6869645c615c726561322e706e67
723	635c6869645c615c7363792e706e67
724	635c6869645c6869642e706e67
725	635c6869645c686964322e706e67
726	635c6869645c686964332e706e67
727	635c6869645c686964342e706e67
728	635c6869645c686964362e706e67
729	635c6869645c7265612e706e67
730	635c6869645c726561322e706e67
731	635c6869645c726561332e706e67
732	635c6869645c726561342e706e67
733	635c6869645c726561362e706e67
734	635c68696e5c615c617265312e706e67
735	635c68696e5c615c617265322e706e67
736	635c68696e5c615c617265332e706e67
737	635c68696e5c615c617265342e706e67
738	635c68696e5c615c68696e6368612e706e67
739	635c68696e5c615c77696e61746b312e706e67
740	635c68696e5c615c77696e642e706e67
741	635c68696e5c68656176792e706e67
742	635c68696e5c68696e2e706e67
743	635c68696e5c68696e31312e706e67
744	635c68696e5c68696e31322e706e67
745	635c68696e5c68696e322e706e67
746	635c68696e5c68696e382e706e67
747	635c68696e5c68696e61746170756e63682e706e67
748	635c68696e5c68696e61746170756e6368322e706e67
749	635c68696e5c77696e61746b312e706e67
750	635c6869725c615c61746b2e706e67
751	635c6869725c6869722e706e67
752	635c6974615c615c63726f2e706e67
753	635c6974615c615c63726f322e706e67
754	635c6974615c615c63726f332e706e67
755	635c6974615c615c63726f342e706e67
756	635c6974615c615c63726f352e706e67
757	635c6974615c615c63726f362e706e67
758	635c6974615c615c63726f372e706e67
759	635c6974615c615c63726f382e706e67
760	635c6974615c615c63726f392e706e67
761	635c6974615c615c6974612e706e67
762	635c6974615c615c7761742e706e67
763	635c6974615c6974612e706e67
764	635c6974615c697461322e706e67
765	635c6a6972615c615c666972312e706e67
766	635c6a6972615c615c666972322e706e67
767	635c6a6972615c615c666972332e706e67
768	635c6a6972615c615c666972342e706e67
769	635c6a6972615c615c666972352e706e67
770	635c6a6972615c615c6d61672e706e67
771	635c6a6972615c615c6d6167322e706e67
772	635c6a6972615c615c6d6167332e706e67
773	635c6a6972615c615c7261732e706e67
774	635c6a6972615c615c726173322e706e67
775	635c6a6972615c615c746f61642e706e67
776	635c6a6972615c615c746f6164322e706e67
777	635c6a6972615c615c746f6164332e706e67
778	635c6a6972615c615c746f6164342e706e67
779	635c6a6972615c6a6972612e706e67
780	635c6a6972615c6a697261332e706e67
781	635c6a6972615c6a697261352e706e67
782	635c6a6972615c6a697261362e706e67
783	635c6a6972615c6a697261372e706e67
784	635c6a6972615c7072652e706e67
785	635c6a6972615c707265312e706e67
786	635c6a6972615c7361672e706e67
787	635c6a6972615c736167312e706e67
788	635c6a6972615c736167322e706e67
789	635c6a6972615c736167332e706e67
790	635c6a6972615c736167342e706e67
791	635c6a69726f5c615c6361762e706e67
792	635c6a69726f5c615c636176322e706e67
793	635c6a69726f5c615c676f6c2e706e67
794	635c6a69726f5c676f6c322e706e67
795	635c6a69726f5c676f6c332e706e67
796	635c6a69726f5c6a69726f2e706e67
797	635c6a69726f5c6a69726f312e706e67
798	635c6a69726f5c6a69726f322e706e67
799	635c6a69726f5c6a69726f332e706e67
800	635c6a75675c615c70616f312e706e67
801	635c6a75675c615c70616f322e706e67
802	635c6a75675c615c70616f332e706e67
803	635c6a75675c615c70616f342e706e67
804	635c6a75675c615c70616f352e706e67
805	635c6a75675c6a75676f2e706e67
806	635c6a75675c6a75676f4353322e706e67
807	635c6a75675c6a75676f4353325f30312e706e67
808	635c6a75675c6a75676f4353325f30322e706e67
809	635c6a75675c6a75676f5f30312e706e67
810	635c6a75675c6a75676f5f30322e706e67
811	635c6b61625c615c61746b2e706e67
812	635c6b61625c615c736e612e706e67
813	635c6b61625c6b61622e706e67
814	635c6b61625c747375727567692e706e67
815	635c6b61625c796f726f692e706e67
816	635c6b616b615c615c636861322e706e67
817	635c6b616b615c615c636c6f2e706e67
818	635c6b616b615c615c7261692e706e67
819	635c6b616b615c615c726169322e706e67
820	635c6b616b615c615c726169332e706e67
821	635c6b616b615c615c77616c6c2e706e67
822	635c6b616b615c6b616b612e706e67
823	635c6b616b615c70616b2e706e67
824	635c6b616b755c52654b61312e706e67
825	635c6b616b755c52654b61322e706e67
826	635c6b616b755c55436b616b312e706e67
827	635c6b616b755c55436b616b322e706e67
828	635c6b616b755c55436b616b332e706e67
829	635c6b616b755c615c6169722e706e67
830	635c6b616b755c615c6669722e706e67
831	635c6b616b755c615c6b61742e706e67
832	635c6b616b755c615c6e636b322e706e67
833	635c6b616b755c615c6e636b332e706e67
834	635c6b616b755c6b616b756e2e706e67
835	635c6b616b755c6b616b756e322e706e67
836	635c6b616b755c6d61736b616972312e706e67
837	635c6b616b755c6d61736b616972322e706e67
838	635c6b616b755c6d61736b666972312e706e67
839	635c6b616b755c6d61736b666972322e706e67
840	635c6b616b755c6d61736b746875312e706e67
841	635c6b616b755c6d61736b746875322e706e67
842	635c6b616b755c6d61736b776174312e706e67
843	635c6b616b755c6d61736b776174322e706e67
844	635c6b616b755c74322e706e67
845	635c6b616e5c615c6b61722e706e67
846	635c6b616e5c615c6b6172322e706e67
847	635c6b616e5c615c6b6172332e706e67
848	635c6b616e5c615c73616e2e706e67
849	635c6b616e5c615c73616e322e706e67
850	635c6b616e5c6b616e2e706e67
851	635c6b616e5c6b616e322e706e67
852	635c6b616e5c6b616e332e706e67
853	635c6b61725c615c636861302e706e67
854	635c6b61725c615c636861312e706e67
855	635c6b61725c615c636861322e706e67
856	635c6b61725c615c636861332e706e67
857	635c6b61725c615c636861342e706e67
858	635c6b61725c615c6a75672e706e67
859	635c6b61725c615c7361732e706e67
860	635c6b61725c615c7375692e706e67
861	635c6b61725c6b61722e706e67
862	635c6b61725c6b6172322e706e67
863	635c6b61725c6b6172332e706e67
864	635c6b61725c6b6172362e706e67
865	635c6b69625c615c616b612e706e67
866	635c6b69625c615c616b61322e706e67
867	635c6b69625c615c616b61332e706e67
868	635c6b69625c6b69622e706e67
869	635c6b69625c6b6962322e706e67
870	635c6b69645c615c6b796f2e706e67
871	635c6b69645c615c737061726b2e706e67
872	635c6b69645c615c7370692e706e67
873	635c6b69645c615c737069322e706e67
874	635c6b69645c615c7370696465722e706e67
875	635c6b69645c615c747261702e706e67
876	635c6b69645c615c7765622e706e67
877	635c6b69645c6b69642e706e67
878	635c6b69645c6b6964322e706e67
879	635c6b69645c6b6964332e706e67
880	635c6b69645c6b6964342e706e67
881	635c6b696d5c615c626f6e2e706e67
882	635c6b696d5c615c626f6e322e706e67
883	635c6b696d5c6b696d2e706e67
884	635c6b696d5c6b696d322e706e67
885	635c6b696d5c6b696d332e706e67
886	635c6b696d5c6b696d342e706e67
887	635c6b696d5c6b696d352e706e67
888	635c6b696d5c6b696d362e706e67
889	635c6b69735c615c7368612e706e67
890	635c6b69735c615c736861322e706e67
891	635c6b69735c615c7761742e706e67
892	635c6b69735c615c776174312e706e67
893	635c6b69735c615c776174322e706e67
894	635c6b69735c615c776174332e706e67
895	635c6b69735c615c7761762e706e67
896	635c6b69735c6b69732e706e67
897	635c6b69735c6b6973322e706e67
898	635c6b69735c6e636b2e706e67
899	635c6b69735c6e636b322e706e67
900	635c6b69735c73616d2e706e67
901	635c6b6f6e5c615c6368612e706e67
902	635c6b6f6e5c615c7061702e706e67
903	635c6b6f6e5c615c706170322e706e67
904	635c6b6f6e5c615c706170342e706e67
905	635c6b6f6e5c615c706170362e706e67
906	635c6b6f6e5c615c736869656c642e706e67
907	635c6b6f6e5c616e67322e706e67
908	635c6b6f6e5c616e67332e706e67
909	635c6b6f6e5c616e67342e706e67
910	635c6b6f6e5c6372612e706e67
911	635c6b6f6e5c6b6f6e2e706e67
912	635c6b6f6e5c6b6f6e312e706e67
913	635c6b6f6e5c6b6f6e322e706e67
914	635c6c65655c615c6c65652e706e67
915	635c6c65655c615c6c6565322e706e67
916	635c6c65655c615c6c6565332e706e67
917	635c6c65655c615c6c6565342e706e67
918	635c6c65655c6c65652e706e67
919	635c6c65655c6c6565332e706e67
920	635c6d696e5c615c61746b2e706e67
921	635c6d696e5c615c666c612e706e67
922	635c6d696e5c615c6b636d2e706e67
923	635c6d696e5c615c6b756e2e706e67
924	635c6d696e5c6b636d2e706e67
925	635c6d696e5c6d696e2e706e67
926	635c6d696e5c6d696e322e706e67
927	635c6d696e5c7361672e706e67
928	635c6d696e5c736167322e706e67
929	635c6d697a5c615c67656e2e706e67
930	635c6d697a5c615c67656e322e706e67
931	635c6d697a5c615c67656e332e706e67
932	635c6d697a5c615c67656e342e706e67
933	635c6d697a5c615c7075702e706e67
934	635c6d697a5c615c736875722e706e67
935	635c6d697a5c6373322e706e67
936	635c6d697a5c6d697a2e706e67
937	635c6e61725c34746b2e706e67
938	635c6e61725c615c34746b2e706e67
939	635c6e61725c615c34746b322e706e67
940	635c6e61725c615c34746b332e706e67
941	635c6e61725c615c34746b342e706e67
942	635c6e61725c615c61746b2e706e67
943	635c6e61725c615c61746b322e706e67
944	635c6e61725c615c61746b332e706e67
945	635c6e61725c615c6368612e706e67
946	635c6e61725c615c67616e2e706e67
947	635c6e61725c615c67616e322e706e67
948	635c6e61725c615c6b79752e706e67
949	635c6e61725c615c6b7975752e706e67
950	635c6e61725c615c7261732e706e67
951	635c6e61725c66726f2e706e67
952	635c6e61725c6b79752e706e67
953	635c6e61725c6b7975752e706e67
954	635c6e61725c6e61722e706e67
955	635c6e61725c6e636c2e706e67
956	635c6e61725c6e636c322e706e67
957	635c6e61725c736e612e706e67
958	635c6e656a5c615c3132382e706e67
959	635c6e656a5c615c36342e706e67
960	635c6e656a5c615c6172652e706e67
961	635c6e656a5c615c617265312e706e67
962	635c6e656a5c615c617265322e706e67
963	635c6e656a5c615c617265332e706e67
964	635c6e656a5c615c617265612e706e67
965	635c6e656a5c6e656a2e706e67
966	635c6f726f5c31322e706e67
967	635c6f726f5c615c61746b2e706e67
968	635c6f726f5c615c61746b322e706e67
969	635c6f726f5c615c65646f2e706e67
970	635c6f726f5c615c6761742e706e67
971	635c6f726f5c615c6d616e2e706e67
972	635c6f726f5c615c6f726f2e706e67
973	635c6f726f5c6f726f2e706e67
974	635c6f726f5c6f726f332e706e67
975	635c6f726f5c6f726f342e706e67
976	635c7061695c615c6162732e706e67
977	635c7061695c615c6368612e706e67
978	635c7061695c615c636869312e706e67
979	635c7061695c615c636869322e706e67
980	635c7061695c615c636869332e706e67
981	635c7061695c615c636869342e706e67
982	635c7061695c615c636f6d626f2e706e67
983	635c7061695c615c6372612e706e67
984	635c7061695c615c6f782e706e67
985	635c7061695c615c70616e2e706e67
986	635c7061695c615c7268692e706e67
987	635c7061695c615c72696e2e706e67
988	635c7061695c615c736869312e706e67
989	635c7061695c615c736869322e706e67
990	635c7061695c615c736869332e706e67
991	635c7061695c615c7371752e706e67
992	635c7061695c615c73756d2e706e67
993	635c7061695c615c73756d322e706e67
994	635c7061695c615c7761742e706e67
995	635c7061695c7061692e706e67
996	635c7061695c706169642e706e67
997	635c7261695c615c726169312e706e67
998	635c7261695c615c726169322e706e67
999	635c7261695c615c726169332e706e67
1000	635c7261695c615c726169342e706e67
1001	635c7261695c615c726169352e706e67
1002	635c7261695c615c726169362e706e67
1003	635c7261695c615c726169372e706e67
1004	635c7261695c615c726169382e706e67
1005	635c7261695c7261692e706e67
1006	635c7261695c726169542e706e67
1007	635c7261695c72616954312e706e67
1008	635c7261695c7261695f312e706e67
1009	635c7261695c7261695f322e706e67
1010	635c7361695c615c6472612e706e67
1011	635c7361695c615c676f642e706e67
1012	635c7361695c615c676f64732e706e67
1013	635c7361695c615c696e6b2e706e67
1014	635c7361695c615c696e6b322e706e67
1015	635c7361695c7361692e706e67
1016	635c7361695c736169322e706e67
1017	635c73616b6f5c615c6761742e706e67
1018	635c73616b6f5c73616b6f2e706e67
1019	635c73616b6f5c73616b6f312e706e67
1020	635c73616b6f5c756b6f2e706e67
1021	635c73616b6f5c756b6f312e706e67
1022	635c73616b755c615c736e61322e706e67
1023	635c73616b755c615c736e61332e706e67
1024	635c73616b755c726167652e706e67
1025	635c73616b755c72616765322e706e67
1026	635c73616b755c72616765332e706e67
1027	635c73616b755c73616b752e706e67
1028	635c73616b755c73616b75322e706e67
1029	635c73616b755c73616b75332e706e67
1030	635c7361736f5c4873612e706e67
1031	635c7361736f5c487361322e706e67
1032	635c7361736f5c487361332e706e67
1033	635c7361736f5c615c69726f2e706e67
1034	635c7361736f5c615c69726f322e706e67
1035	635c7361736f5c615c69726f342e706e67
1036	635c7361736f5c615c7075702e706e67
1037	635c7361736f5c615c707570312e706e67
1038	635c7361736f5c615c707570322e706e67
1039	635c7361736f5c615c707570332e706e67
1040	635c7361736f5c6e63732e706e67
1041	635c7361736f5c7075702e706e67
1042	635c7361736f5c707570322e706e67
1043	635c7361736f5c7361736f2e706e67
1044	635c736173755c615c4b6972696e2e706e67
1045	635c736173755c615c6368692e706e67
1046	635c736173755c615c636869322e706e67
1047	635c736173755c615c636869332e706e67
1048	635c736173755c615c636869342e706e67
1049	635c736173755c615c67656e2e706e67
1050	635c736173755c615c6b61742e706e67
1051	635c736173755c615c6b69722e706e67
1052	635c736173755c615c6d73732e706e67
1053	635c736173755c615c7175692e706e67
1054	635c736173755c615c7261692e706e67
1055	635c736173755c615c736e612e706e67
1056	635c736173755c615c73776f2e706e67
1057	635c736173755c6373322e706e67
1058	635c736173755c637332322e706e67
1059	635c736173755c6d73732e706e67
1060	635c736173755c6d7373332e706e67
1061	635c736173755c736173752e706e67
1062	635c736173755c73617375322e706e67
1063	635c736173755c73617375332e706e67
1064	635c736173755c7375732e706e67
1065	635c7368696b5c615c7368612e706e67
1066	635c7368696b5c615c736861312e706e67
1067	635c7368696b5c615c736861322e706e67
1068	635c7368696b5c7368696b2e706e67
1069	635c7368696b5c7368696b322e706e67
1070	635c7368696e6f5c615c6275672e706e67
1071	635c7368696e6f5c615c627567322e706e67
1072	635c7368696e6f5c7368696e6f2e706e67
1073	635c7368696e6f5c775c65312e776176
1074	635c736869735c615c67656e312e706e67
1075	635c736869735c615c67656e322e706e67
1076	635c736869735c615c67656e332e706e67
1077	635c736869735c615c67656e342e706e67
1078	635c736869735c73686973312e706e67
1079	635c736869735c73686973322e706e67
1080	635c736869735c73686973332e706e67
1081	635c7375695c615c61746b312e706e67
1082	635c7375695c615c61746b322e706e67
1083	635c7375695c615c61746b332e706e67
1084	635c7375695c615c73706c61342e706e67
1085	635c7375695c615c73706c61352e706e67
1086	635c7375695c615c73706c61362e706e67
1087	635c7375695c737569312e706e67
1088	635c7375695c737569322e706e67
1089	635c7375695c737569332e706e67
1090	635c7461795c615c6269742e706e67
1091	635c7461795c615c6d6f6e2e706e67
1092	635c7461795c615c6d6f6e322e706e67
1093	635c7461795c615c7661702e706e67
1094	635c7461795c617572322e706e67
1095	635c7461795c617572342e706e67
1096	635c7461795c7461792e706e67
1097	635c7461795c746179312e706e67
1098	635c74656d5c615c74336d2e706e67
1099	635c74656d5c615c74656d2e706e67
1100	635c74656d5c615c77696e64322e706e67
1101	635c74656d5c615c77696e64332e706e67
1102	635c74656d5c74656d2e706e67
1103	635c74656e5c615c61726d612e706e67
1104	635c74656e5c615c74656e2e706e67
1105	635c74656e5c615c74656e312e706e67
1106	635c74656e5c615c776570732e706e67
1107	635c74656e5c62617368322e706e67
1108	635c74656e5c626c6164652e706e67
1109	635c74656e5c706f6c65322e706e67
1110	635c74656e5c73776f726473322e706e67
1111	635c74656e5c74656e2e706e67
1112	635c74656e5c74656e322e706e67
1113	635c74656e5c74656e332e706e67
1114	635c74656e5c74656e342e706e67
1115	635c746f62695c615c666f782e706e67
1116	635c746f62695c615c6b61742e706e67
1117	635c746f62695c746f62692e706e67
1118	635c746f62695c74746f62692e706e67
1119	635c746f6269725c615c342e706e67
1120	635c746f6269725c615c7761742e706e67
1121	635c746f6269725c615c776174322e706e67
1122	635c746f6269725c615c776174332e706e67
1123	635c746f6269725c615c776174342e706e67
1124	635c746f6269725c746f6269722e706e67
1125	635c746f6269725c746f626972322e706e67
1126	635c746f6269725c746f626972332e706e67
1127	635c7473755c7473752e706e67
1128	635c7961675c615c647261312e706e67
1129	635c7961675c615c6d6972312e706e67
1130	635c7961675c615c6d6972322e706e67
1131	635c7961675c615c6d6972332e706e67
1132	635c7961675c615c6d6972342e706e67
1133	635c7961675c615c6d6972352e706e67
1134	635c7961675c796167312e706e67
1135	635c7961675c796167322e706e67
1136	635c7961675c796167332e706e67
1137	635c79616d5c615c7374692e706e67
1138	635c79616d5c615c7472652e706e67
1139	635c79616d5c615c747265312e706e67
1140	635c79616d5c615c776f6f2e706e67
1141	635c79616d5c79616d2e706e67
1142	635c79616d5c79616d322e706e67
1143	635c79616d5c79616d332e706e67
1144	635c79616d5c79616d342e706e67
1145	635c79616d5c79616d352e706e67
1146	635c79616d5c79636c2e706e67
1147	635c7a61625c615c64656d2e706e67
1148	635c7a61625c615c64656d322e706e67
1149	635c7a61625c615c647261312e706e67
1150	635c7a61625c615c647261322e706e67
1151	635c7a61625c615c647261332e706e67
1152	635c7a61625c615c736c6173682e706e67
1153	635c7a61625c615c7a6162322e706e67
1154	635c7a61625c615c7a6162342e706e67
1155	635c7a61625c64656d312e706e67
1156	635c7a61625c7a6162312e706e67
1157	637573746f6d5c3167656e6d615c615c626967647261676f6e2e706e67
1158	637573746f6d5c3167656e6d615c615c6b61746f6e2e706e67
1159	637573746f6d5c3167656e6d615c615c73687572696b656e2e706e67
1160	637573746f6d5c3167656e6d615c615c736d616c6c647261676f6e2e706e67
1161	637573746f6d5c3167656e6d615c615c77696e642e706e67
1162	637573746f6d5c3167656e6d615c67656e6d612e706e67
1163	637573746f6d5c3167656e6d615c67656e6d615f662e706e67
1164	637573746f6d5c3167656e6d615c67656e6d615f732e706e67
1165	637573746f6d5c3167656e6d615c67656e6d615f73622e706e67
1166	637573746f6d5c3167656e6d615c67656e6d61636c6f6e655f732e706e67
1167	637573746f6d5c3167656e6d615c67656e6d61636c6f6e655f73622e706e67
1168	646174615c302e776176
1169	646174615c3030312e776176
1170	646174615c3030322e776176
1171	646174615c3030332e776176
1172	646174615c3030372e776176
1173	646174615c3031302e776176
1174	646174615c3031372e776176
1175	646174615c3032302e776176
1176	646174615c3032312e776176
1177	646174615c3032352e776176
1178	646174615c3032372e776176
1179	646174615c3033332e776176
1180	646174615c3033342e776176
1181	646174615c3033352e776176
1182	646174615c3033362e776176
1183	646174615c3033372e776176
1184	646174615c3033382e776176
1185	646174615c3034302e776176
1186	646174615c3034312e776176
1187	646174615c3036382e776176
1188	646174615c3037392e776176
1189	646174615c3038342e776176
1190	646174615c3130332e776176
1191	646174615c62726f6b656e2e706e67
1192	646174615c6574632e706e67
1193	646174615c706978656c2e706e67
1194	6d5c6875675c6875672e706e67
1195	6d5c6875675c687567322e706e67
1196	6d5c6875675c687567332e706e67
1197	6d5c6875675c70756e2e706e67
1198	6d5c6875675c70756e322e706e67
1199	6d5c6875675c70756e332e706e67
1200	6d5c6e696e5c68756e2e706e67
1201	6d5c6e696e5c6e696e2e706e67
1202	6d5c6e696e5c6e696e322e706e67
1203	6d5c6e696e5c6e696e332e706e67
1204	6d5c73616e5c73616e2e706e67
1205	6d5c73616e5c73616e322e706e67
1206	6d5c7465755c7465752e706e67
1207	6d5c746f6e5c746f6e2e706e67
1208	735c305c302e706e67
1209	735c305c636972636c652e706e67
1210	735c305c64302e706e67
1211	735c305c6972752e706e67
1212	735c305c6972755f662e706e67
1213	735c305c6972755f732e706e67
1214	735c305c6c617365722e706e67
1215	735c305c72616d2e706e67
1216	735c305c7363726f6c6c2e706e67
1217	735c305c7472652e706e67
1218	735c315c312e706e67
1219	735c315c64312e706e67
1220	735c325c322e706e67
1221	735c325c64322e706e67
1222	735c325c6e6373322e706e67
1223	735c335c332e706e67
1224	735c335c64332e706e67
1225	735c335c6b2e706e67
1226	735c335c7472652e706e67
1227	735c345c342e706e67
1228	735c345c636972636c652e706e67
1229	735c345c64342e706e67
1230	735c355c35702e706e67
1231	735c355c64352e706e67
1232	735c535c532e706e67
1233	735c535c64532e706e67
1234	735c632e706e67
1235	7370726974655c666163655c34745f6b797562695f662e706e67
1236	7370726974655c666163655c616e6b6f5f662e706e67
1237	7370726974655c666163655c6173756d615f662e706e67
1238	7370726974655c666163655c636869796f5f662e706e67
1239	7370726974655c666163655c64616e7a6f5f662e706e67
1240	7370726974655c666163655c64616e7a6f5f756e6c6561736865645f662e706e67
1241	7370726974655c666163655c646569646172615f662e706e67
1242	7370726974655c666163655c666f757274687261696b6167655f662e706e67
1243	7370726974655c666163655c67616172615f662e706e67
1244	7370726974655c666163655c677572656e5f662e706e67
1245	7370726974655c666163655c6775795f662e706e67
1246	7370726974655c666163655c68616b755f662e706e67
1247	7370726974655c666163655c68616e5f662e706e67
1248	7370726974655c666163655c686173686972616d615f662e706e67
1249	7370726974655c666163655c686173686972616d61736d5f662e706e67
1250	7370726974655c666163655c6861796174655f662e706e67
1251	7370726974655c666163655c686964616e5f662e706e67
1252	7370726974655c666163655c68696e6174615f662e706e67
1253	7370726974655c666163655c686972756b6f5f662e706e67
1254	7370726974655c666163655c686972757a656e5f662e706e67
1255	7370726974655c666163655c687567655f6e696e325f662e706e67
1256	7370726974655c666163655c687567655f6e696e335f662e706e67
1257	7370726974655c666163655c687567655f6e696e5f662e706e67
1258	7370726974655c666163655c68756e7465725f662e706e67
1259	7370726974655c666163655c6974616368695f662e706e67
1260	7370726974655c666163655c6a6972616979615f662e706e67
1261	7370726974655c666163655c6a697261697961736d5f662e706e67
1262	7370726974655c666163655c6a69726f75626f755f6373325f662e706e67
1263	7370726974655c666163655c6a69726f75626f755f662e706e67
1264	7370726974655c666163655c6a75676f5f6373325f662e706e67
1265	7370726974655c666163655c6a75676f5f662e706e67
1266	7370726974655c666163655c6b616275746f5f662e706e67
1267	7370726974655c666163655c6b616b617368695f662e706e67
1268	7370726974655c666163655c6b616b757a755f662e706e67
1269	7370726974655c666163655c6b616e6b75726f5f662e706e67
1270	7370726974655c666163655c6b6172696e5f662e706e67
1271	7370726974655c666163655c6b6962615f662e706e67
1272	7370726974655c666163655c6b69646f6d6172755f6373325f662e706e67
1273	7370726974655c666163655c6b69646f6d6172755f662e706e67
1274	7370726974655c666163655c6b696c6c65726265655f662e706e67
1275	7370726974655c666163655c6b696d696d61726f5f6373325f662e706e67
1276	7370726974655c666163655c6b696d696d61726f5f662e706e67
1277	7370726974655c666163655c6b6973616d655f662e706e67
1278	7370726974655c666163655c6b6f6e616e5f662e706e67
1279	7370726974655c666163655c6b797562695f662e706e67
1280	7370726974655c666163655c6c65655f662e706e67
1281	7370726974655c666163655c6d696e61746f5f662e706e67
1282	7370726974655c666163655c6d696e61746f6b636d5f662e706e67
1283	7370726974655c666163655c6d697a756b695f6373325f662e706e67
1284	7370726974655c666163655c6d697a756b695f662e706e67
1285	7370726974655c666163655c6d736173756b65315f662e706e67
1286	7370726974655c666163655c6d736173756b655f662e706e67
1287	7370726974655c666163655c6e617275746f5f662e706e67
1288	7370726974655c666163655c6e63646569646172615f662e706e67
1289	7370726974655c666163655c6e636b616b757a755f662e706e67
1290	7370726974655c666163655c6e636b6973616d655f662e706e67
1291	7370726974655c666163655c6e656a695f662e706e67
1292	7370726974655c666163655c6f726f6368696d6172755f662e706e67
1293	7370726974655c666163655c7061696e5f662e706e67
1294	7370726974655c666163655c7061696e745f662e706e67
1295	7370726974655c666163655c7069675f662e706e67
1296	7370726974655c666163655c7075707065745f662e706e67
1297	7370726974655c666163655c7265617065725f662e706e67
1298	7370726974655c666163655c7361695f662e706e67
1299	7370726974655c666163655c73616b6f6e5f6373325f662e706e67
1300	7370726974655c666163655c73616b6f6e5f662e706e67
1301	7370726974655c666163655c73616b7572615f662e706e67
1302	7370726974655c666163655c73616b75726163725f662e706e67
1303	7370726974655c666163655c73616b7572616e5f662e706e67
1304	7370726974655c666163655c73616e645f662e706e67
1305	7370726974655c666163655c7361736f72695f662e706e67
1306	7370726974655c666163655c7361736f72695f7075707065745f662e706e67
1307	7370726974655c666163655c736173756b655f6373325f662e706e67
1308	7370726974655c666163655c736173756b655f662e706e67
1309	7370726974655c666163655c73666b6973616d655f662e706e67
1310	7370726974655c666163655c7368696b616d6172755f662e706e67
1311	7370726974655c666163655c7368696e6f5f662e706e67
1312	7370726974655c666163655c7368697375695f662e706e67
1313	7370726974655c666163655c736e617275746f5f662e706e67
1314	7370726974655c666163655c736f756e645f6e696e325f662e706e67
1315	7370726974655c666163655c736f756e645f6e696e5f662e706e67
1316	7370726974655c666163655c73756967657473755f662e706e67
1317	7370726974655c666163655c7461797579615f6373325f662e706e67
1318	7370726974655c666163655c7461797579615f662e706e67
1319	7370726974655c666163655c74656d6172695f662e706e67
1320	7370726974655c666163655c74656e5f74656e5f662e706e67
1321	7370726974655c666163655c7465756368695f662e706e67
1322	7370726974655c666163655c746f62695f662e706e67
1323	7370726974655c666163655c746f626972616d615f662e706e67
1324	7370726974655c666163655c7473756e6164655f662e706e67
1325	7370726974655c666163655c7961677572615f662e706e67
1326	7370726974655c666163655c79616d61746f5f662e706e67
1327	7370726974655c666163655c79656c6c6f775f746f62695f662e706e67
1328	7370726974655c666163655c7a6162757a615f662e706e67
1329	7370726974655c736d616c6c5c305f732e706e67
1330	7370726974655c736d616c6c5c34745f6b797562695f732e706e67
1331	7370726974655c736d616c6c5c487361736f72695f732e706e67
1332	7370726974655c736d616c6c5c5368697375695f732e706e67
1333	7370726974655c736d616c6c5c616e6b6f5f732e706e67
1334	7370726974655c736d616c6c5c6173756d615f732e706e67
1335	7370726974655c736d616c6c5c6265655f732e706e67
1336	7370726974655c736d616c6c5c636869796f5f732e706e67
1337	7370726974655c736d616c6c5c6373325f732e706e67
1338	7370726974655c736d616c6c5c64616e5f732e706e67
1339	7370726974655c736d616c6c5c64616e725f732e706e67
1340	7370726974655c736d616c6c5c64656964617261556e5f732e706e67
1341	7370726974655c736d616c6c5c646569646172615f732e706e67
1342	7370726974655c736d616c6c5c67616172615f732e706e67
1343	7370726974655c736d616c6c5c677572656e5f732e706e67
1344	7370726974655c736d616c6c5c6775795f732e706e67
1345	7370726974655c736d616c6c5c68616b755f732e706e67
1346	7370726974655c736d616c6c5c68616e5f732e706e67
1347	7370726974655c736d616c6c5c686173686972616d61536167655f732e706e67
1348	7370726974655c736d616c6c5c686173686972616d615f732e706e67
1349	7370726974655c736d616c6c5c6861795f732e706e67
1350	7370726974655c736d616c6c5c686964616e5f732e706e67
1351	7370726974655c736d616c6c5c68696e6174615f732e706e67
1352	7370726974655c736d616c6c5c686972757a656e5f732e706e67
1353	7370726974655c736d616c6c5c687567655f6e696e325f732e706e67
1354	7370726974655c736d616c6c5c687567655f6e696e335f732e706e67
1355	7370726974655c736d616c6c5c687567655f6e696e5f732e706e67
1356	7370726974655c736d616c6c5c68756e7465725f732e706e67
1357	7370726974655c736d616c6c5c6974616368695f732e706e67
1358	7370726974655c736d616c6c5c6a6972615f5361675f732e706e67
1359	7370726974655c736d616c6c5c6a6972616979615f732e706e67
1360	7370726974655c736d616c6c5c6a69726f75626f75315f732e706e67
1361	7370726974655c736d616c6c5c6a69726f75626f755f732e706e67
1362	7370726974655c736d616c6c5c6a75676f4353325f732e706e67
1363	7370726974655c736d616c6c5c6a75676f5f732e706e67
1364	7370726974655c736d616c6c5c6b616275746f5f732e706e67
1365	7370726974655c736d616c6c5c6b616b617368695f732e706e67
1366	7370726974655c736d616c6c5c6b616b757a75556e5f532e706e67
1367	7370726974655c736d616c6c5c6b616b757a755f732e706e67
1368	7370726974655c736d616c6c5c6b616e6b75726f5f732e706e67
1369	7370726974655c736d616c6c5c6b6172696e5f732e706e67
1370	7370726974655c736d616c6c5c6b6962615f732e706e67
1371	7370726974655c736d616c6c5c6b69646f6d617275315f732e706e67
1372	7370726974655c736d616c6c5c6b69646f6d6172755f732e706e67
1373	7370726974655c736d616c6c5c6b696d696d61726f5f732e706e67
1374	7370726974655c736d616c6c5c6b696d696d61726f6373325f732e706e67
1375	7370726974655c736d616c6c5c6b6973616d6553616d5f732e706e67
1376	7370726974655c736d616c6c5c6b6973616d65556e5f732e706e67
1377	7370726974655c736d616c6c5c6b6973616d655f732e706e67
1378	7370726974655c736d616c6c5c6b6f6e616e5f732e706e67
1379	7370726974655c736d616c6c5c6b797562695f732e706e67
1380	7370726974655c736d616c6c5c6d696e61746f4b434d5f732e706e67
1381	7370726974655c736d616c6c5c6d696e61746f536167655f732e706e67
1382	7370726974655c736d616c6c5c6d696e61746f5f732e706e67
1383	7370726974655c736d616c6c5c6d697a5f732e706e67
1384	7370726974655c736d616c6c5c6e617275746f5f732e706e67
1385	7370726974655c736d616c6c5c6e617275746f736167655f732e706e67
1386	7370726974655c736d616c6c5c6e63735f732e706e67
1387	7370726974655c736d616c6c5c6e656a695f732e706e67
1388	7370726974655c736d616c6c5c6f726f6368696d6172755f732e706e67
1389	7370726974655c736d616c6c5c7061696e5f732e706e67
1390	7370726974655c736d616c6c5c7061696e745f732e706e67
1391	7370726974655c736d616c6c5c7069675f732e706e67
1392	7370726974655c736d616c6c5c7075707065745f732e706e67
1393	7370726974655c736d616c6c5c7261695f732e706e67
1394	7370726974655c736d616c6c5c7265617065725f732e706e67
1395	7370726974655c736d616c6c5c726f636b5f6c65655f732e706e67
1396	7370726974655c736d616c6c5c7361695f732e706e67
1397	7370726974655c736d616c6c5c73616b6f6e315f732e706e67
1398	7370726974655c736d616c6c5c73616b6f6e5f732e706e67
1399	7370726974655c736d616c6c5c73616b75726143525f732e706e67
1400	7370726974655c736d616c6c5c73616b7572615f732e706e67
1401	7370726974655c736d616c6c5c73616b7572616e6f7468696e675f732e706e67
1402	7370726974655c736d616c6c5c73616e645f732e706e67
1403	7370726974655c736d616c6c5c7361736f72695f732e706e67
1404	7370726974655c736d616c6c5c736173756b654d53535f732e706e67
1405	7370726974655c736d616c6c5c736173756b654d535f732e706e67
1406	7370726974655c736d616c6c5c736173756b655f6373325f732e706e67
1407	7370726974655c736d616c6c5c736173756b655f732e706e67
1408	7370726974655c736d616c6c5c7368696b616d6172755f732e706e67
1409	7370726974655c736d616c6c5c7368696e6f5f732e706e67
1410	7370726974655c736d616c6c5c736f756e645f6e696e325f732e706e67
1411	7370726974655c736d616c6c5c736f756e645f6e696e5f732e706e67
1412	7370726974655c736d616c6c5c7375695f732e706e67
1413	7370726974655c736d616c6c5c73756b6f6e315f732e706e67
1414	7370726974655c736d616c6c5c73756b6f6e5f732e706e67
1415	7370726974655c736d616c6c5c746179757961315f732e706e67
1416	7370726974655c736d616c6c5c7461797579615f732e706e67
1417	7370726974655c736d616c6c5c74656d6172695f732e706e67
1418	7370726974655c736d616c6c5c74656e5f74656e5f732e706e67
1419	7370726974655c736d616c6c5c74656e5f74656e736167655f732e706e67
1420	7370726974655c736d616c6c5c7465756368695f732e706e67
1421	7370726974655c736d616c6c5c746f62695f732e706e67
1422	7370726974655c736d616c6c5c746f626972616d615f732e706e67
1423	7370726974655c736d616c6c5c7473756e6164655f732e706e67
1424	7370726974655c736d616c6c5c74746f62695f732e706e67
1425	7370726974655c736d616c6c5c756b6f6e315f732e706e67
1426	7370726974655c736d616c6c5c756b6f6e5f732e706e67
1427	7370726974655c736d616c6c5c7961677572615f732e706e67
1428	7370726974655c736d616c6c5c79616d61746f5f732e706e67
1429	7370726974655c736d616c6c5c7a6162757a615f732e706e67
1430	7370726974655c736d616c6c5c7a6162757a6164656d6f6e5f732e706e67
1431	7370726974655c736d616c6c625c34745f6b797562695f732e706e67
1432	7370726974655c736d616c6c625c487361736f72695f732e706e67
1433	7370726974655c736d616c6c625c5368697375695f732e706e67
1434	7370726974655c736d616c6c625c616e6b6f5f732e706e67
1435	7370726974655c736d616c6c625c6173756d615f732e706e67
1436	7370726974655c736d616c6c625c6265655f732e706e67
1437	7370726974655c736d616c6c625c636869796f5f732e706e67
1438	7370726974655c736d616c6c625c6373325f732e706e67
1439	7370726974655c736d616c6c625c64616e5f732e706e67
1440	7370726974655c736d616c6c625c64616e725f732e706e67
1441	7370726974655c736d616c6c625c64656964617261556e5f732e706e67
1442	7370726974655c736d616c6c625c646569646172615f732e706e67
1443	7370726974655c736d616c6c625c67616172615f732e706e67
1444	7370726974655c736d616c6c625c677572656e5f732e706e67
1445	7370726974655c736d616c6c625c6775795f732e706e67
1446	7370726974655c736d616c6c625c68616b755f732e706e67
1447	7370726974655c736d616c6c625c68616e5f732e706e67
1448	7370726974655c736d616c6c625c686173686972616d61536167655f732e706e67
1449	7370726974655c736d616c6c625c686173686972616d615f732e706e67
1450	7370726974655c736d616c6c625c6861795f732e706e67
1451	7370726974655c736d616c6c625c686964616e5f732e706e67
1452	7370726974655c736d616c6c625c68696e6174615f732e706e67
1453	7370726974655c736d616c6c625c686972757a656e5f732e706e67
1454	7370726974655c736d616c6c625c687567655f6e696e325f732e706e67
1455	7370726974655c736d616c6c625c687567655f6e696e335f732e706e67
1456	7370726974655c736d616c6c625c687567655f6e696e5f732e706e67
1457	7370726974655c736d616c6c625c68756e7465725f732e706e67
1458	7370726974655c736d616c6c625c6974616368695f732e706e67
1459	7370726974655c736d616c6c625c6a6972615f5361675f732e706e67
1460	7370726974655c736d616c6c625c6a6972616979615f732e706e67
1461	7370726974655c736d616c6c625c6a69726f75626f75315f732e706e67
1462	7370726974655c736d616c6c625c6a69726f75626f755f732e706e67
1463	7370726974655c736d616c6c625c6a75676f4353325f732e706e67
1464	7370726974655c736d616c6c625c6a75676f5f732e706e67
1465	7370726974655c736d616c6c625c6b616275746f5f732e706e67
1466	7370726974655c736d616c6c625c6b616b617368695f732e706e67
1467	7370726974655c736d616c6c625c6b616b757a75556e5f532e706e67
1468	7370726974655c736d616c6c625c6b616b757a755f732e706e67
1469	7370726974655c736d616c6c625c6b616e6b75726f5f732e706e67
1470	7370726974655c736d616c6c625c6b6172696e5f732e706e67
1471	7370726974655c736d616c6c625c6b6962615f732e706e67
1472	7370726974655c736d616c6c625c6b69646f6d617275315f732e706e67
1473	7370726974655c736d616c6c625c6b69646f6d6172755f732e706e67
1474	7370726974655c736d616c6c625c6b696d696d61726f5f732e706e67
1475	7370726974655c736d616c6c625c6b696d696d61726f6373325f732e706e67
1476	7370726974655c736d616c6c625c6b6973616d6553616d5f732e706e67
1477	7370726974655c736d616c6c625c6b6973616d65556e5f732e706e67
1478	7370726974655c736d616c6c625c6b6973616d655f732e706e67
1479	7370726974655c736d616c6c625c6b6f6e616e5f732e706e67
1480	7370726974655c736d616c6c625c6b797562695f732e706e67
1481	7370726974655c736d616c6c625c6d696e61746f4b434d5f732e706e67
1482	7370726974655c736d616c6c625c6d696e61746f536167655f732e706e67
1483	7370726974655c736d616c6c625c6d696e61746f5f732e706e67
1484	7370726974655c736d616c6c625c6d697a5f732e706e67
1485	7370726974655c736d616c6c625c6e617275746f5f732e706e67
1486	7370726974655c736d616c6c625c6e617275746f736167655f732e706e67
1487	7370726974655c736d616c6c625c6e63735f732e706e67
1488	7370726974655c736d616c6c625c6e656a695f732e706e67
1489	7370726974655c736d616c6c625c6f726f6368696d6172755f732e706e67
1490	7370726974655c736d616c6c625c7061696e5f732e706e67
1491	7370726974655c736d616c6c625c7061696e745f732e706e67
1492	7370726974655c736d616c6c625c7069675f732e706e67
1493	7370726974655c736d616c6c625c7075707065745f732e706e67
1494	7370726974655c736d616c6c625c7261695f732e706e67
1495	7370726974655c736d616c6c625c7265617065725f732e706e67
1496	7370726974655c736d616c6c625c726f636b5f6c65655f732e706e67
1497	7370726974655c736d616c6c625c7361695f732e706e67
1498	7370726974655c736d616c6c625c73616b6f6e315f732e706e67
1499	7370726974655c736d616c6c625c73616b6f6e5f732e706e67
1500	7370726974655c736d616c6c625c73616b75726143525f732e706e67
1501	7370726974655c736d616c6c625c73616b7572615f732e706e67
1502	7370726974655c736d616c6c625c73616b7572616e6f7468696e675f732e706e67
1503	7370726974655c736d616c6c625c73616e645f732e706e67
1504	7370726974655c736d616c6c625c7361736f72695f732e706e67
1505	7370726974655c736d616c6c625c736173756b654d53535f732e706e67
1506	7370726974655c736d616c6c625c736173756b654d535f732e706e67
1507	7370726974655c736d616c6c625c736173756b655f6373325f732e706e67
1508	7370726974655c736d616c6c625c736173756b655f732e706e67
1509	7370726974655c736d616c6c625c7368696b616d6172755f732e706e67
1510	7370726974655c736d616c6c625c7368696e6f5f732e706e67
1511	7370726974655c736d616c6c625c736f756e645f6e696e325f732e706e67
1512	7370726974655c736d616c6c625c736f756e645f6e696e5f732e706e67
1513	7370726974655c736d616c6c625c7370655f732e706e67
1514	7370726974655c736d616c6c625c7375695f732e706e67
1515	7370726974655c736d616c6c625c73756b6f6e315f732e706e67
1516	7370726974655c736d616c6c625c73756b6f6e5f732e706e67
1517	7370726974655c736d616c6c625c746179757961315f732e706e67
1518	7370726974655c736d616c6c625c7461797579615f732e706e67
1519	7370726974655c736d616c6c625c74656d6172695f732e706e67
1520	7370726974655c736d616c6c625c74656e5f74656e5f732e706e67
1521	7370726974655c736d616c6c625c74656e5f74656e736167655f732e706e67
1522	7370726974655c736d616c6c625c7465756368695f732e706e67
1523	7370726974655c736d616c6c625c746f62695f732e706e67
1524	7370726974655c736d616c6c625c746f626972616d615f732e706e67
1525	7370726974655c736d616c6c625c7473756e6164655f732e706e67
1526	7370726974655c736d616c6c625c74746f62695f732e706e67
1527	7370726974655c736d616c6c625c756b6f6e315f732e706e67
1528	7370726974655c736d616c6c625c756b6f6e5f732e706e67
1529	7370726974655c736d616c6c625c7961677572615f732e706e67
1530	7370726974655c736d616c6c625c79616d61746f5f732e706e67
1531	7370726974655c736d616c6c625c7a6162757a615f732e706e67
1532	7370726974655c736d616c6c625c7a6162757a6164656d6f6e5f732e706e67
1533	775c312e706e67
1534	775c322e706e67
1535	775c342e706e67
1536	775c352e706e67
1537	775c362e706e67
1538	775c392e706e67
1539	775c622e706e67
1540	775c652e706e67
1541	775c682e706e67
1542	775c68322e706e67
1543	775c6c2e706e67
1544	775c6e2e706e67
1545	775c7363722e706e67
1546	775c742e706e67
1547	775c782e706e67
